session_id,frame_index,label,source_frame_path,roi_path,roi_x1,roi_y1,roi_x2,roi_y2,image_sha256
session_20260709_192315,1,IDLE_CAST,assets/replay/sessions/session_20260709_192315/frames/000001.jpg,crops/session_20260709_192315/000001.png,940,36,1620,100,0a4267cb87925beb08666aab7af717ce635831e9bd9e057078d9ccfa601e2068
session_20260709_192315,2,IDLE_CAST,assets/replay/sessions/session_20260709_192315/frames/000002.jpg,crops/session_20260709_192315/000002.png,940,36,1620,100,07935cca0258b101ed03ebc5398c94ec34e5973d1f2edbc1d7a915e473becd5c
session_20260709_192315,3,IDLE_CAST,assets/replay/sessions/session_20260709_192315/frames/000003.jpg,crops/session_20260709_192315/000003.png,940,36,1620,100,01b41f14a947f04bed37334058d6602cbd2e709b83f2cd8a04c943fd89b8cf86
session_20260709_192315,4,IDLE_CAST,assets/replay/sessions/session_20260709_192315/frames/000004.jpg,crops/session_20260709_192315/000004.png,940,36,1620,100,61e67eed67c670d1be58f4ebc03e62c2dc417f0cf0df5434823e96939ae2af6b
session_20260709_192315,5,IDLE_CAST,assets/replay/sessions/session_20260709_192315/frames/000005.jpg,crops/session_20260709_192315/000005.png,940,36,1620,100,c46bd2d39f041950063bdbd9935ec22758eeafa53e0f4ecda639e7b5c201b40a
session_20260709_192315,6,IDLE_CAST,assets/replay/sessions/session_20260709_192315/frames/000006.jpg,crops/session_20260709_192315/000006.png,940,36,1620,100,866ba09d29e82745f354fad154bbd14a9d9c6c525dbc04bca9ab952ef58bb723
session_20260709_192315,7,IDLE_CAST,assets/replay/sessions/session_20260709_192315/frames/000007.jpg,crops/session_20260709_192315/000007.png,940,36,1620,100,395cd2a37d967c1381f21900ba41649c6c6d5479d20d3603ac68b4cf31a3d62d
session_20260709_192315,8,IDLE_CAST,assets/replay/sessions/session_20260709_192315/frames/000008.jpg,crops/session_20260709_192315/000008.png,940,36,1620,100,688cbb867d711309a3e45a644a9f9680a5f7931bd134b018e135ee6e30497fae
session_20260709_192315,9,IDLE_CAST,assets/replay/sessions/session_20260709_192315/frames/000009.jpg,crops/session_20260709_192315/000009.png,940,36,1620,100,41c00755f20e94b488dfbf6e25134cc4df8216aa867a1b9c864b5867c157296f
session_20260709_192315,10,IDLE_CAST,assets/replay/sessions/session_20260709_192315/frames/000010.jpg,crops/session_20260709_192315/000010.png,940,36,1620,100,b9417727158e3ee2464291dc3ebf7b6f4ef8f15077ee304d4675ffbbc9ecc503
session_20260709_192315,11,IDLE_CAST,assets/replay/sessions/session_20260709_192315/frames/000011.jpg,crops/session_20260709_192315/000011.png,940,36,1620,100,52b51fe76aaa8ec5d58f1d4ce30f75299975cf932721afd42c683d5a2fe68a77
session_20260709_192315,12,IDLE_CAST,assets/replay/sessions/session_20260709_192315/frames/000012.jpg,crops/session_20260709_192315/000012.png,940,36,1620,100,bc6d924f706445a931aa7d4d92c0e42b6365810c60fa82aaa3bf30b7f9ce7a68
session_20260709_192315,13,IDLE_CAST,assets/replay/sessions/session_20260709_192315/frames/000013.jpg,crops/session_20260709_192315/000013.png,940,36,1620,100,da826807efd271069f527dd6c51828512c8f91c2d61dd99fb9880ffe3c583516
session_20260709_192315,14,IDLE_CAST,assets/replay/sessions/session_20260709_192315/frames/000014.jpg,crops/session_20260709_192315/000014.png,940,36,1620,100,e93691fb1e9fba4fc4c7cd89238f7c58b2f60a1770281a8a261018bd6b6f5cdc
session_20260709_192315,15,IDLE_CAST,assets/replay/sessions/session_20260709_192315/frames/000015.jpg,crops/session_20260709_192315/000015.png,940,36,1620,100,cf49688cedcbc34a7b764e4635e03c030bfbea9f99b736ecb036279c9c603488
session_20260709_192315,16,IDLE_CAST,assets/replay/sessions/session_20260709_192315/frames/000016.jpg,crops/session_20260709_192315/000016.png,940,36,1620,100,2d7e145108ccd09a6de7a88c7b1923f2e0af274d66f5bfa3b04613d53cd5e39f
session_20260709_192315,17,IDLE_CAST,assets/replay/sessions/session_20260709_192315/frames/000017.jpg,crops/session_20260709_192315/000017.png,940,36,1620,100,adb055370ceec20d0cea28d47ebd50b92e125bb71661728f3b271e3bf0a757bf
session_20260709_192315,18,IDLE_CAST,assets/replay/sessions/session_20260709_192315/frames/000018.jpg,crops/session_20260709_192315/000018.png,940,36,1620,100,8ecc217be61d9f78d56f681f444e6e90621ba5e2bdd7365387057717f1552a0d
session_20260709_192315,19,IDLE_CAST,assets/replay/sessions/session_20260709_192315/frames/000019.jpg,crops/session_20260709_192315/000019.png,940,36,1620,100,52720fabb4a53104855c76374326f3f78b3d265ce0614a194c2b1bb2532d4c2b
session_20260709_192315,20,IDLE_CAST,assets/replay/sessions/session_20260709_192315/frames/000020.jpg,crops/session_20260709_192315/000020.png,940,36,1620,100,f7c69eb6ccc21b8631fe8c631ceeddb1a07fb523dbbabe26d3d4788b3d1a8d57
session_20260709_192315,21,IDLE_CAST,assets/replay/sessions/session_20260709_192315/frames/000021.jpg,crops/session_20260709_192315/000021.png,940,36,1620,100,02e215505da785da7c8f582b246e95b7ef2324fae749a55d405251d62ec94a00
session_20260709_192315,22,IDLE_CAST,assets/replay/sessions/session_20260709_192315/frames/000022.jpg,crops/session_20260709_192315/000022.png,940,36,1620,100,4144f1f4c27e66f68771916fe669dd969105ca2ba1337adbed2bbddbdd550e2e
session_20260709_192315,23,IDLE_CAST,assets/replay/sessions/session_20260709_192315/frames/000023.jpg,crops/session_20260709_192315/000023.png,940,36,1620,100,475fd878e7ed41cb523532678a6b1623d2cb46aac36106e0176046a479a17591
session_20260709_192315,24,IDLE_CAST,assets/replay/sessions/session_20260709_192315/frames/000024.jpg,crops/session_20260709_192315/000024.png,940,36,1620,100,e11d0214c62ce0dbc326e608aa31ad017fa7c7d08bbdedb88f9c60e6e49f33a8
session_20260709_192315,25,IDLE_CAST,assets/replay/sessions/session_20260709_192315/frames/000025.jpg,crops/session_20260709_192315/000025.png,940,36,1620,100,ee4843bcfa3222201e10910e9f8f896019551a66ca67d3b84d8031102af56200
session_20260709_192315,26,WAITING_IN_PROGRESS,assets/replay/sessions/session_20260709_192315/frames/000026.jpg,crops/session_20260709_192315/000026.png,940,36,1620,100,5193c7797147cbf45652ba3a557f59c71cae21a75989308f8e0731170fbd312e
session_20260709_192315,27,WAITING_IN_PROGRESS,assets/replay/sessions/session_20260709_192315/frames/000027.jpg,crops/session_20260709_192315/000027.png,940,36,1620,100,53057703b2f483c1d2c241d89fdb84a9824c9c4ad51bb58ef6437e7fb85e8f29
session_20260709_192315,28,WAITING_IN_PROGRESS,assets/replay/sessions/session_20260709_192315/frames/000028.jpg,crops/session_20260709_192315/000028.png,940,36,1620,100,3a18385f96a530bf1ee9adbcad327463d10d1e9d287d94b57f7936eafee4e597
session_20260709_192315,29,WAITING_IN_PROGRESS,assets/replay/sessions/session_20260709_192315/frames/000029.jpg,crops/session_20260709_192315/000029.png,940,36,1620,100,38673494ff9520bbcfc7f1c60dcac1e4e384ff27a8d8d083532e190d9d0cc028
session_20260709_192315,30,WAITING_IN_PROGRESS,assets/replay/sessions/session_20260709_192315/frames/000030.jpg,crops/session_20260709_192315/000030.png,940,36,1620,100,bdd56bb3534956f257ecca22111bb2d509fd11aacf4ce24e056358f5defae829
session_20260709_192315,31,WAITING_IN_PROGRESS,assets/replay/sessions/session_20260709_192315/frames/000031.jpg,crops/session_20260709_192315/000031.png,940,36,1620,100,1b86c75e79f4c33c8b4bc95b9f9beef6f663d0fe5c5f86dd28c855b8756e14fb
session_20260709_192315,32,WAITING_IN_PROGRESS,assets/replay/sessions/session_20260709_192315/frames/000032.jpg,crops/session_20260709_192315/000032.png,940,36,1620,100,f0438b965345de7bad1f4a9049e376eb17ac64ab05f24d526bdd4b1ee567f7b0
session_20260709_192315,33,WAITING_IN_PROGRESS,assets/replay/sessions/session_20260709_192315/frames/000033.jpg,crops/session_20260709_192315/000033.png,940,36,1620,100,1ee28a81de27c37d4cd6337f9383a570c353425ef9914419423481b9620f5b57
session_20260709_192315,34,WAITING_IN_PROGRESS,assets/replay/sessions/session_20260709_192315/frames/000034.jpg,crops/session_20260709_192315/000034.png,940,36,1620,100,6b42c571fd86c7b1b0b88f67d60ee58144edf32cd3f5f0323dfb18b3b4f48899
session_20260709_192315,35,WAITING_IN_PROGRESS,assets/replay/sessions/session_20260709_192315/frames/000035.jpg,crops/session_20260709_192315/000035.png,940,36,1620,100,e6337c0624c98761e1b8cee941a3a8c2c6f0ff21d8bdf9cb239f72080520049a
session_20260709_192315,36,WAITING_IN_PROGRESS,assets/replay/sessions/session_20260709_192315/frames/000036.jpg,crops/session_20260709_192315/000036.png,940,36,1620,100,818660415a299ef402791fdafe3a43336503f99020e92c2b2d58ee2b7f0b6778
session_20260709_192315,37,WAITING_IN_PROGRESS,assets/replay/sessions/session_20260709_192315/frames/000037.jpg,crops/session_20260709_192315/000037.png,940,36,1620,100,f10bdf74b9279a5ccca05d8004482e439f0af15c99e33130098515c91f38b582
session_20260709_192315,38,WAITING_IN_PROGRESS,assets/replay/sessions/session_20260709_192315/frames/000038.jpg,crops/session_20260709_192315/000038.png,940,36,1620,100,38cdc0eed8af8a97732ff54c8fc1bf357c2239c634bfebf703aa4e76d9595f8e
session_20260709_192315,39,WAITING_IN_PROGRESS,assets/replay/sessions/session_20260709_192315/frames/000039.jpg,crops/session_20260709_192315/000039.png,940,36,1620,100,fbf211d79760197c0e8577d3da207573a31ada30b710681306ea6fc83e67d7a9
session_20260709_192315,40,WAITING_IN_PROGRESS,assets/replay/sessions/session_20260709_192315/frames/000040.jpg,crops/session_20260709_192315/000040.png,940,36,1620,100,752be8052bc5250a0c99b0fe6e234791d730ef0db29062b8f7a96c57f68fdb06
session_20260709_192315,41,WAITING_IN_PROGRESS,assets/replay/sessions/session_20260709_192315/frames/000041.jpg,crops/session_20260709_192315/000041.png,940,36,1620,100,f0322a0725726ae33cde5f6a78be10ffb8ce432627f19e7f115f475a0c697446
session_20260709_192315,42,WAITING_IN_PROGRESS,assets/replay/sessions/session_20260709_192315/frames/000042.jpg,crops/session_20260709_192315/000042.png,940,36,1620,100,dbde5f3798cb0cd41b492ef3085fa11e14db832ca5f5480346a1be5c2cd20583
session_20260709_192315,43,WAITING_IN_PROGRESS,assets/replay/sessions/session_20260709_192315/frames/000043.jpg,crops/session_20260709_192315/000043.png,940,36,1620,100,9374c983b2d367785e236b51256a2c00ed8e05595ec06523b538a56047269e19
session_20260709_192315,44,WAITING_IN_PROGRESS,assets/replay/sessions/session_20260709_192315/frames/000044.jpg,crops/session_20260709_192315/000044.png,940,36,1620,100,dc54db1836a9278ec5314bb6f135389a2029abc0953a5633445cb0be042cfa1b
session_20260709_192315,45,WAITING_IN_PROGRESS,assets/replay/sessions/session_20260709_192315/frames/000045.jpg,crops/session_20260709_192315/000045.png,940,36,1620,100,d2611a9ee1baec7c133773d6d5cda2ab00b86a1f93136fe81ff987b2c0a68176
session_20260709_192315,46,WAITING_IN_PROGRESS,assets/replay/sessions/session_20260709_192315/frames/000046.jpg,crops/session_20260709_192315/000046.png,940,36,1620,100,8345c94f78b795bd64bcef216fcb803fe21fa4168d7146b02fa6e8567db78b93
session_20260709_192315,47,WAITING_IN_PROGRESS,assets/replay/sessions/session_20260709_192315/frames/000047.jpg,crops/session_20260709_192315/000047.png,940,36,1620,100,9724d3b1a52150efc942a6a221dfc35d948bd000587192dcec34145c04d22e99
session_20260709_192315,48,WAITING_IN_PROGRESS,assets/replay/sessions/session_20260709_192315/frames/000048.jpg,crops/session_20260709_192315/000048.png,940,36,1620,100,503f4216d8d3861fb1396dafc59600780d352fa8ba0c9c2076a2a325751654f1
session_20260709_192315,49,WAITING_IN_PROGRESS,assets/replay/sessions/session_20260709_192315/frames/000049.jpg,crops/session_20260709_192315/000049.png,940,36,1620,100,0619548ab6ad8bc8b428ecaba5b3252e9d53faa2a4d713576c7658e1334aa6ee
session_20260709_192315,50,WAITING_IN_PROGRESS,assets/replay/sessions/session_20260709_192315/frames/000050.jpg,crops/session_20260709_192315/000050.png,940,36,1620,100,8e9ece9257da920a7ce221e02b2922006c5a2a6870f0cd5e5eaa8203a88c6dd6
session_20260709_192315,51,WAITING_IN_PROGRESS,assets/replay/sessions/session_20260709_192315/frames/000051.jpg,crops/session_20260709_192315/000051.png,940,36,1620,100,bbbf57f78f8cab9681f846d48794d75736b12f6696b70e201a527378ad29c74a
session_20260709_192315,52,WAITING_IN_PROGRESS,assets/replay/sessions/session_20260709_192315/frames/000052.jpg,crops/session_20260709_192315/000052.png,940,36,1620,100,52497a2a2531d09c4b82027a0a8d5109ceed0b998bf72b530f91aef0dec39b9d
session_20260709_192315,53,WAITING_IN_PROGRESS,assets/replay/sessions/session_20260709_192315/frames/000053.jpg,crops/session_20260709_192315/000053.png,940,36,1620,100,3648a8989e34161b57c25d55c55cc2c4a4d2f623c06e92c188279fadd303557e
session_20260709_192315,54,WAITING_IN_PROGRESS,assets/replay/sessions/session_20260709_192315/frames/000054.jpg,crops/session_20260709_192315/000054.png,940,36,1620,100,9f7a9272e6a229f612efd75bcb15ae9f97979b35216d76a4a6f792ff74c1d6c5
session_20260709_192315,55,WAITING_IN_PROGRESS,assets/replay/sessions/session_20260709_192315/frames/000055.jpg,crops/session_20260709_192315/000055.png,940,36,1620,100,0f583ea6d5271964302d9f842bf3f0b52b79150cf3acd779b7e4e38bc6371cb7
session_20260709_192315,56,WAITING_IN_PROGRESS,assets/replay/sessions/session_20260709_192315/frames/000056.jpg,crops/session_20260709_192315/000056.png,940,36,1620,100,ea67f68b530d11ea0c800aef5ba6080f427b8ac0129bd8547715c56bd29e270a
session_20260709_192315,57,WAITING_IN_PROGRESS,assets/replay/sessions/session_20260709_192315/frames/000057.jpg,crops/session_20260709_192315/000057.png,940,36,1620,100,3f46b9b30bc46cd471f4191d749e79d1cac8b80acb6f23712b746289bc78d3c4
session_20260709_192315,58,WAITING_IN_PROGRESS,assets/replay/sessions/session_20260709_192315/frames/000058.jpg,crops/session_20260709_192315/000058.png,940,36,1620,100,067d1c68db26dab16df63558fcec7b0c3dc2c255492c4790ee58719c402ae850
session_20260709_192315,59,WAITING_IN_PROGRESS,assets/replay/sessions/session_20260709_192315/frames/000059.jpg,crops/session_20260709_192315/000059.png,940,36,1620,100,9b600f2208d190026e3438c3b8ef0ff478c11b92ed976a9a44400809e16eb301
session_20260709_192315,60,WAITING_IN_PROGRESS,assets/replay/sessions/session_20260709_192315/frames/000060.jpg,crops/session_20260709_192315/000060.png,940,36,1620,100,08e8b37ee777f8395c4c6b9eb74e0ce97a960d4d1f0ae319ade30ee69b0cccb4
session_20260709_192315,61,WAITING_IN_PROGRESS,assets/replay/sessions/session_20260709_192315/frames/000061.jpg,crops/session_20260709_192315/000061.png,940,36,1620,100,01e68ee1d047009fa298c7d3581727d919b1944930152430bac8003b08a961b2
session_20260709_192315,62,WAITING_IN_PROGRESS,assets/replay/sessions/session_20260709_192315/frames/000062.jpg,crops/session_20260709_192315/000062.png,940,36,1620,100,3c0db27d32d024ff73fb4e70a504952017d174752ea61f474e4d3be44b93efd1
session_20260709_192315,63,WAITING_IN_PROGRESS,assets/replay/sessions/session_20260709_192315/frames/000063.jpg,crops/session_20260709_192315/000063.png,940,36,1620,100,70a1c6aec1c06c4964c609754a4030ed7cc40a9485bdbb9b75784360035f10c8
session_20260709_192315,64,WAITING_IN_PROGRESS,assets/replay/sessions/session_20260709_192315/frames/000064.jpg,crops/session_20260709_192315/000064.png,940,36,1620,100,e74ccaaa9d8bdb38a6a4e02a6e6c5004b533c12b1cfc07d8a14d11bac8462498
session_20260709_192315,65,WAITING_IN_PROGRESS,assets/replay/sessions/session_20260709_192315/frames/000065.jpg,crops/session_20260709_192315/000065.png,940,36,1620,100,d796b89a3264670f3ef5e063870a02cb188f12b7f1dfa956d4fe8c4472b28c89
session_20260709_192315,66,WAITING_IN_PROGRESS,assets/replay/sessions/session_20260709_192315/frames/000066.jpg,crops/session_20260709_192315/000066.png,940,36,1620,100,f2176ecf28832eb9c07e3e6f91033a23a9ea59681f10e8b39450b537fc6b7bde
session_20260709_192315,67,WAITING_IN_PROGRESS,assets/replay/sessions/session_20260709_192315/frames/000067.jpg,crops/session_20260709_192315/000067.png,940,36,1620,100,0597b34132f47c2214e60a7ec67efc8be00b7d4a745bcf4b0a981ac843ad00e4
session_20260709_192315,68,WAITING_IN_PROGRESS,assets/replay/sessions/session_20260709_192315/frames/000068.jpg,crops/session_20260709_192315/000068.png,940,36,1620,100,4c3287ff9c560c56c0a5060972a368a940e5f2848cb26f8ea866cf9571b07c24
session_20260709_192315,69,WAITING_IN_PROGRESS,assets/replay/sessions/session_20260709_192315/frames/000069.jpg,crops/session_20260709_192315/000069.png,940,36,1620,100,a99c158ee7b83e2497e68cd8cc7b919da324f4eaab231ce19cdd825d18517e0b
session_20260709_192315,70,WAITING_IN_PROGRESS,assets/replay/sessions/session_20260709_192315/frames/000070.jpg,crops/session_20260709_192315/000070.png,940,36,1620,100,aea4be82636dd5e42cffa3e3769393b11762664e722126ad9bff4c342871100e
session_20260709_192315,71,WAITING_IN_PROGRESS,assets/replay/sessions/session_20260709_192315/frames/000071.jpg,crops/session_20260709_192315/000071.png,940,36,1620,100,fe3f6a7d0544c2b78b45758e6588573b2ad7b7277833dee31a1fc4d95403d4b4
session_20260709_192315,72,WAITING_IN_PROGRESS,assets/replay/sessions/session_20260709_192315/frames/000072.jpg,crops/session_20260709_192315/000072.png,940,36,1620,100,779f9fe64f3b80e1531bacd24a15345bfa33a693af02d98c0d7614c7aef665af
session_20260709_192315,73,WAITING_IN_PROGRESS,assets/replay/sessions/session_20260709_192315/frames/000073.jpg,crops/session_20260709_192315/000073.png,940,36,1620,100,2798d7776fb0c038faea8d6f6499ac04667c9776c406488e2b47b6be2e798bb6
session_20260709_192315,74,WAITING_IN_PROGRESS,assets/replay/sessions/session_20260709_192315/frames/000074.jpg,crops/session_20260709_192315/000074.png,940,36,1620,100,c7548cd55531063032cc5fd573d0ac4ddeed6ef093a38ee879329a9f935664bb
session_20260709_192315,75,WAITING_IN_PROGRESS,assets/replay/sessions/session_20260709_192315/frames/000075.jpg,crops/session_20260709_192315/000075.png,940,36,1620,100,22e86e07bc097d6f4220dbe871447ce2555831d33c778bcb54715c917d277301
session_20260709_192315,76,WAITING_IN_PROGRESS,assets/replay/sessions/session_20260709_192315/frames/000076.jpg,crops/session_20260709_192315/000076.png,940,36,1620,100,4825271e7eb90f83ede7d8a5302209b3b6a8027abc80e369afcf83ea18c84471
session_20260709_192315,77,WAITING_IN_PROGRESS,assets/replay/sessions/session_20260709_192315/frames/000077.jpg,crops/session_20260709_192315/000077.png,940,36,1620,100,5e37591999eddc748ef4b94ab2dd90113a8175458540c57408c19a3ff0f93146
session_20260709_192315,78,WAITING_IN_PROGRESS,assets/replay/sessions/session_20260709_192315/frames/000078.jpg,crops/session_20260709_192315/000078.png,940,36,1620,100,72a2f2143f616e6d7fc88bf525728f3c1c1c36fe12923a94224151c430bca5e4
session_20260709_192315,79,WAITING_IN_PROGRESS,assets/replay/sessions/session_20260709_192315/frames/000079.jpg,crops/session_20260709_192315/000079.png,940,36,1620,100,ea917b3afea3707557d637fdfb5fb745b21badade13a1b5e632fc10f7aec5ae6
session_20260709_192315,80,WAITING_IN_PROGRESS,assets/replay/sessions/session_20260709_192315/frames/000080.jpg,crops/session_20260709_192315/000080.png,940,36,1620,100,a7c49a1bd84a2650e5d5cb7faf29b13f39bb2dfe1cb78384435b52942b9e7398
session_20260709_192315,81,WAITING_IN_PROGRESS,assets/replay/sessions/session_20260709_192315/frames/000081.jpg,crops/session_20260709_192315/000081.png,940,36,1620,100,0caeec2d6687c70bfeb1de5fc32bff6854fc3e090b6c967070aef8597f9c59a7
session_20260709_192315,82,WAITING_IN_PROGRESS,assets/replay/sessions/session_20260709_192315/frames/000082.jpg,crops/session_20260709_192315/000082.png,940,36,1620,100,fd86a2176f205a5117bb1c65f4d3b374401b5cb986a73fbed85ed9c289704bc5
session_20260709_192315,83,WAITING_IN_PROGRESS,assets/replay/sessions/session_20260709_192315/frames/000083.jpg,crops/session_20260709_192315/000083.png,940,36,1620,100,b069e58410493940bc0a539eb6bb75d96b92d58eadfabdba85ecf01281bf88ee
session_20260709_192315,84,WAITING_IN_PROGRESS,assets/replay/sessions/session_20260709_192315/frames/000084.jpg,crops/session_20260709_192315/000084.png,940,36,1620,100,98b97be832987c485ff0ecb14bf906a1ddaa9cf24b80590d6bd2689e709a0332
session_20260709_192315,85,WAITING_IN_PROGRESS,assets/replay/sessions/session_20260709_192315/frames/000085.jpg,crops/session_20260709_192315/000085.png,940,36,1620,100,674481197fbe3fcfd5919f9d98c07b8a4ab2b766820003668f368bbce27b693c
session_20260709_192315,86,WAITING_IN_PROGRESS,assets/replay/sessions/session_20260709_192315/frames/000086.jpg,crops/session_20260709_192315/000086.png,940,36,1620,100,6ecd5f525ec95523c556a71ce1e8c4c5d18ae1889a27ae846f258563018a5416
session_20260709_192315,87,WAITING_IN_PROGRESS,assets/replay/sessions/session_20260709_192315/frames/000087.jpg,crops/session_20260709_192315/000087.png,940,36,1620,100,9feba89ed2f1b57573fa148bb54363d4f858f6051cc7e935d709d32eed7b1129
session_20260709_192315,88,WAITING_IN_PROGRESS,assets/replay/sessions/session_20260709_192315/frames/000088.jpg,crops/session_20260709_192315/000088.png,940,36,1620,100,07f8c406765d4228bab351f87a82b57a35a6cee7d2177de72fd01d8bca3d92ba
session_20260709_192315,89,WAITING_IN_PROGRESS,assets/replay/sessions/session_20260709_192315/frames/000089.jpg,crops/session_20260709_192315/000089.png,940,36,1620,100,db13d8bcc853dba9392784e8701d27c28a02a6ebf0373b0321e4ddf48c5c3a80
session_20260709_192315,90,WAITING_IN_PROGRESS,assets/replay/sessions/session_20260709_192315/frames/000090.jpg,crops/session_20260709_192315/000090.png,940,36,1620,100,776a1e6e43da3d720b31dee2b6b4b30a618c9a64a98ab3e0ae6700dd576cbe4c
session_20260709_192315,91,WAITING_IN_PROGRESS,assets/replay/sessions/session_20260709_192315/frames/000091.jpg,crops/session_20260709_192315/000091.png,940,36,1620,100,5a85ac82d9bf69d7b03f7fa8fe1d0c6e146777c912dfc35e9caf316cfe4831d9
session_20260709_192315,92,WAITING_IN_PROGRESS,assets/replay/sessions/session_20260709_192315/frames/000092.jpg,crops/session_20260709_192315/000092.png,940,36,1620,100,160bf68c69d6ffd3468d5ad1f210fd90ebe707ce636b11fbe6450752191ec643
session_20260709_192315,93,WAITING_IN_PROGRESS,assets/replay/sessions/session_20260709_192315/frames/000093.jpg,crops/session_20260709_192315/000093.png,940,36,1620,100,1f994b1f13d65dbd72cba0fd6eaa708450fad42cd77a3012acdce444ab806264
session_20260709_192315,94,WAITING_IN_PROGRESS,assets/replay/sessions/session_20260709_192315/frames/000094.jpg,crops/session_20260709_192315/000094.png,940,36,1620,100,57b0b5c2f947913630c4d4e04443a318a5b7e54c27c3e17897e465ade0fd8875
session_20260709_192315,95,WAITING_IN_PROGRESS,assets/replay/sessions/session_20260709_192315/frames/000095.jpg,crops/session_20260709_192315/000095.png,940,36,1620,100,3d0788f7d3236a99cb76b82ca10755274f75f17637fee63f56e00b79174ecb12
session_20260709_192315,96,WAITING_IN_PROGRESS,assets/replay/sessions/session_20260709_192315/frames/000096.jpg,crops/session_20260709_192315/000096.png,940,36,1620,100,0766f54b687c964e9005bd2fa6d130f2249d586890fbc9775e9a0594d79ae232
session_20260709_192315,97,WAITING_IN_PROGRESS,assets/replay/sessions/session_20260709_192315/frames/000097.jpg,crops/session_20260709_192315/000097.png,940,36,1620,100,ffefd2fe30e1f76d5e81983837d314374f20e3d1e20a3ef1c35f8a3be33bd1a9
session_20260709_192315,98,WAITING_IN_PROGRESS,assets/replay/sessions/session_20260709_192315/frames/000098.jpg,crops/session_20260709_192315/000098.png,940,36,1620,100,3aa3c33369f66f0658e111c4c8b437476e935ec721545f657d6b7d4afcfa009b
session_20260709_192315,99,WAITING_IN_PROGRESS,assets/replay/sessions/session_20260709_192315/frames/000099.jpg,crops/session_20260709_192315/000099.png,940,36,1620,100,6ee527c02b7e71161a857fda0e89e8dd0f6d251871518b4d8ce52c8c3da12952
session_20260709_192315,100,WAITING_IN_PROGRESS,assets/replay/sessions/session_20260709_192315/frames/000100.jpg,crops/session_20260709_192315/000100.png,940,36,1620,100,a15f51093a8d6568c92c642ad4cfe81ae7eb297ba2b4268dadd9b374c93a00c9
session_20260709_192315,101,WAITING_IN_PROGRESS,assets/replay/sessions/session_20260709_192315/frames/000101.jpg,crops/session_20260709_192315/000101.png,940,36,1620,100,ae93df3a34d676399629d71a8081e82dd7cee39c351f097a214aea86e08f1753
session_20260709_192315,102,WAITING_IN_PROGRESS,assets/replay/sessions/session_20260709_192315/frames/000102.jpg,crops/session_20260709_192315/000102.png,940,36,1620,100,cf13f727f6f9fcda32524ecae9d88d744147844b21a9112804bfbc68db63241b
session_20260709_192315,103,WAITING_IN_PROGRESS,assets/replay/sessions/session_20260709_192315/frames/000103.jpg,crops/session_20260709_192315/000103.png,940,36,1620,100,1fadf1a12e1cbbca2872b814e4f192629b1819e36f7211a9371012dc9309e664
session_20260709_192315,104,WAITING_IN_PROGRESS,assets/replay/sessions/session_20260709_192315/frames/000104.jpg,crops/session_20260709_192315/000104.png,940,36,1620,100,ecc0c43fe0fcdde7e0e36f82459c817c7386fab800f2fe5e381b35d5520f6db9
session_20260709_192315,105,WAITING_IN_PROGRESS,assets/replay/sessions/session_20260709_192315/frames/000105.jpg,crops/session_20260709_192315/000105.png,940,36,1620,100,0d4b6c5be7b7034d48332771afe37404acb2c6ea4c7019460616e7e74e73b424
session_20260709_192315,106,WAITING_IN_PROGRESS,assets/replay/sessions/session_20260709_192315/frames/000106.jpg,crops/session_20260709_192315/000106.png,940,36,1620,100,8433314356cbfbcbbc9955cbf17082ea0b40fc203a0e109c5a28be0d7f52ce09
session_20260709_192315,107,WAITING_IN_PROGRESS,assets/replay/sessions/session_20260709_192315/frames/000107.jpg,crops/session_20260709_192315/000107.png,940,36,1620,100,31f5430c655e6d3277dc81cfaf2006e244d2a20bba247c8b01cebc1003eb060d
session_20260709_192315,108,WAITING_IN_PROGRESS,assets/replay/sessions/session_20260709_192315/frames/000108.jpg,crops/session_20260709_192315/000108.png,940,36,1620,100,151a1572bd936366e3a05bbf239a63f12ce3b93e12035980ccea43658a11b3cc
session_20260709_192315,109,WAITING_IN_PROGRESS,assets/replay/sessions/session_20260709_192315/frames/000109.jpg,crops/session_20260709_192315/000109.png,940,36,1620,100,e219fe29b35779c47de80454fcc03cdbe9df02eeeec2fa90b1898138d9197506
session_20260709_192315,110,WAITING_IN_PROGRESS,assets/replay/sessions/session_20260709_192315/frames/000110.jpg,crops/session_20260709_192315/000110.png,940,36,1620,100,b5ef364598949b055e7ba9ff69664f3f6cc803fa87538289b013a7c11f2599dd
session_20260709_192315,111,WAITING_IN_PROGRESS,assets/replay/sessions/session_20260709_192315/frames/000111.jpg,crops/session_20260709_192315/000111.png,940,36,1620,100,eab66f1534b18634551a1e82675112aad61a85695fd42063f479142b8a857a21
session_20260709_192315,112,WAITING_IN_PROGRESS,assets/replay/sessions/session_20260709_192315/frames/000112.jpg,crops/session_20260709_192315/000112.png,940,36,1620,100,e5b2009ba9fb3ea713b875aba5ac684cfc618fd92b2b26fc345b66d2918382fd
session_20260709_192315,113,WAITING_IN_PROGRESS,assets/replay/sessions/session_20260709_192315/frames/000113.jpg,crops/session_20260709_192315/000113.png,940,36,1620,100,87190d4c2e8592ffc3253f7e7e7b19075dc858f6a5048591df61608a53f8b2f3
session_20260709_192315,114,WAITING_IN_PROGRESS,assets/replay/sessions/session_20260709_192315/frames/000114.jpg,crops/session_20260709_192315/000114.png,940,36,1620,100,0c16f46bed71cf2d09fb9fa77968990094ae900fd094a7cc7fc4180f66e8c474
session_20260709_192315,115,WAITING_IN_PROGRESS,assets/replay/sessions/session_20260709_192315/frames/000115.jpg,crops/session_20260709_192315/000115.png,940,36,1620,100,936792df1ab39f1355b75041dc2920738e329bb6916e2db2b555adc266146bb4
session_20260709_192315,116,WAITING_IN_PROGRESS,assets/replay/sessions/session_20260709_192315/frames/000116.jpg,crops/session_20260709_192315/000116.png,940,36,1620,100,c513a5944a08bc39a6a3656142f22acff5117010ac923d35d6a891cb96a77d36
session_20260709_192315,117,WAITING_IN_PROGRESS,assets/replay/sessions/session_20260709_192315/frames/000117.jpg,crops/session_20260709_192315/000117.png,940,36,1620,100,fbad3c243f55094c5f12cd5079cbe1a7bd452398f961a651defc1bab9a5d81de
session_20260709_192315,118,WAITING_IN_PROGRESS,assets/replay/sessions/session_20260709_192315/frames/000118.jpg,crops/session_20260709_192315/000118.png,940,36,1620,100,1988e307a89c8a2be386d420b362248ba7fb798fdce09accd978a19d59599ff9
session_20260709_192315,119,WAITING_IN_PROGRESS,assets/replay/sessions/session_20260709_192315/frames/000119.jpg,crops/session_20260709_192315/000119.png,940,36,1620,100,74e61a5811b09a79b8cbb64110b6bd00a119560df57e9fe3313b9435c3bc8658
session_20260709_192315,120,WAITING_IN_PROGRESS,assets/replay/sessions/session_20260709_192315/frames/000120.jpg,crops/session_20260709_192315/000120.png,940,36,1620,100,92d51b7aa85b08ee18c6f9ad791ccaa1f3911831779a5c0bf3196861509e1e5d
session_20260709_192315,121,WAITING_IN_PROGRESS,assets/replay/sessions/session_20260709_192315/frames/000121.jpg,crops/session_20260709_192315/000121.png,940,36,1620,100,dc01883c06cf7bb9d8abe72d9530bd12756fd3c42c5acb1cca9ca6e7392069b7
session_20260709_192315,122,WAITING_IN_PROGRESS,assets/replay/sessions/session_20260709_192315/frames/000122.jpg,crops/session_20260709_192315/000122.png,940,36,1620,100,069ec777420b64d3059d8b2f5f79cebb61c8a76a69f36439fbe9528eedd91df7
session_20260709_192315,123,WAITING_IN_PROGRESS,assets/replay/sessions/session_20260709_192315/frames/000123.jpg,crops/session_20260709_192315/000123.png,940,36,1620,100,08669588f9c8d82b9479ef2d9050c0448f43358de7a679d22519d3d8236cbc50
session_20260709_192315,124,WAITING_IN_PROGRESS,assets/replay/sessions/session_20260709_192315/frames/000124.jpg,crops/session_20260709_192315/000124.png,940,36,1620,100,8166e3ff14254e9b97e8b8750f51b78ba0b72b53beb35a809b056f54c00a4c79
session_20260709_192315,125,WAITING_IN_PROGRESS,assets/replay/sessions/session_20260709_192315/frames/000125.jpg,crops/session_20260709_192315/000125.png,940,36,1620,100,021f2567cbd1d69e59c0d2aba72bb10873377df0c85e545166d7744c394ed35d
session_20260709_192315,126,WAITING_IN_PROGRESS,assets/replay/sessions/session_20260709_192315/frames/000126.jpg,crops/session_20260709_192315/000126.png,940,36,1620,100,5c3f0cb434c22486a71e75264bc9667952617780e5b5177308bd9d9f18311f3b
session_20260709_192315,127,WAITING_IN_PROGRESS,assets/replay/sessions/session_20260709_192315/frames/000127.jpg,crops/session_20260709_192315/000127.png,940,36,1620,100,b6864a21feae5de5384be263862d1ca6c5312220429eee49b06375062d5af320
session_20260709_192315,128,WAITING_IN_PROGRESS,assets/replay/sessions/session_20260709_192315/frames/000128.jpg,crops/session_20260709_192315/000128.png,940,36,1620,100,5d4b7e1d132a4cd423d9922c2f718d47f17152872494ab59a54ec67247c4fd79
session_20260709_192315,129,WAITING_IN_PROGRESS,assets/replay/sessions/session_20260709_192315/frames/000129.jpg,crops/session_20260709_192315/000129.png,940,36,1620,100,a90bff5083a20ce3aebefc4882ecfe8f1f39ef5cd8bf8c99e7f0b289c8634705
session_20260709_192315,130,WAITING_IN_PROGRESS,assets/replay/sessions/session_20260709_192315/frames/000130.jpg,crops/session_20260709_192315/000130.png,940,36,1620,100,53763b954f301640b693c1704d75bd6dbf9141fc1b3e15132a746a0eb25f80a0
session_20260709_192315,131,WAITING_IN_PROGRESS,assets/replay/sessions/session_20260709_192315/frames/000131.jpg,crops/session_20260709_192315/000131.png,940,36,1620,100,17ba7fbd0a09bb5ecc3a2ae810cb2d6e24d019f5ee53769306f737e41d5e2df4
session_20260709_192315,132,WAITING_IN_PROGRESS,assets/replay/sessions/session_20260709_192315/frames/000132.jpg,crops/session_20260709_192315/000132.png,940,36,1620,100,a3d26185ea84544503791995f2cc01ed0d9ee502289f6d7a5f290faaf29c4c19
session_20260709_192315,133,WAITING_IN_PROGRESS,assets/replay/sessions/session_20260709_192315/frames/000133.jpg,crops/session_20260709_192315/000133.png,940,36,1620,100,d899ddbb53239b1e5c40fdc1cf40427d4569ec9b120a06e69c1624a13c42dc93
session_20260709_192315,134,WAITING_IN_PROGRESS,assets/replay/sessions/session_20260709_192315/frames/000134.jpg,crops/session_20260709_192315/000134.png,940,36,1620,100,ac54524550d4a663e90e1644c1d48bec992c6728564f2e1fe309238f4b1974bd
session_20260709_192315,135,WAITING_IN_PROGRESS,assets/replay/sessions/session_20260709_192315/frames/000135.jpg,crops/session_20260709_192315/000135.png,940,36,1620,100,ffb8a91322107b8405558eb3b7fdd4f97294c17ee81a35d021be4b438d0253b5
session_20260709_192315,136,WAITING_IN_PROGRESS,assets/replay/sessions/session_20260709_192315/frames/000136.jpg,crops/session_20260709_192315/000136.png,940,36,1620,100,db2a23dce05ee677d968c6b48d791d115e11920f6b043779196948b0721241a6
session_20260709_192315,137,WAITING_IN_PROGRESS,assets/replay/sessions/session_20260709_192315/frames/000137.jpg,crops/session_20260709_192315/000137.png,940,36,1620,100,8470d02f85db0b893e5af6e216649e2ad6186451820295fd6fbe228e211f01bf
session_20260709_192315,138,WAITING_IN_PROGRESS,assets/replay/sessions/session_20260709_192315/frames/000138.jpg,crops/session_20260709_192315/000138.png,940,36,1620,100,5b5264409f687400113d2907a01160cec7220e292a1da64354dc398e5fd2ac67
session_20260709_192315,139,WAITING_IN_PROGRESS,assets/replay/sessions/session_20260709_192315/frames/000139.jpg,crops/session_20260709_192315/000139.png,940,36,1620,100,6a46cbb60ea547e0af869b6f7a3c3442ab1ce76cd7ea112411e0021266217d63
session_20260709_192315,140,WAITING_IN_PROGRESS,assets/replay/sessions/session_20260709_192315/frames/000140.jpg,crops/session_20260709_192315/000140.png,940,36,1620,100,dddc25e69447e8478da682e188791d2d2ff13f28f1225a97dc2a4e467f406dd2
session_20260709_192315,141,WAITING_IN_PROGRESS,assets/replay/sessions/session_20260709_192315/frames/000141.jpg,crops/session_20260709_192315/000141.png,940,36,1620,100,53c97c70defa32e2f0ba66f5c759f5934380759894589c5c7d49ba1c77bb5da9
session_20260709_192315,142,WAITING_IN_PROGRESS,assets/replay/sessions/session_20260709_192315/frames/000142.jpg,crops/session_20260709_192315/000142.png,940,36,1620,100,90b4e4dab1290d7ce859e4eb6d768abefd128f8b232b322199ca8285d92ccb54
session_20260709_192315,143,WAITING_IN_PROGRESS,assets/replay/sessions/session_20260709_192315/frames/000143.jpg,crops/session_20260709_192315/000143.png,940,36,1620,100,b2657565292816e9345e6fbb39096405dd2464f41ae139c831bcd1ed14767c26
session_20260709_192315,144,WAITING_IN_PROGRESS,assets/replay/sessions/session_20260709_192315/frames/000144.jpg,crops/session_20260709_192315/000144.png,940,36,1620,100,5cbd4662ca7906387d19462cdbb2810100019217dc46c6f92cc8ca0b7d53e837
session_20260709_192315,145,WAITING_IN_PROGRESS,assets/replay/sessions/session_20260709_192315/frames/000145.jpg,crops/session_20260709_192315/000145.png,940,36,1620,100,2eb71a2a5667d4f3956566c289b514d5ca57580b8e3e58b8536ea0c55b0dceac
session_20260709_192315,146,WAITING_IN_PROGRESS,assets/replay/sessions/session_20260709_192315/frames/000146.jpg,crops/session_20260709_192315/000146.png,940,36,1620,100,18448b19fbb11f5eb9d48841fcdde6d01894e500fe721d3557e9e7bd5c684ef8
session_20260709_192315,147,WAITING_IN_PROGRESS,assets/replay/sessions/session_20260709_192315/frames/000147.jpg,crops/session_20260709_192315/000147.png,940,36,1620,100,1cc9eea108fc530bb19423a8288a825751239e02122fc5bd4fb9ba471fa53a25
session_20260709_192315,148,WAITING_IN_PROGRESS,assets/replay/sessions/session_20260709_192315/frames/000148.jpg,crops/session_20260709_192315/000148.png,940,36,1620,100,b2f757b3932c2e2ca86a7aa262f20286968336e52c102d85c963e5bb3a81d0b7
session_20260709_192315,149,WAITING_IN_PROGRESS,assets/replay/sessions/session_20260709_192315/frames/000149.jpg,crops/session_20260709_192315/000149.png,940,36,1620,100,67932737d686be3e70f2686632f89f2e04e405c71007e5fd51e75fccf4f25783
session_20260709_192315,150,WAITING_IN_PROGRESS,assets/replay/sessions/session_20260709_192315/frames/000150.jpg,crops/session_20260709_192315/000150.png,940,36,1620,100,6e54d2603fc06e5cc517683a90ec7378dd7497a5a4c53325a2e483cab539a2e6
session_20260709_192315,151,WAITING_IN_PROGRESS,assets/replay/sessions/session_20260709_192315/frames/000151.jpg,crops/session_20260709_192315/000151.png,940,36,1620,100,8a522ebe14cb7c0508d401ce9cd4ca6cf96b35a61fa45604dd03a0056e0a96c4
session_20260709_192315,152,WAITING_IN_PROGRESS,assets/replay/sessions/session_20260709_192315/frames/000152.jpg,crops/session_20260709_192315/000152.png,940,36,1620,100,b3dfce24297cc1fa27e8e1e039ae5b09108e1f2c5f932f85ec125fa0dd91062e
session_20260709_192315,153,WAITING_IN_PROGRESS,assets/replay/sessions/session_20260709_192315/frames/000153.jpg,crops/session_20260709_192315/000153.png,940,36,1620,100,d7dbf9e10753a0feeb2fb4f436153e91cf978cb738e701a4d0ad9633f398b7e9
session_20260709_192315,154,WAITING_IN_PROGRESS,assets/replay/sessions/session_20260709_192315/frames/000154.jpg,crops/session_20260709_192315/000154.png,940,36,1620,100,f86fa2bbf6fcd53d514beb05499b550a8335aafec82b81f73cee0046f7367172
session_20260709_192315,155,WAITING_IN_PROGRESS,assets/replay/sessions/session_20260709_192315/frames/000155.jpg,crops/session_20260709_192315/000155.png,940,36,1620,100,348dd3063593b1af75a7f4cdfddc2a23ad52486ac0670a3745d0585bdde06c29
session_20260709_192315,156,WAITING_IN_PROGRESS,assets/replay/sessions/session_20260709_192315/frames/000156.jpg,crops/session_20260709_192315/000156.png,940,36,1620,100,28741bed6c1c0524c734016c643a1890a374397fdbc42506a596abfdf39a6929
session_20260709_192315,157,WAITING_IN_PROGRESS,assets/replay/sessions/session_20260709_192315/frames/000157.jpg,crops/session_20260709_192315/000157.png,940,36,1620,100,dffd13fbb27dfe1649b5064a9a5887260b35f84b6335f96e895c1c8672e08280
session_20260709_192315,158,WAITING_IN_PROGRESS,assets/replay/sessions/session_20260709_192315/frames/000158.jpg,crops/session_20260709_192315/000158.png,940,36,1620,100,9e4ff4205cd1051a8632cef186b7a3766da6272196e47d65be181d350b21c936
session_20260709_192315,159,WAITING_IN_PROGRESS,assets/replay/sessions/session_20260709_192315/frames/000159.jpg,crops/session_20260709_192315/000159.png,940,36,1620,100,19e67eb376a6c5f27c8cbb945df1f696ee300e24e1ad5da363e2eeeeee3d3d3d
session_20260709_192315,160,WAITING_IN_PROGRESS,assets/replay/sessions/session_20260709_192315/frames/000160.jpg,crops/session_20260709_192315/000160.png,940,36,1620,100,ba4dfab948292c8c53e977c9a0f03791d8f95061cc0ad8d431258db3b4bff62c
session_20260709_192315,161,WAITING_IN_PROGRESS,assets/replay/sessions/session_20260709_192315/frames/000161.jpg,crops/session_20260709_192315/000161.png,940,36,1620,100,751a6aa7172f8580502aa92ac0eca9abe4deec7f0de5969afb5ab450a2222c59
session_20260709_192315,162,WAITING_IN_PROGRESS,assets/replay/sessions/session_20260709_192315/frames/000162.jpg,crops/session_20260709_192315/000162.png,940,36,1620,100,0387a2605032ce10ed2d0a077642f9662568a423a21f8e885c87c4e7717ae6c7
session_20260709_192315,163,WAITING_IN_PROGRESS,assets/replay/sessions/session_20260709_192315/frames/000163.jpg,crops/session_20260709_192315/000163.png,940,36,1620,100,75fd54a8427cbcf57c5565cc5d5dbb8aa034b712026dc2fedd2622d01ee3c12b
session_20260709_192315,164,WAITING_IN_PROGRESS,assets/replay/sessions/session_20260709_192315/frames/000164.jpg,crops/session_20260709_192315/000164.png,940,36,1620,100,b5b0821f3f1818cae0044611f940c2740c43cf79bdd87d7ebbcd761f66d56564
session_20260709_192315,165,WAITING_IN_PROGRESS,assets/replay/sessions/session_20260709_192315/frames/000165.jpg,crops/session_20260709_192315/000165.png,940,36,1620,100,bbc846284ef22d3dee498150b69f4fe3b1ef82f206a086b0a1bfc25707df0ce3
session_20260709_192315,166,WAITING_IN_PROGRESS,assets/replay/sessions/session_20260709_192315/frames/000166.jpg,crops/session_20260709_192315/000166.png,940,36,1620,100,debe8d8acd0e35838f2ef441ef39755685cbd5737bc85809cf1d74fdfe33db11
session_20260709_192315,167,WAITING_IN_PROGRESS,assets/replay/sessions/session_20260709_192315/frames/000167.jpg,crops/session_20260709_192315/000167.png,940,36,1620,100,3bddd2d4c795bd988239596d0acf89e1bcc49174a9177cf9f8445303616fa07d
session_20260709_192315,168,WAITING_IN_PROGRESS,assets/replay/sessions/session_20260709_192315/frames/000168.jpg,crops/session_20260709_192315/000168.png,940,36,1620,100,4ce516c9735fcafe734be5af29186c677f7400a3864b4a5d3de3c7f424d6d951
session_20260709_192315,169,WAITING_IN_PROGRESS,assets/replay/sessions/session_20260709_192315/frames/000169.jpg,crops/session_20260709_192315/000169.png,940,36,1620,100,23c003a3733dbfada71733778310dd76b6ad1d78f03df35a2a8ff0677edf8f6c
session_20260709_192315,170,WAITING_IN_PROGRESS,assets/replay/sessions/session_20260709_192315/frames/000170.jpg,crops/session_20260709_192315/000170.png,940,36,1620,100,58322ee26ada2728a4e971ba5fe666a693fba6f9ed2a1576889e40f34211cca1
session_20260709_192315,171,WAITING_IN_PROGRESS,assets/replay/sessions/session_20260709_192315/frames/000171.jpg,crops/session_20260709_192315/000171.png,940,36,1620,100,0180a0bcb7f8ecc27b40d8708157c033ab8403633b504844984aad9c3d037ecd
session_20260709_192315,172,WAITING_IN_PROGRESS,assets/replay/sessions/session_20260709_192315/frames/000172.jpg,crops/session_20260709_192315/000172.png,940,36,1620,100,0a79282720a38e29b64e6fe0971fb7f09b533fc46c392ee822f5018b5b664996
session_20260709_192315,173,WAITING_IN_PROGRESS,assets/replay/sessions/session_20260709_192315/frames/000173.jpg,crops/session_20260709_192315/000173.png,940,36,1620,100,16ae2249b2fd4758980cc05980995fa1ff233f91790f90819820d20a370b51f8
session_20260709_192315,174,WAITING_IN_PROGRESS,assets/replay/sessions/session_20260709_192315/frames/000174.jpg,crops/session_20260709_192315/000174.png,940,36,1620,100,08471f2cd37d1273ba881e8e60c6f61802156cdc7950b607c6bc916b24527efb
session_20260709_192315,175,WAITING_IN_PROGRESS,assets/replay/sessions/session_20260709_192315/frames/000175.jpg,crops/session_20260709_192315/000175.png,940,36,1620,100,a33673ecaa9cfef0d4b41cfadc0f062024e04bf1d036cb2992d9a80feb3ab181
session_20260709_192315,176,WAITING_IN_PROGRESS,assets/replay/sessions/session_20260709_192315/frames/000176.jpg,crops/session_20260709_192315/000176.png,940,36,1620,100,a7088dfde5406544e12bfe546753d15f9e942dc6a42f43aafb25bd35e6595d87
session_20260709_192315,177,WAITING_IN_PROGRESS,assets/replay/sessions/session_20260709_192315/frames/000177.jpg,crops/session_20260709_192315/000177.png,940,36,1620,100,19222c9598a865bc8d2a43a1bd4dde5f3017574bbf27deddf0ea44aa4bbb8f42
session_20260709_192315,178,WAITING_IN_PROGRESS,assets/replay/sessions/session_20260709_192315/frames/000178.jpg,crops/session_20260709_192315/000178.png,940,36,1620,100,da8a2601b79e9b5f02686f4a8f552d8ac6ebb9cee7e3fb223132ce3750f9ee3b
session_20260709_192315,179,WAITING_IN_PROGRESS,assets/replay/sessions/session_20260709_192315/frames/000179.jpg,crops/session_20260709_192315/000179.png,940,36,1620,100,58d4377494b2e113f4481863a2f69b3e38d1135eab4e7a1bff52e5566e372e14
session_20260709_192315,180,WAITING_IN_PROGRESS,assets/replay/sessions/session_20260709_192315/frames/000180.jpg,crops/session_20260709_192315/000180.png,940,36,1620,100,24697c5977d81408fb4ffca7a8c66f10e48d61c0fd740f4fac5633485e9bbf56
session_20260709_192315,181,WAITING_IN_PROGRESS,assets/replay/sessions/session_20260709_192315/frames/000181.jpg,crops/session_20260709_192315/000181.png,940,36,1620,100,597ea838ab0f5185281ad9954871b703c09eb430341aec9c8c7e271d726eef9f
session_20260709_192315,182,WAITING_IN_PROGRESS,assets/replay/sessions/session_20260709_192315/frames/000182.jpg,crops/session_20260709_192315/000182.png,940,36,1620,100,ad532435cabe7b78f6ab95563beb24023e630c878c8cccd7a4dd5484d8d20c24
session_20260709_192315,183,WAITING_IN_PROGRESS,assets/replay/sessions/session_20260709_192315/frames/000183.jpg,crops/session_20260709_192315/000183.png,940,36,1620,100,7760a046a43c7482c378d8866b32a2263e138ed594d7dfee4e6421155ada5501
session_20260709_192315,184,WAITING_IN_PROGRESS,assets/replay/sessions/session_20260709_192315/frames/000184.jpg,crops/session_20260709_192315/000184.png,940,36,1620,100,2cf2c1f9e0332c8b97372c5aac3cd55d0c2cbb181cc9b5c421d85611b6b6448b
session_20260709_192315,185,WAITING_IN_PROGRESS,assets/replay/sessions/session_20260709_192315/frames/000185.jpg,crops/session_20260709_192315/000185.png,940,36,1620,100,a6dada5a898c7e45dd1c38cdf1f1214b510c599f135ae3e0f8ec8caeab41a8f2
session_20260709_192315,186,WAITING_IN_PROGRESS,assets/replay/sessions/session_20260709_192315/frames/000186.jpg,crops/session_20260709_192315/000186.png,940,36,1620,100,ea3b70181e11412ea1e026786e905ad492a3482438cbd20bd53c81793cdb5d78
session_20260709_192315,187,WAITING_IN_PROGRESS,assets/replay/sessions/session_20260709_192315/frames/000187.jpg,crops/session_20260709_192315/000187.png,940,36,1620,100,1d24c9c3be542d622b49c6e27246ff07ccb60e0ed5fbb14319c4b01fb068923a
session_20260709_192315,188,WAITING_IN_PROGRESS,assets/replay/sessions/session_20260709_192315/frames/000188.jpg,crops/session_20260709_192315/000188.png,940,36,1620,100,22f8551c0a4d115b76edda836c0d9cff7a8d550c4ddf1418fa6c58e368123619
session_20260709_192315,189,WAITING_IN_PROGRESS,assets/replay/sessions/session_20260709_192315/frames/000189.jpg,crops/session_20260709_192315/000189.png,940,36,1620,100,96b8ee30ff7b7e6a222271a1db11f8e50909f0694deb8c89ce6f4ef91ca5f29d
session_20260709_192315,190,WAITING_IN_PROGRESS,assets/replay/sessions/session_20260709_192315/frames/000190.jpg,crops/session_20260709_192315/000190.png,940,36,1620,100,519b49b356a1d82716cd9e6379ff0b722ce8de4c8b340c560c6a40c8d2d18dfd
session_20260709_192315,191,WAITING_IN_PROGRESS,assets/replay/sessions/session_20260709_192315/frames/000191.jpg,crops/session_20260709_192315/000191.png,940,36,1620,100,11cc8df503941b45d6f1f85f2eb50a2b38af074b1640220bf57f5f1c5a7f4e0f
session_20260709_192315,192,WAITING_IN_PROGRESS,assets/replay/sessions/session_20260709_192315/frames/000192.jpg,crops/session_20260709_192315/000192.png,940,36,1620,100,651dfe0710d0568cdfdec9f15578aefc0b69a8845ef3ce70a32e5d9f48436a3a
session_20260709_192315,193,WAITING_IN_PROGRESS,assets/replay/sessions/session_20260709_192315/frames/000193.jpg,crops/session_20260709_192315/000193.png,940,36,1620,100,67a96196962efd97cef32f99c4feda594b0463c3ab7e58141c245684bdb7ebfd
session_20260709_192315,194,WAITING_IN_PROGRESS,assets/replay/sessions/session_20260709_192315/frames/000194.jpg,crops/session_20260709_192315/000194.png,940,36,1620,100,3bd8c90ace2446d29b24c9ebe5ca38cf4bd3342975baf6f0f9cb6c0abf494874
session_20260709_192315,195,WAITING_IN_PROGRESS,assets/replay/sessions/session_20260709_192315/frames/000195.jpg,crops/session_20260709_192315/000195.png,940,36,1620,100,1772f29a18538c69198a20f9d09db063493ed24608a9b96030040662a1e75c8b
session_20260709_192315,196,WAITING_IN_PROGRESS,assets/replay/sessions/session_20260709_192315/frames/000196.jpg,crops/session_20260709_192315/000196.png,940,36,1620,100,3d3797298e45c5c71b89017a37e7bb1ab8928303053c3ee4e4e04d95c793622c
session_20260709_192315,197,WAITING_IN_PROGRESS,assets/replay/sessions/session_20260709_192315/frames/000197.jpg,crops/session_20260709_192315/000197.png,940,36,1620,100,4aa0b5ee709f48dae561f17d1bc4a1f7a53fe5c304679b1a762159acd8c8fa8e
session_20260709_192315,198,WAITING_IN_PROGRESS,assets/replay/sessions/session_20260709_192315/frames/000198.jpg,crops/session_20260709_192315/000198.png,940,36,1620,100,bc50829d29f0f09557d8b9af5f41ffa5c3fe6ab1057e07072d7ce4cd3a0133b1
session_20260709_192315,199,WAITING_IN_PROGRESS,assets/replay/sessions/session_20260709_192315/frames/000199.jpg,crops/session_20260709_192315/000199.png,940,36,1620,100,739195f92ae25277efb39f70926ea4e9a1f41c12797c351bcfcc4c2f60cdb545
session_20260709_192315,200,WAITING_IN_PROGRESS,assets/replay/sessions/session_20260709_192315/frames/000200.jpg,crops/session_20260709_192315/000200.png,940,36,1620,100,2a3254e1275bc22d5e899affaf5d4bfd51ce3090d8ce975af666ed44688caa4a
session_20260709_192315,201,WAITING_IN_PROGRESS,assets/replay/sessions/session_20260709_192315/frames/000201.jpg,crops/session_20260709_192315/000201.png,940,36,1620,100,ced8e39ca6b808c827de08dae5d66e29b95128907739000186098a415376c355
session_20260709_192315,202,WAITING_IN_PROGRESS,assets/replay/sessions/session_20260709_192315/frames/000202.jpg,crops/session_20260709_192315/000202.png,940,36,1620,100,96c561b05766f7f77b947af866b1d7da992c06bb3a7d2124e3268c8c2720661f
session_20260709_192315,203,WAITING_IN_PROGRESS,assets/replay/sessions/session_20260709_192315/frames/000203.jpg,crops/session_20260709_192315/000203.png,940,36,1620,100,d3f09bfe095b3ffad7fc36ff69886b261623a40abe54ed1e210b9198e4d8d6cd
session_20260709_192315,204,WAITING_IN_PROGRESS,assets/replay/sessions/session_20260709_192315/frames/000204.jpg,crops/session_20260709_192315/000204.png,940,36,1620,100,a542f97dd2fb76b7667a0cb40d8cbe2ec14d04257402b0206aec8436552254d5
session_20260709_192315,205,WAITING_IN_PROGRESS,assets/replay/sessions/session_20260709_192315/frames/000205.jpg,crops/session_20260709_192315/000205.png,940,36,1620,100,e96cca506307cc9e13ed16de60bba0a9f23e8b69f58f2555c8daaec512d3236b
session_20260709_192315,206,WAITING_IN_PROGRESS,assets/replay/sessions/session_20260709_192315/frames/000206.jpg,crops/session_20260709_192315/000206.png,940,36,1620,100,3f1addfad72994ccc6e8e9da9d2ebac7ec1d6f6b7b4e4d10ab2dbe092a818095
session_20260709_192315,207,WAITING_IN_PROGRESS,assets/replay/sessions/session_20260709_192315/frames/000207.jpg,crops/session_20260709_192315/000207.png,940,36,1620,100,4d490ce2f5a02683d0cf1dc77ef4403068a71df8327205e07d23b287e4eacd19
session_20260709_192315,208,WAITING_IN_PROGRESS,assets/replay/sessions/session_20260709_192315/frames/000208.jpg,crops/session_20260709_192315/000208.png,940,36,1620,100,561abdadae13b7c62a14268aa7f1eb08ef7ce0ea853162d2fafa95fab4605a41
session_20260709_192315,209,WAITING_IN_PROGRESS,assets/replay/sessions/session_20260709_192315/frames/000209.jpg,crops/session_20260709_192315/000209.png,940,36,1620,100,a054542c112eb6b048c8d40bb954e1351b88b998bd852803e444f03f86cb8ee9
session_20260709_192315,210,WAITING_IN_PROGRESS,assets/replay/sessions/session_20260709_192315/frames/000210.jpg,crops/session_20260709_192315/000210.png,940,36,1620,100,0545c37e2bdc0c3ca7927b61387fff558dd672adc188619c9cf71f0b5ad46221
session_20260709_192315,211,WAITING_IN_PROGRESS,assets/replay/sessions/session_20260709_192315/frames/000211.jpg,crops/session_20260709_192315/000211.png,940,36,1620,100,2d338bbdb97cc2bc1fbfc0da410123dbd97fed4eb7d5f3fa8a5fa4d4b37592b4
session_20260709_192315,212,WAITING_IN_PROGRESS,assets/replay/sessions/session_20260709_192315/frames/000212.jpg,crops/session_20260709_192315/000212.png,940,36,1620,100,933b5a0e6ec19586e8bcaff16c44638d464c3d9db3ada26bb0d7f6c86ddb124f
session_20260709_192315,213,WAITING_IN_PROGRESS,assets/replay/sessions/session_20260709_192315/frames/000213.jpg,crops/session_20260709_192315/000213.png,940,36,1620,100,6f215f7821d2e4015f57659a46d900b00962d3cf70476d7b4adeb69f99f1f3b9
session_20260709_192315,214,WAITING_IN_PROGRESS,assets/replay/sessions/session_20260709_192315/frames/000214.jpg,crops/session_20260709_192315/000214.png,940,36,1620,100,f2592606579f8d011e620c41ab4935b1cd35dc33736ed00225f2be07e9dc83eb
session_20260709_192315,215,WAITING_IN_PROGRESS,assets/replay/sessions/session_20260709_192315/frames/000215.jpg,crops/session_20260709_192315/000215.png,940,36,1620,100,b078c07c1c49fb37f561b23f9f606f37199861f0787c8686ea0fc1e982e893a4
session_20260709_192315,216,WAITING_IN_PROGRESS,assets/replay/sessions/session_20260709_192315/frames/000216.jpg,crops/session_20260709_192315/000216.png,940,36,1620,100,bc09e043c213a245b3556a8e0b8974f678bbee0b238ba53caeac32bd3cf9e8e6
session_20260709_192315,217,WAITING_IN_PROGRESS,assets/replay/sessions/session_20260709_192315/frames/000217.jpg,crops/session_20260709_192315/000217.png,940,36,1620,100,2c4c04afe53a5c85dcd963c20748ce69a6faed36e00c9814939212c4aa694bb1
session_20260709_192315,218,WAITING_IN_PROGRESS,assets/replay/sessions/session_20260709_192315/frames/000218.jpg,crops/session_20260709_192315/000218.png,940,36,1620,100,48e9c588784aaee74d90dfab5b771322727e53ef1ef05a0cfe1c6ab322117478
session_20260709_192315,219,WAITING_IN_PROGRESS,assets/replay/sessions/session_20260709_192315/frames/000219.jpg,crops/session_20260709_192315/000219.png,940,36,1620,100,d5157d75db412fe93962c07379e731b5dfdd4e4c13bdedc3c0f45f5b0651f9c0
session_20260709_192315,220,WAITING_IN_PROGRESS,assets/replay/sessions/session_20260709_192315/frames/000220.jpg,crops/session_20260709_192315/000220.png,940,36,1620,100,58c60ba9a98e899894a9614dea6c16543106e2907d48af23ccc088cc81f8db75
session_20260709_192315,221,WAITING_IN_PROGRESS,assets/replay/sessions/session_20260709_192315/frames/000221.jpg,crops/session_20260709_192315/000221.png,940,36,1620,100,81d54eec0f1648343e0258a673cdcee2175d957c763350890ba5fca3eb29a4ba
session_20260709_192315,222,WAITING_IN_PROGRESS,assets/replay/sessions/session_20260709_192315/frames/000222.jpg,crops/session_20260709_192315/000222.png,940,36,1620,100,6e90ba2f9c80e7f7cd02dbaf0986c21e4741ac439e65cfe0a44c5f469bbf3dfa
session_20260709_192315,223,WAITING_IN_PROGRESS,assets/replay/sessions/session_20260709_192315/frames/000223.jpg,crops/session_20260709_192315/000223.png,940,36,1620,100,449f26255691806245736501cee9c290d1535acd8d91d737cee3bf7f3195dffc
session_20260709_192315,224,WAITING_IN_PROGRESS,assets/replay/sessions/session_20260709_192315/frames/000224.jpg,crops/session_20260709_192315/000224.png,940,36,1620,100,28371dfa8320b11dc6f614bed5ce06324573515fa028f4d4ac03b1f6a438b13b
session_20260709_192315,225,WAITING_IN_PROGRESS,assets/replay/sessions/session_20260709_192315/frames/000225.jpg,crops/session_20260709_192315/000225.png,940,36,1620,100,f18bb65faf80ecbe1fd65561b2f023497439a94cfc7d21a526c4809cee7ed6b8
session_20260709_192315,226,WAITING_IN_PROGRESS,assets/replay/sessions/session_20260709_192315/frames/000226.jpg,crops/session_20260709_192315/000226.png,940,36,1620,100,9bbf747d31c4ee1561635c5cac9484e3b9e9bab600ab58be45054e5b2cc767ba
session_20260709_192315,227,WAITING_IN_PROGRESS,assets/replay/sessions/session_20260709_192315/frames/000227.jpg,crops/session_20260709_192315/000227.png,940,36,1620,100,fd82ea3733a83391e955b970f292c849e4fefb7459f9ebdfe5f5a91e7ca1c3cd
session_20260709_192315,228,WAITING_IN_PROGRESS,assets/replay/sessions/session_20260709_192315/frames/000228.jpg,crops/session_20260709_192315/000228.png,940,36,1620,100,b2c4ed6a4d4b987b571b64cccf4f9c01fe2168d07f5246f4cae732c57d3ea044
session_20260709_192315,229,WAITING_IN_PROGRESS,assets/replay/sessions/session_20260709_192315/frames/000229.jpg,crops/session_20260709_192315/000229.png,940,36,1620,100,e5935a9239caa62ff892884e4f977477ce1a5cbace91eae114f0b7540c97f00a
session_20260709_192315,230,WAITING_IN_PROGRESS,assets/replay/sessions/session_20260709_192315/frames/000230.jpg,crops/session_20260709_192315/000230.png,940,36,1620,100,604e7a219c7b35fb2144d1cc1428751055403c4e117f921682ec1e992cf822fa
session_20260709_192315,231,WAITING_IN_PROGRESS,assets/replay/sessions/session_20260709_192315/frames/000231.jpg,crops/session_20260709_192315/000231.png,940,36,1620,100,fb76bec7c3aedf238b644a205abd9b6fb8ee26ed5c6c87cca805d0350196604b
session_20260709_192315,232,WAITING_IN_PROGRESS,assets/replay/sessions/session_20260709_192315/frames/000232.jpg,crops/session_20260709_192315/000232.png,940,36,1620,100,dd3f8020d6ce9b627352ada33637ea6a0d85f26b41501a3bda5cdcd51350b9e4
session_20260709_192315,233,WAITING_IN_PROGRESS,assets/replay/sessions/session_20260709_192315/frames/000233.jpg,crops/session_20260709_192315/000233.png,940,36,1620,100,bee7e74d7ceecfa797e4a7173946d561bb7d00bed19a3048c05f9306ed419a73
session_20260709_192315,234,WAITING_IN_PROGRESS,assets/replay/sessions/session_20260709_192315/frames/000234.jpg,crops/session_20260709_192315/000234.png,940,36,1620,100,bb43dc4d52007e21687be722844b13ab5e69d8479ef35ef9ccb1c6859ed77004
session_20260709_192315,235,WAITING_IN_PROGRESS,assets/replay/sessions/session_20260709_192315/frames/000235.jpg,crops/session_20260709_192315/000235.png,940,36,1620,100,e9a4f17b6cafbeb2f901ce7afe7f607f55243b7839991e3e97a87626f597522c
session_20260709_192315,236,WAITING_IN_PROGRESS,assets/replay/sessions/session_20260709_192315/frames/000236.jpg,crops/session_20260709_192315/000236.png,940,36,1620,100,d3f6467120eb78d0e277fc701270f6fe788d2b7a486c59594c78515bc4d8393d
session_20260709_192315,237,WAITING_IN_PROGRESS,assets/replay/sessions/session_20260709_192315/frames/000237.jpg,crops/session_20260709_192315/000237.png,940,36,1620,100,b3e93ea5979915c4d2196bb2483816e63d1c60bb85bf0b5aee89c19c332fe529
session_20260709_192315,238,WAITING_IN_PROGRESS,assets/replay/sessions/session_20260709_192315/frames/000238.jpg,crops/session_20260709_192315/000238.png,940,36,1620,100,74f2aa0f132c52ed9e81f7ea32e12514faf9eaefef7c9e9bc5462a450acb43b2
session_20260709_192315,239,WAITING_IN_PROGRESS,assets/replay/sessions/session_20260709_192315/frames/000239.jpg,crops/session_20260709_192315/000239.png,940,36,1620,100,d5973eaa86e0da70dcbbc4de511a042bf07f8c1d7d11f4fce4b08135cb8d0bf6
session_20260709_192315,240,WAITING_IN_PROGRESS,assets/replay/sessions/session_20260709_192315/frames/000240.jpg,crops/session_20260709_192315/000240.png,940,36,1620,100,a9cd3bce3feb6645bb62403e6278df601e6bc5d06129b20edc4583a50206f7d2
session_20260709_192315,241,WAITING_IN_PROGRESS,assets/replay/sessions/session_20260709_192315/frames/000241.jpg,crops/session_20260709_192315/000241.png,940,36,1620,100,d86bc4f561af6693e11d64b4c4bd828e099aa658a32efad876550d6edc8ab42e
session_20260709_192315,242,WAITING_IN_PROGRESS,assets/replay/sessions/session_20260709_192315/frames/000242.jpg,crops/session_20260709_192315/000242.png,940,36,1620,100,1acb0435dd55de47e36b3c329ab09b42728bc944b91fdcbfe36ebb34ae5e57d0
session_20260709_192315,243,WAITING_IN_PROGRESS,assets/replay/sessions/session_20260709_192315/frames/000243.jpg,crops/session_20260709_192315/000243.png,940,36,1620,100,b4a3ec977ce1bd349ec95d5c364dfff9714b35d288a00c0e787387db0cc7069b
session_20260709_192315,244,WAITING_IN_PROGRESS,assets/replay/sessions/session_20260709_192315/frames/000244.jpg,crops/session_20260709_192315/000244.png,940,36,1620,100,8c4050805ddccf856730e93c448f79ff187335e4676d3b76c6feb338ed77d037
session_20260709_192315,245,WAITING_IN_PROGRESS,assets/replay/sessions/session_20260709_192315/frames/000245.jpg,crops/session_20260709_192315/000245.png,940,36,1620,100,bf84e162e7ad6150ea8e2087ccae209d5ac9caf49eabb7e5e120778a685bbf0d
session_20260709_192315,246,WAITING_IN_PROGRESS,assets/replay/sessions/session_20260709_192315/frames/000246.jpg,crops/session_20260709_192315/000246.png,940,36,1620,100,9abf4b05cc6f388f54c1f86bca4fc5d821f96322e44a216dfed1ea4a1881a33b
session_20260709_192315,247,WAITING_IN_PROGRESS,assets/replay/sessions/session_20260709_192315/frames/000247.jpg,crops/session_20260709_192315/000247.png,940,36,1620,100,34cc2e0be2b20a3a0c76bda1c78272ef2b0aa62f48d9d6354f2e481f09576216
session_20260709_192315,248,WAITING_IN_PROGRESS,assets/replay/sessions/session_20260709_192315/frames/000248.jpg,crops/session_20260709_192315/000248.png,940,36,1620,100,64ffa2acc50c194c378bd9c91697945aa4c681ab82f24ea8a8ee4f530c0162a2
session_20260709_192315,249,WAITING_IN_PROGRESS,assets/replay/sessions/session_20260709_192315/frames/000249.jpg,crops/session_20260709_192315/000249.png,940,36,1620,100,2377431b2b5c6ff51105a26c7b07a3d8c88352d5a7ad0196c785c3c71e6fe4bd
session_20260709_192315,250,WAITING_IN_PROGRESS,assets/replay/sessions/session_20260709_192315/frames/000250.jpg,crops/session_20260709_192315/000250.png,940,36,1620,100,61cf8e041beacf2d943add145c69ff229326134ab4ee786976ca43957c628858
session_20260709_192315,251,WAITING_IN_PROGRESS,assets/replay/sessions/session_20260709_192315/frames/000251.jpg,crops/session_20260709_192315/000251.png,940,36,1620,100,e8145ac9760cdbf263ba38128e1c48da139ab4e4f21e46240863b56645173aeb
session_20260709_192315,252,WAITING_IN_PROGRESS,assets/replay/sessions/session_20260709_192315/frames/000252.jpg,crops/session_20260709_192315/000252.png,940,36,1620,100,9a284b3f8a95ba6ce7f63f82cc138e25475be2eea046cbd358a55e60a7558be1
session_20260709_192315,253,WAITING_IN_PROGRESS,assets/replay/sessions/session_20260709_192315/frames/000253.jpg,crops/session_20260709_192315/000253.png,940,36,1620,100,4e26124876805159b038ebaedb8a40c2d9bf07f0767fc72ebbe9b50273ba1298
session_20260709_192315,254,WAITING_IN_PROGRESS,assets/replay/sessions/session_20260709_192315/frames/000254.jpg,crops/session_20260709_192315/000254.png,940,36,1620,100,73f100b33c76997f2d6b3874492a1d8f998fbfe0fe657eb7c7ddbf0413fe5dbc
session_20260709_192315,255,WAITING_IN_PROGRESS,assets/replay/sessions/session_20260709_192315/frames/000255.jpg,crops/session_20260709_192315/000255.png,940,36,1620,100,29a87b71f75e2262dd34967c391bbf7cb90722a9d1e6705d49904051c0561b03
session_20260709_192315,256,WAITING_IN_PROGRESS,assets/replay/sessions/session_20260709_192315/frames/000256.jpg,crops/session_20260709_192315/000256.png,940,36,1620,100,bf01ee101678ee3a7091ce0b8acf2dace0159186d526f7c74fe7d5cd2c0867e5
session_20260709_192315,257,WAITING_IN_PROGRESS,assets/replay/sessions/session_20260709_192315/frames/000257.jpg,crops/session_20260709_192315/000257.png,940,36,1620,100,edfbd954e9b05af9c3560721549da61af5532a2261a9d4656d1f802c1c31ce49
session_20260709_192315,258,WAITING_IN_PROGRESS,assets/replay/sessions/session_20260709_192315/frames/000258.jpg,crops/session_20260709_192315/000258.png,940,36,1620,100,0b0ae54b425538a7112e395e881aa56ded012c3345f2e2edeb5b0556a4b7d936
session_20260709_192315,259,WAITING_IN_PROGRESS,assets/replay/sessions/session_20260709_192315/frames/000259.jpg,crops/session_20260709_192315/000259.png,940,36,1620,100,3be16a504e6a759502749ee7a968ad35db870218e39860294fcd04ded6cedee8
session_20260709_192315,260,WAITING_IN_PROGRESS,assets/replay/sessions/session_20260709_192315/frames/000260.jpg,crops/session_20260709_192315/000260.png,940,36,1620,100,1a3ba747f1ffe845f615eb24174c078c37a9e77e005673f01188364ff74bf74d
session_20260709_192315,261,WAITING_IN_PROGRESS,assets/replay/sessions/session_20260709_192315/frames/000261.jpg,crops/session_20260709_192315/000261.png,940,36,1620,100,e986e3ccc6ec34c48a5de53e7d26edbdf2bf465e7873bcdc5bda1e40c0a7aa4b
session_20260709_192315,262,WAITING_IN_PROGRESS,assets/replay/sessions/session_20260709_192315/frames/000262.jpg,crops/session_20260709_192315/000262.png,940,36,1620,100,0389905c1d259e2e99a7185dc94dab61fa5222c09f29ae99805dc4e44a567512
session_20260709_192315,263,WAITING_IN_PROGRESS,assets/replay/sessions/session_20260709_192315/frames/000263.jpg,crops/session_20260709_192315/000263.png,940,36,1620,100,fe8dd4186f54bb2c096a8ddd8bacaefeda741b55cac6e8a1de96d801c5a0fc6b
session_20260709_192315,264,WAITING_IN_PROGRESS,assets/replay/sessions/session_20260709_192315/frames/000264.jpg,crops/session_20260709_192315/000264.png,940,36,1620,100,2d6e4ecd764aceafed302bc2e12fd15dd8dd1178910b5a473455d4d323a6e898
session_20260709_192315,265,WAITING_IN_PROGRESS,assets/replay/sessions/session_20260709_192315/frames/000265.jpg,crops/session_20260709_192315/000265.png,940,36,1620,100,bf7ee8d7523668923afe906b7847851b3ab9dd401db8433b173ec6d6494047cd
session_20260709_192315,266,WAITING_IN_PROGRESS,assets/replay/sessions/session_20260709_192315/frames/000266.jpg,crops/session_20260709_192315/000266.png,940,36,1620,100,0f8e02ccaf290dba5d22978f98ead04779c0fa8152090afa974e005e0329f8ed
session_20260709_192315,267,WAITING_IN_PROGRESS,assets/replay/sessions/session_20260709_192315/frames/000267.jpg,crops/session_20260709_192315/000267.png,940,36,1620,100,90fa1bdcce2599bea89f37aa3ed2024bb49b7b9ac1af7ecc74c5970b532a8ff7
session_20260709_192315,268,WAITING_IN_PROGRESS,assets/replay/sessions/session_20260709_192315/frames/000268.jpg,crops/session_20260709_192315/000268.png,940,36,1620,100,983781902779aa748605bacc970fce102b8e8f75d552693cc0f0a574e8971a32
session_20260709_192315,269,WAITING_IN_PROGRESS,assets/replay/sessions/session_20260709_192315/frames/000269.jpg,crops/session_20260709_192315/000269.png,940,36,1620,100,5b45714bb9ebf2ca0b1894f4e94f8739bea76aeab525b7743f9bc4821bed193d
session_20260709_192315,270,WAITING_IN_PROGRESS,assets/replay/sessions/session_20260709_192315/frames/000270.jpg,crops/session_20260709_192315/000270.png,940,36,1620,100,d3e8c87652be58aed579b5550330aeb091d78ffe5a73b74f0d8aa43faef67e54
session_20260709_192315,271,WAITING_IN_PROGRESS,assets/replay/sessions/session_20260709_192315/frames/000271.jpg,crops/session_20260709_192315/000271.png,940,36,1620,100,99f640af1b871c84dea737eb40be4f1bddeaf3389b39c56b68681c07c1468b7b
session_20260709_192315,272,WAITING_IN_PROGRESS,assets/replay/sessions/session_20260709_192315/frames/000272.jpg,crops/session_20260709_192315/000272.png,940,36,1620,100,86f890e1c6fa62eef3a7b2276c3e31aeae66734c43133952fb83e514874b4c76
session_20260709_192315,273,WAITING_IN_PROGRESS,assets/replay/sessions/session_20260709_192315/frames/000273.jpg,crops/session_20260709_192315/000273.png,940,36,1620,100,6d6e1d8e799ff141f2d8f64750b0dcaab372cec5b9f198dd964533c175f1d5c5
session_20260709_192315,274,WAITING_IN_PROGRESS,assets/replay/sessions/session_20260709_192315/frames/000274.jpg,crops/session_20260709_192315/000274.png,940,36,1620,100,0c26288ecedc645c4f8bbff521324036d7a01076b5b3d0da475f2993e2bd36d7
session_20260709_192315,275,WAITING_IN_PROGRESS,assets/replay/sessions/session_20260709_192315/frames/000275.jpg,crops/session_20260709_192315/000275.png,940,36,1620,100,403d8cdacc89e993fcc54409d1d3641b571d6a369cabc2e2de43a4986ea346f0
session_20260709_192315,276,WAITING_IN_PROGRESS,assets/replay/sessions/session_20260709_192315/frames/000276.jpg,crops/session_20260709_192315/000276.png,940,36,1620,100,844fea1651b0e9411b681196bcb6d818bee9993745ff4a6536a57852f69cc647
session_20260709_192315,277,WAITING_IN_PROGRESS,assets/replay/sessions/session_20260709_192315/frames/000277.jpg,crops/session_20260709_192315/000277.png,940,36,1620,100,0ffd150b9f31ca4eabd5e090cc3a884325cc0399232c9dcb891c7ea4b0a96bfc
session_20260709_192315,278,WAITING_IN_PROGRESS,assets/replay/sessions/session_20260709_192315/frames/000278.jpg,crops/session_20260709_192315/000278.png,940,36,1620,100,3f7c268cfa356dba7630e04e339ee64c105c784ee50e6bca548ad59e45469cbb
session_20260709_192315,279,WAITING_IN_PROGRESS,assets/replay/sessions/session_20260709_192315/frames/000279.jpg,crops/session_20260709_192315/000279.png,940,36,1620,100,1888a643ec281bc362dd479aa32b8b4c3095cad8f8ed403e1c6cde99f53b1e8c
session_20260709_192315,280,WAITING_IN_PROGRESS,assets/replay/sessions/session_20260709_192315/frames/000280.jpg,crops/session_20260709_192315/000280.png,940,36,1620,100,5c8c0f4de7fb8f6b487a66a32d99aeb840ba91daa2e53cedda6bb288a09211a1
session_20260709_192315,281,WAITING_IN_PROGRESS,assets/replay/sessions/session_20260709_192315/frames/000281.jpg,crops/session_20260709_192315/000281.png,940,36,1620,100,1147b847da5f0a287151010234d3bc22db7427b303c6a74d35029c735b6eece6
session_20260709_192315,282,WAITING_IN_PROGRESS,assets/replay/sessions/session_20260709_192315/frames/000282.jpg,crops/session_20260709_192315/000282.png,940,36,1620,100,79c25cba7deffe4e93ba4de0dc5c50ce593376725c7af8d37affd469e9de0c7d
session_20260709_192315,283,WAITING_IN_PROGRESS,assets/replay/sessions/session_20260709_192315/frames/000283.jpg,crops/session_20260709_192315/000283.png,940,36,1620,100,36456cf64aa56af391a1d276cca290e3aca6c2f84ba2ad89a70566bc23225119
session_20260709_192315,284,WAITING_IN_PROGRESS,assets/replay/sessions/session_20260709_192315/frames/000284.jpg,crops/session_20260709_192315/000284.png,940,36,1620,100,cd25a5ed0b0e6adb58ea722030263adceec1d28c020829cceb7133ec93bfd1f1
session_20260709_192315,285,WAITING_IN_PROGRESS,assets/replay/sessions/session_20260709_192315/frames/000285.jpg,crops/session_20260709_192315/000285.png,940,36,1620,100,e36397080ecdf7dfbd39c0dd0be38b3ab9b6423bbf8a83d3de7fcb7695d9887a
session_20260709_192315,286,WAITING_IN_PROGRESS,assets/replay/sessions/session_20260709_192315/frames/000286.jpg,crops/session_20260709_192315/000286.png,940,36,1620,100,e4c685086dded60e0760467cd39a790cbb8e966b1478dfff889251f09da56dab
session_20260709_192315,287,WAITING_IN_PROGRESS,assets/replay/sessions/session_20260709_192315/frames/000287.jpg,crops/session_20260709_192315/000287.png,940,36,1620,100,3eab9b65e339615baaa32f0b52ebcd61c11880be922195341f97b5018450788e
session_20260709_192315,288,WAITING_IN_PROGRESS,assets/replay/sessions/session_20260709_192315/frames/000288.jpg,crops/session_20260709_192315/000288.png,940,36,1620,100,c4ca6d5fde346eb3756a8581dcb517e19e38dc2760eebb4498b67c674c3226b3
session_20260709_192315,289,WAITING_IN_PROGRESS,assets/replay/sessions/session_20260709_192315/frames/000289.jpg,crops/session_20260709_192315/000289.png,940,36,1620,100,6bfeb5720d9dab7a3512c3a105b92d2340c02988f6473c21de340c088e7fab5f
session_20260709_192315,290,WAITING_IN_PROGRESS,assets/replay/sessions/session_20260709_192315/frames/000290.jpg,crops/session_20260709_192315/000290.png,940,36,1620,100,04d1f9ecfedbc1f4284344c4295565a1ae9f5c7b5462e4bce14f089eb5730add
session_20260709_192315,291,WAITING_IN_PROGRESS,assets/replay/sessions/session_20260709_192315/frames/000291.jpg,crops/session_20260709_192315/000291.png,940,36,1620,100,1ef9166ddda46661c64aa4fc0a917ea776a79797f978ec7eb6a221d03d887e77
session_20260709_192315,292,WAITING_IN_PROGRESS,assets/replay/sessions/session_20260709_192315/frames/000292.jpg,crops/session_20260709_192315/000292.png,940,36,1620,100,97ebeb398c8aab8a93d6ca40b1e52cec8ed78df2f5017250cf37a2ca9a373022
session_20260709_192315,293,WAITING_IN_PROGRESS,assets/replay/sessions/session_20260709_192315/frames/000293.jpg,crops/session_20260709_192315/000293.png,940,36,1620,100,575dc41f2518930d11a0bc3498e7c18485c21955bba4f50b135afd6956a918c3
session_20260709_192315,294,WAITING_IN_PROGRESS,assets/replay/sessions/session_20260709_192315/frames/000294.jpg,crops/session_20260709_192315/000294.png,940,36,1620,100,e9c13e597458a2dfd27c4f81236e28fb7706a684fc9267331eb4d4318320ce0e
session_20260709_192315,295,WAITING_IN_PROGRESS,assets/replay/sessions/session_20260709_192315/frames/000295.jpg,crops/session_20260709_192315/000295.png,940,36,1620,100,a4dc0fcba379d9787dfd67c31f5f569dd939c78c0845c16835ade9cbf096d6f3
session_20260709_192315,296,WAITING_IN_PROGRESS,assets/replay/sessions/session_20260709_192315/frames/000296.jpg,crops/session_20260709_192315/000296.png,940,36,1620,100,c7a302a59a9c6ecd10bbc5917561a174b8df8f8dbaa0d7b6459d25b22c1acb18
session_20260709_192315,297,WAITING_IN_PROGRESS,assets/replay/sessions/session_20260709_192315/frames/000297.jpg,crops/session_20260709_192315/000297.png,940,36,1620,100,88d647c956921c7419e61fa977219bddf7eb352c5c4ab8d270ef146d5fb09734
session_20260709_192315,298,WAITING_IN_PROGRESS,assets/replay/sessions/session_20260709_192315/frames/000298.jpg,crops/session_20260709_192315/000298.png,940,36,1620,100,504c9e54d34f5cd79ee3b8d46e31d016e64dd8e79dee29df31fe39055bc846d1
session_20260709_192315,299,WAITING_IN_PROGRESS,assets/replay/sessions/session_20260709_192315/frames/000299.jpg,crops/session_20260709_192315/000299.png,940,36,1620,100,7586615540e887170399974249b4c68c22b06a21c0dd3a6cc62fa33b3e1917b4
session_20260709_192315,300,WAITING_IN_PROGRESS,assets/replay/sessions/session_20260709_192315/frames/000300.jpg,crops/session_20260709_192315/000300.png,940,36,1620,100,354e6456686c5ea16023ac46e51e5e4f84ab4c66d99ee03d652e4a6d9f6b8191
session_20260709_192315,301,WAITING_IN_PROGRESS,assets/replay/sessions/session_20260709_192315/frames/000301.jpg,crops/session_20260709_192315/000301.png,940,36,1620,100,9d30ad268327fd9128d1b074b1e62bc84e10bdef16c7045df342ecb0eb701c0e
session_20260709_192315,302,WAITING_IN_PROGRESS,assets/replay/sessions/session_20260709_192315/frames/000302.jpg,crops/session_20260709_192315/000302.png,940,36,1620,100,cbc2c79dae351aab5fc9ce6c0018e433c06ca53400222df981a5d44f21aac3db
session_20260709_192315,303,WAITING_IN_PROGRESS,assets/replay/sessions/session_20260709_192315/frames/000303.jpg,crops/session_20260709_192315/000303.png,940,36,1620,100,8829e690bc5a1b4bee088246c53c483c2c82b97630a5be557d616cfacf904c2f
session_20260709_192315,304,WAITING_IN_PROGRESS,assets/replay/sessions/session_20260709_192315/frames/000304.jpg,crops/session_20260709_192315/000304.png,940,36,1620,100,2cc9cd1d7ec47fde2be805cef2855fe71444646b98ca1e3cfaed129bdc698810
session_20260709_192315,305,WAITING_IN_PROGRESS,assets/replay/sessions/session_20260709_192315/frames/000305.jpg,crops/session_20260709_192315/000305.png,940,36,1620,100,c068d1a5ef9d79feedac419d6d1be5e65cda698dc9937e9b63966e8c82c33ff6
session_20260709_192315,306,WAITING_IN_PROGRESS,assets/replay/sessions/session_20260709_192315/frames/000306.jpg,crops/session_20260709_192315/000306.png,940,36,1620,100,0176adac3ccf6bbacfff73a14aa624e81410b7edd69985f1358d7a9b7b1df4ab
session_20260709_192315,307,WAITING_IN_PROGRESS,assets/replay/sessions/session_20260709_192315/frames/000307.jpg,crops/session_20260709_192315/000307.png,940,36,1620,100,9e6d5314a7aea4440ef1eea8ae57b56b541056227fab1f094d64ed744bfde319
session_20260709_192315,308,WAITING_IN_PROGRESS,assets/replay/sessions/session_20260709_192315/frames/000308.jpg,crops/session_20260709_192315/000308.png,940,36,1620,100,6f80863ecd231ab7706222994faaa362ffc767279e833c59d6794916bd738d4a
session_20260709_192315,309,WAITING_IN_PROGRESS,assets/replay/sessions/session_20260709_192315/frames/000309.jpg,crops/session_20260709_192315/000309.png,940,36,1620,100,35227e7da3868a3da8e8ef1eac21dd31a9b97457c9f645bc815dff3066b438cd
session_20260709_192315,310,WAITING_IN_PROGRESS,assets/replay/sessions/session_20260709_192315/frames/000310.jpg,crops/session_20260709_192315/000310.png,940,36,1620,100,40ab2b9cf22ff3af43dcf1b85c46cec6e57e2dbb01186f3dec4bad68a76951f0
session_20260709_192315,311,WAITING_IN_PROGRESS,assets/replay/sessions/session_20260709_192315/frames/000311.jpg,crops/session_20260709_192315/000311.png,940,36,1620,100,332085db0714fb4cfbd1a643c67056196d79ee811f18dd27fbaeb1202ba5c1d9
session_20260709_192315,312,WAITING_IN_PROGRESS,assets/replay/sessions/session_20260709_192315/frames/000312.jpg,crops/session_20260709_192315/000312.png,940,36,1620,100,cb63af3c14be314aaaaaadae467a79c21672c3637fc61dbb2366002da39e9bcd
session_20260709_192315,313,WAITING_IN_PROGRESS,assets/replay/sessions/session_20260709_192315/frames/000313.jpg,crops/session_20260709_192315/000313.png,940,36,1620,100,5a0f6c37549e24119e5c9999cb4161aac7b91a954c88fa6e1b1f1acd2b19f3f8
session_20260709_192315,314,WAITING_IN_PROGRESS,assets/replay/sessions/session_20260709_192315/frames/000314.jpg,crops/session_20260709_192315/000314.png,940,36,1620,100,ee9bea5d266fb2a386c8f31426278d0747d2020e2df6be17363eb48c2e74d9df
session_20260709_192315,315,WAITING_IN_PROGRESS,assets/replay/sessions/session_20260709_192315/frames/000315.jpg,crops/session_20260709_192315/000315.png,940,36,1620,100,a45af04f9357bf1714da705e7a03beeeb88227b1d0f036fcb688ffa09fdb6ca3
session_20260709_192315,316,WAITING_IN_PROGRESS,assets/replay/sessions/session_20260709_192315/frames/000316.jpg,crops/session_20260709_192315/000316.png,940,36,1620,100,4c07d28e9f5e68f96207eef119bbabc7b36d5bebdbe04c067b5ab62ddbb6980a
session_20260709_192315,317,WAITING_IN_PROGRESS,assets/replay/sessions/session_20260709_192315/frames/000317.jpg,crops/session_20260709_192315/000317.png,940,36,1620,100,a52798e688b91888eac45e63d0a8136a7af3c605c2446d358614c1fa72387060
session_20260709_192315,318,WAITING_IN_PROGRESS,assets/replay/sessions/session_20260709_192315/frames/000318.jpg,crops/session_20260709_192315/000318.png,940,36,1620,100,6369727f83ca697e1247322281c824e14814961075c400f3a5acc83c3eea75be
session_20260709_192315,319,WAITING_IN_PROGRESS,assets/replay/sessions/session_20260709_192315/frames/000319.jpg,crops/session_20260709_192315/000319.png,940,36,1620,100,a61eae87479e8e8df97b4a65550b09306d0ca45ed87d8cdc657658f9dcd973c2
session_20260709_192315,320,WAITING_IN_PROGRESS,assets/replay/sessions/session_20260709_192315/frames/000320.jpg,crops/session_20260709_192315/000320.png,940,36,1620,100,531e8669d3f1fdc4300e8e2b76681f993c35e560ec91bbb3ed439927b3dc61e9
session_20260709_192315,321,WAITING_IN_PROGRESS,assets/replay/sessions/session_20260709_192315/frames/000321.jpg,crops/session_20260709_192315/000321.png,940,36,1620,100,3e9232d34f1aa2445dc8abce834f95704b617c3148b6b885466cf6d0700bd107
session_20260709_192315,322,WAITING_IN_PROGRESS,assets/replay/sessions/session_20260709_192315/frames/000322.jpg,crops/session_20260709_192315/000322.png,940,36,1620,100,3f0dc8fa2f6cd69f473ad870dc06842c53cd2d9ccf16a0aa6bec67ec21c36caf
session_20260709_192315,323,WAITING_IN_PROGRESS,assets/replay/sessions/session_20260709_192315/frames/000323.jpg,crops/session_20260709_192315/000323.png,940,36,1620,100,dcbf3b915ac80e19df8a99a33dd3f01dad7efdf7954ca760d70eef243ffb7bf2
session_20260709_192315,324,WAITING_IN_PROGRESS,assets/replay/sessions/session_20260709_192315/frames/000324.jpg,crops/session_20260709_192315/000324.png,940,36,1620,100,bc40e3b9cd8a24df5c1faa8012bb65d3cfc4f40c711f85f4fcfa699862dc5222
session_20260709_192315,325,WAITING_IN_PROGRESS,assets/replay/sessions/session_20260709_192315/frames/000325.jpg,crops/session_20260709_192315/000325.png,940,36,1620,100,4d65bfe3522097895e72d9b37a72044b1d805bd520516ab5f5d59f6a1e4b3a7e
session_20260709_192315,326,WAITING_IN_PROGRESS,assets/replay/sessions/session_20260709_192315/frames/000326.jpg,crops/session_20260709_192315/000326.png,940,36,1620,100,78a5b02ee442670043a2cbce13e2dd38f5ff01187d5b2caa02df90872f15d49f
session_20260709_192315,327,WAITING_IN_PROGRESS,assets/replay/sessions/session_20260709_192315/frames/000327.jpg,crops/session_20260709_192315/000327.png,940,36,1620,100,e998c83b5dc28000495687c647711f5041c747c416874acb2721c1073ed28ce1
session_20260709_192315,328,WAITING_IN_PROGRESS,assets/replay/sessions/session_20260709_192315/frames/000328.jpg,crops/session_20260709_192315/000328.png,940,36,1620,100,c1100a22de568a1f91437225a2fdbfe8914be563958b0ef4ef2fe9fa8a427351
session_20260709_192315,329,WAITING_IN_PROGRESS,assets/replay/sessions/session_20260709_192315/frames/000329.jpg,crops/session_20260709_192315/000329.png,940,36,1620,100,01e947416cdb7d2e4368d6d2820141378a1ec988edc1032c1f6e7eca0c73163e
session_20260709_192315,330,WAITING_IN_PROGRESS,assets/replay/sessions/session_20260709_192315/frames/000330.jpg,crops/session_20260709_192315/000330.png,940,36,1620,100,4fa848e4ed41a658502cd591dde5c7d706625968f58c513d251998b24cbec988
session_20260709_192315,331,WAITING_IN_PROGRESS,assets/replay/sessions/session_20260709_192315/frames/000331.jpg,crops/session_20260709_192315/000331.png,940,36,1620,100,ed2a4b80937d124c23b6a65495d3c1047828f011596f65c47222348e6735b971
session_20260709_192315,332,WAITING_IN_PROGRESS,assets/replay/sessions/session_20260709_192315/frames/000332.jpg,crops/session_20260709_192315/000332.png,940,36,1620,100,37bbed1ea32ea85083c0929928c78e32d50763d61dd583f0c107f884de74e045
session_20260709_192315,333,WAITING_IN_PROGRESS,assets/replay/sessions/session_20260709_192315/frames/000333.jpg,crops/session_20260709_192315/000333.png,940,36,1620,100,89f4c22f17a0fc004f4e09ddec5ba8e65620ff731f0b758c61eae988479ab77b
session_20260709_192315,334,WAITING_IN_PROGRESS,assets/replay/sessions/session_20260709_192315/frames/000334.jpg,crops/session_20260709_192315/000334.png,940,36,1620,100,fd7d61ae5bf945f4badc573125f414962352a634d62872152cf0ebdd58f4d499
session_20260709_192315,335,WAITING_IN_PROGRESS,assets/replay/sessions/session_20260709_192315/frames/000335.jpg,crops/session_20260709_192315/000335.png,940,36,1620,100,41095ecb8efd5e826e0150d2c94de070570a690596175ef827c3be0dd7994a3b
session_20260709_192315,336,WAITING_IN_PROGRESS,assets/replay/sessions/session_20260709_192315/frames/000336.jpg,crops/session_20260709_192315/000336.png,940,36,1620,100,33157b00d27b330fdfb51ad3b461293f804278eb5a0ed4f44e37b0c58de62a48
session_20260709_192315,337,WAITING_IN_PROGRESS,assets/replay/sessions/session_20260709_192315/frames/000337.jpg,crops/session_20260709_192315/000337.png,940,36,1620,100,57966f3789a3e0ab6278529e19ef2dd088be31738e0e26f284d11e60f61d41f0
session_20260709_192315,338,WAITING_IN_PROGRESS,assets/replay/sessions/session_20260709_192315/frames/000338.jpg,crops/session_20260709_192315/000338.png,940,36,1620,100,aca9e4134a45ab6a0e8fe506d2899927a449df5fe897d1eb3fd5b8b897e27100
session_20260709_192315,339,WAITING_IN_PROGRESS,assets/replay/sessions/session_20260709_192315/frames/000339.jpg,crops/session_20260709_192315/000339.png,940,36,1620,100,a78de95f5d6120e9bdfdadf86264398f50618bae30a5f2c5ce5f0887b65c924b
session_20260709_192315,340,WAITING_IN_PROGRESS,assets/replay/sessions/session_20260709_192315/frames/000340.jpg,crops/session_20260709_192315/000340.png,940,36,1620,100,00cbefd8dce89034eec524281191a96f07d998bc84a743c7e0785787071ec15c
session_20260709_192315,341,WAITING_IN_PROGRESS,assets/replay/sessions/session_20260709_192315/frames/000341.jpg,crops/session_20260709_192315/000341.png,940,36,1620,100,8232d44e25b67dadffd78693a35fcbbf3b37eb341ad935e7c1611121ad6a41be
session_20260709_192315,342,WAITING_IN_PROGRESS,assets/replay/sessions/session_20260709_192315/frames/000342.jpg,crops/session_20260709_192315/000342.png,940,36,1620,100,b3dfa9885de244f3b7b89d5d0eb2f6463f7308656a9f532fd0416524644843d4
session_20260709_192315,343,WAITING_IN_PROGRESS,assets/replay/sessions/session_20260709_192315/frames/000343.jpg,crops/session_20260709_192315/000343.png,940,36,1620,100,e431a51b4f734e96b0693b6d203fcf79d5efdad340f660e52a69889bef8708b9
session_20260709_192315,344,WAITING_IN_PROGRESS,assets/replay/sessions/session_20260709_192315/frames/000344.jpg,crops/session_20260709_192315/000344.png,940,36,1620,100,132d03327345a3ad7c1effdc6e983ceaa0bc5ce133af651b23cb4f2fc9920201
session_20260709_192315,345,WAITING_IN_PROGRESS,assets/replay/sessions/session_20260709_192315/frames/000345.jpg,crops/session_20260709_192315/000345.png,940,36,1620,100,3afcd4bbeba35a62120b4312a071f7e7d06446746ceb103331cad4a8c0de4ec2
session_20260709_192315,346,WAITING_IN_PROGRESS,assets/replay/sessions/session_20260709_192315/frames/000346.jpg,crops/session_20260709_192315/000346.png,940,36,1620,100,c4d48249835065bb3651564267fc0a418473567ea0e02fa6339c3c57067d92c7
session_20260709_192315,347,WAITING_IN_PROGRESS,assets/replay/sessions/session_20260709_192315/frames/000347.jpg,crops/session_20260709_192315/000347.png,940,36,1620,100,80d5a2aa3e54ba3a7f3f8f74cb4dae990e5f714e9c78302116e80e2c9deafff2
session_20260709_192315,348,WAITING_IN_PROGRESS,assets/replay/sessions/session_20260709_192315/frames/000348.jpg,crops/session_20260709_192315/000348.png,940,36,1620,100,0039493e5d001b1c049823853cf5b8fcccdeb5e5b7f250b200c592d861c1515f
session_20260709_192315,349,WAITING_IN_PROGRESS,assets/replay/sessions/session_20260709_192315/frames/000349.jpg,crops/session_20260709_192315/000349.png,940,36,1620,100,4a82739daa6a55bbe890c559ba59b65431fcae2d5505af320299c0706eec7a36
session_20260709_192315,350,WAITING_IN_PROGRESS,assets/replay/sessions/session_20260709_192315/frames/000350.jpg,crops/session_20260709_192315/000350.png,940,36,1620,100,db50e55a418df93b3d01e26a7c6bfdf6b561500e0583a2b6b0a2ea5a0c979c6a
session_20260709_192315,351,WAITING_IN_PROGRESS,assets/replay/sessions/session_20260709_192315/frames/000351.jpg,crops/session_20260709_192315/000351.png,940,36,1620,100,098f43948ce6283306410d36a7fd1261ebaaea34fbc60a5a4b4102d489019c2e
session_20260709_192315,352,WAITING_IN_PROGRESS,assets/replay/sessions/session_20260709_192315/frames/000352.jpg,crops/session_20260709_192315/000352.png,940,36,1620,100,e22da4780baf111738c9590f89c17b037fbf3390f7f6894b7c9cff021ef1178d
session_20260709_192315,353,WAITING_IN_PROGRESS,assets/replay/sessions/session_20260709_192315/frames/000353.jpg,crops/session_20260709_192315/000353.png,940,36,1620,100,3c92c47fe14d73802e4fe746fda5ebfa2b109a3f9d9b82983ac226041d3935a1
session_20260709_192315,354,WAITING_IN_PROGRESS,assets/replay/sessions/session_20260709_192315/frames/000354.jpg,crops/session_20260709_192315/000354.png,940,36,1620,100,1d86c280641efa3a76d8254a958c5c5aae5830b8ece8c3e70f9da670a210fd36
session_20260709_192315,355,WAITING_IN_PROGRESS,assets/replay/sessions/session_20260709_192315/frames/000355.jpg,crops/session_20260709_192315/000355.png,940,36,1620,100,52c11d2ec26c2536e27581761dd2d0c5a7d30e07733f6c73e8a58805ea8f1c11
session_20260709_192315,356,WAITING_IN_PROGRESS,assets/replay/sessions/session_20260709_192315/frames/000356.jpg,crops/session_20260709_192315/000356.png,940,36,1620,100,5c22628372cbbe32482fe9002beed976e8f867f490c68d1e9118d98c0a12eada
session_20260709_192315,357,WAITING_IN_PROGRESS,assets/replay/sessions/session_20260709_192315/frames/000357.jpg,crops/session_20260709_192315/000357.png,940,36,1620,100,efa5597fa5c6df6353a648fc834a6b7ca81ec760b183779a6afdf1b8747342a4
session_20260709_192315,358,WAITING_IN_PROGRESS,assets/replay/sessions/session_20260709_192315/frames/000358.jpg,crops/session_20260709_192315/000358.png,940,36,1620,100,56b6242dab121c9a36093b9c282a911b924d638b95ffa19a976061ba1c855118
session_20260709_192315,359,WAITING_IN_PROGRESS,assets/replay/sessions/session_20260709_192315/frames/000359.jpg,crops/session_20260709_192315/000359.png,940,36,1620,100,4af47a8cc17661507c69d8a769198e710fd0d4ec87f74d0ee93dbbf9ec5de43c
session_20260709_192315,360,WAITING_IN_PROGRESS,assets/replay/sessions/session_20260709_192315/frames/000360.jpg,crops/session_20260709_192315/000360.png,940,36,1620,100,63f4a626e0b58f2a74d1336205d0729ff70ff328a7ad79e287af6c9e9615e549
session_20260709_192315,361,WAITING_IN_PROGRESS,assets/replay/sessions/session_20260709_192315/frames/000361.jpg,crops/session_20260709_192315/000361.png,940,36,1620,100,0fc8f5c77251bc6a5161c008532159a3dbc98aa78803faeb477499720740f023
session_20260709_192315,362,WAITING_IN_PROGRESS,assets/replay/sessions/session_20260709_192315/frames/000362.jpg,crops/session_20260709_192315/000362.png,940,36,1620,100,7e6a3493af55660c33902a2bf0c0c81bdcb79b3cdd3502140734f91df01c1e50
session_20260709_192315,363,WAITING_IN_PROGRESS,assets/replay/sessions/session_20260709_192315/frames/000363.jpg,crops/session_20260709_192315/000363.png,940,36,1620,100,8828545ad8dbb2fa7449dec72dbd04588f31ee4120982dc523bc93910ca61ac2
session_20260709_192315,364,WAITING_IN_PROGRESS,assets/replay/sessions/session_20260709_192315/frames/000364.jpg,crops/session_20260709_192315/000364.png,940,36,1620,100,2cb600c6d0a811353851a900ea98be4e7248b398265c27a60a750e2884ce80a9
session_20260709_192315,365,WAITING_IN_PROGRESS,assets/replay/sessions/session_20260709_192315/frames/000365.jpg,crops/session_20260709_192315/000365.png,940,36,1620,100,33dc01cb904a4ceba73b95f6673504d14e6646c7e3941ff4e39fc20227b55cfe
session_20260709_192315,366,WAITING_IN_PROGRESS,assets/replay/sessions/session_20260709_192315/frames/000366.jpg,crops/session_20260709_192315/000366.png,940,36,1620,100,2fefdc1295922a07fbe6dfaf64b35ef9bbc595a88a85bdf20563e3f0e3634c8c
session_20260709_192315,367,WAITING_IN_PROGRESS,assets/replay/sessions/session_20260709_192315/frames/000367.jpg,crops/session_20260709_192315/000367.png,940,36,1620,100,9f37b27cfe75ad30836d1d4ecaf93a26c67e2996b4479f2d78eaaca112150930
session_20260709_192315,368,WAITING_IN_PROGRESS,assets/replay/sessions/session_20260709_192315/frames/000368.jpg,crops/session_20260709_192315/000368.png,940,36,1620,100,50d6612825e18c79edfefcaf9e17257bc3beadf68be4f482c424b65e4ca1c986
session_20260709_192315,369,WAITING_IN_PROGRESS,assets/replay/sessions/session_20260709_192315/frames/000369.jpg,crops/session_20260709_192315/000369.png,940,36,1620,100,a5b33d4ce0fd1e67fe6412305651195282f8e04aa8744645b3e826a9cd7c020b
session_20260709_192315,370,WAITING_IN_PROGRESS,assets/replay/sessions/session_20260709_192315/frames/000370.jpg,crops/session_20260709_192315/000370.png,940,36,1620,100,3d3e4c7a05ce13b0aa3274c59a2fd8c08ba5a7e738163e83d4fbb03d9d841059
session_20260709_192315,371,WAITING_IN_PROGRESS,assets/replay/sessions/session_20260709_192315/frames/000371.jpg,crops/session_20260709_192315/000371.png,940,36,1620,100,85ca0e36b090ab4105095ac34d54f012fbba1ecbc1b958a3d2822509384b6ff8
session_20260709_192315,372,WAITING_IN_PROGRESS,assets/replay/sessions/session_20260709_192315/frames/000372.jpg,crops/session_20260709_192315/000372.png,940,36,1620,100,457793c3a420ac47e04cdce74bad25740c20daa4f54b606abdd538920abf347d
session_20260709_192315,373,WAITING_IN_PROGRESS,assets/replay/sessions/session_20260709_192315/frames/000373.jpg,crops/session_20260709_192315/000373.png,940,36,1620,100,3737b6fe808ed9df9c41a3a0ce4c44d0b66b6313d13cc2261d2e1a05a1888f4b
session_20260709_192315,374,WAITING_IN_PROGRESS,assets/replay/sessions/session_20260709_192315/frames/000374.jpg,crops/session_20260709_192315/000374.png,940,36,1620,100,640492e61d02e31857bfc38d2f503859ece8c4108e13e4a349a2caba67aa6453
session_20260709_192315,375,WAITING_IN_PROGRESS,assets/replay/sessions/session_20260709_192315/frames/000375.jpg,crops/session_20260709_192315/000375.png,940,36,1620,100,1cc9eb43b3e0abab4f0f9d339961038d08868dc2c77d7fb6120fe69f0b72181b
session_20260709_192315,376,WAITING_IN_PROGRESS,assets/replay/sessions/session_20260709_192315/frames/000376.jpg,crops/session_20260709_192315/000376.png,940,36,1620,100,a484024b0c9d376b382c31446f101eb09fe80032830a896dbc7e19db635991cb
session_20260709_192315,377,WAITING_IN_PROGRESS,assets/replay/sessions/session_20260709_192315/frames/000377.jpg,crops/session_20260709_192315/000377.png,940,36,1620,100,54383650dfaa5b21d387ff52e252823ef9cf6b0e3d1ab3e82f065e88b8f40e52
session_20260709_192315,378,WAITING_IN_PROGRESS,assets/replay/sessions/session_20260709_192315/frames/000378.jpg,crops/session_20260709_192315/000378.png,940,36,1620,100,c5748945d96bf2c5131cc89bb995cfb3c2333707c2d3a1b9c7d17dc4570dbb61
session_20260709_192315,379,WAITING_IN_PROGRESS,assets/replay/sessions/session_20260709_192315/frames/000379.jpg,crops/session_20260709_192315/000379.png,940,36,1620,100,676f048fe7808dc15411fd607a4ce4a6ca1b709d8534c2d169df95665ff3a79b
session_20260709_192315,380,WAITING_IN_PROGRESS,assets/replay/sessions/session_20260709_192315/frames/000380.jpg,crops/session_20260709_192315/000380.png,940,36,1620,100,96e0d4f940278668318c078e1e599b5df41d7ec0a0995fce86cac7a0a870206d
session_20260709_192315,381,WAITING_IN_PROGRESS,assets/replay/sessions/session_20260709_192315/frames/000381.jpg,crops/session_20260709_192315/000381.png,940,36,1620,100,79a20f6cbcd9fddc03f88d7022f8deb272f3c9ad587f05a74e2927273356126a
session_20260709_192315,382,WAITING_IN_PROGRESS,assets/replay/sessions/session_20260709_192315/frames/000382.jpg,crops/session_20260709_192315/000382.png,940,36,1620,100,78d89401e3123f390a8590a28a48cf9f641ba8cb5bb305d4091dfb038dcde23d
session_20260709_192315,383,WAITING_IN_PROGRESS,assets/replay/sessions/session_20260709_192315/frames/000383.jpg,crops/session_20260709_192315/000383.png,940,36,1620,100,732f23752f8e6ddb5d8faa210af3109d9a0d4c45bc3755086ac69d9e5c2356f4
session_20260709_192315,384,WAITING_IN_PROGRESS,assets/replay/sessions/session_20260709_192315/frames/000384.jpg,crops/session_20260709_192315/000384.png,940,36,1620,100,5455b5c6eb02118e6fce95068c3efa0b4fd0ffa416bd5a3de1d69b9af458bcc4
session_20260709_192315,385,WAITING_IN_PROGRESS,assets/replay/sessions/session_20260709_192315/frames/000385.jpg,crops/session_20260709_192315/000385.png,940,36,1620,100,3b464157daac4be85dc55c828bc5fc1eaa731658a7172483974cc29535f3a107
session_20260709_192315,386,WAITING_IN_PROGRESS,assets/replay/sessions/session_20260709_192315/frames/000386.jpg,crops/session_20260709_192315/000386.png,940,36,1620,100,6c0e38967fdfa181801f15e3d651ec6cd9a94f54b1460a8df18953ff8c5557ef
session_20260709_192315,387,WAITING_IN_PROGRESS,assets/replay/sessions/session_20260709_192315/frames/000387.jpg,crops/session_20260709_192315/000387.png,940,36,1620,100,b0b482b168fee230d7678632d486c2b130459351bc2bdc8351157845637bb313
session_20260709_192315,388,WAITING_IN_PROGRESS,assets/replay/sessions/session_20260709_192315/frames/000388.jpg,crops/session_20260709_192315/000388.png,940,36,1620,100,ae20ac2452b1bb54f7af438d60b54f690da009ca39eaf35289c813149b0d7f7c
session_20260709_192315,389,WAITING_IN_PROGRESS,assets/replay/sessions/session_20260709_192315/frames/000389.jpg,crops/session_20260709_192315/000389.png,940,36,1620,100,6e0698eb3bc39fa57a6c85355505320eb9195728ad1c353ae23cdd3b9ea7492d
session_20260709_192315,390,WAITING_IN_PROGRESS,assets/replay/sessions/session_20260709_192315/frames/000390.jpg,crops/session_20260709_192315/000390.png,940,36,1620,100,f7470aa81d8e5de608b81ec72a62c9b5a55bb3f1881a404e048e859d7a9f351a
session_20260709_192315,391,WAITING_IN_PROGRESS,assets/replay/sessions/session_20260709_192315/frames/000391.jpg,crops/session_20260709_192315/000391.png,940,36,1620,100,606380f60a44c602b9b84d1a23bbd6bb8a1498a58ab559ff99d8872037865899
session_20260709_192315,392,WAITING_IN_PROGRESS,assets/replay/sessions/session_20260709_192315/frames/000392.jpg,crops/session_20260709_192315/000392.png,940,36,1620,100,f48fccd99cb4c9262b9ee0125b2e8f40a336cbdabb4ab13739209f47ecb3f3c5
session_20260709_192315,393,WAITING_IN_PROGRESS,assets/replay/sessions/session_20260709_192315/frames/000393.jpg,crops/session_20260709_192315/000393.png,940,36,1620,100,2fc23a8b7bfba2c8d9d03c3c34fe4287a2510dc299bd06913fffa2f0d8cebf02
session_20260709_192315,394,WAITING_IN_PROGRESS,assets/replay/sessions/session_20260709_192315/frames/000394.jpg,crops/session_20260709_192315/000394.png,940,36,1620,100,f430608a0b4a4ae2666dec8231d588baa787fddedf98f2c1f6b3c76490d4518a
session_20260709_192315,395,WAITING_IN_PROGRESS,assets/replay/sessions/session_20260709_192315/frames/000395.jpg,crops/session_20260709_192315/000395.png,940,36,1620,100,288f4f9afc3ff8278343c4386211776314da7169c7cd11880b9053139f5f74dc
session_20260709_192315,396,WAITING_IN_PROGRESS,assets/replay/sessions/session_20260709_192315/frames/000396.jpg,crops/session_20260709_192315/000396.png,940,36,1620,100,f255787632e9a7eb53e109225a14efd9ff7d3806fe71843962e93a539566e1ff
session_20260709_192315,397,WAITING_IN_PROGRESS,assets/replay/sessions/session_20260709_192315/frames/000397.jpg,crops/session_20260709_192315/000397.png,940,36,1620,100,70fffad9bad92c51f94ee62d4f14eb799694c78a9894c6596265c9106cfa1bd8
session_20260709_192315,398,WAITING_IN_PROGRESS,assets/replay/sessions/session_20260709_192315/frames/000398.jpg,crops/session_20260709_192315/000398.png,940,36,1620,100,23214e797cabf73540035e319a8786f8974716bc25b30d65db5a5e1456dfeb84
session_20260709_192315,399,WAITING_IN_PROGRESS,assets/replay/sessions/session_20260709_192315/frames/000399.jpg,crops/session_20260709_192315/000399.png,940,36,1620,100,201e6fd41aad91e8cd7b515c9cfd585699a2398e91df1cc615b519d8fbaa7d17
session_20260709_192315,400,WAITING_IN_PROGRESS,assets/replay/sessions/session_20260709_192315/frames/000400.jpg,crops/session_20260709_192315/000400.png,940,36,1620,100,36b220ba0086b2deb60c461d45eb752e238e8c85f64b5c51c6c521dddd4ffe18
session_20260709_192315,401,WAITING_IN_PROGRESS,assets/replay/sessions/session_20260709_192315/frames/000401.jpg,crops/session_20260709_192315/000401.png,940,36,1620,100,32b8510d9c4760a63b7f640709b2c0294dd3f9c6a1dcbb4ed0042908d04edd6c
session_20260709_192315,402,WAITING_IN_PROGRESS,assets/replay/sessions/session_20260709_192315/frames/000402.jpg,crops/session_20260709_192315/000402.png,940,36,1620,100,dfcddaf4b071583a55887c3e77e0246b54acd036030371886816430b1b4e442e
session_20260709_192315,403,WAITING_IN_PROGRESS,assets/replay/sessions/session_20260709_192315/frames/000403.jpg,crops/session_20260709_192315/000403.png,940,36,1620,100,088fa6036df3a053c4dd19c6dc09391cf2bd179fba226e32ffbfee1b6aefc895
session_20260709_192315,404,WAITING_IN_PROGRESS,assets/replay/sessions/session_20260709_192315/frames/000404.jpg,crops/session_20260709_192315/000404.png,940,36,1620,100,28e23deb59a75b51b76ce2a181dc93382920c34980bdb7d7cb06a2e1e2c98a32
session_20260709_192315,405,WAITING_IN_PROGRESS,assets/replay/sessions/session_20260709_192315/frames/000405.jpg,crops/session_20260709_192315/000405.png,940,36,1620,100,4117a82c429d032dc0b18268faef3d954008e6d1bf60107e039492e41a4e84d3
session_20260709_192315,406,WAITING_IN_PROGRESS,assets/replay/sessions/session_20260709_192315/frames/000406.jpg,crops/session_20260709_192315/000406.png,940,36,1620,100,088c661a4a96d26dcee22459b737b079b679fb5c32c354f0f8af95df0331f9d4
session_20260709_192315,407,WAITING_IN_PROGRESS,assets/replay/sessions/session_20260709_192315/frames/000407.jpg,crops/session_20260709_192315/000407.png,940,36,1620,100,f8c158fcaf01b5ff45720c9429f2e8619f02065e3328848acc95f8b843273b0c
session_20260709_192315,408,WAITING_IN_PROGRESS,assets/replay/sessions/session_20260709_192315/frames/000408.jpg,crops/session_20260709_192315/000408.png,940,36,1620,100,72894135af6ad9e090de8314e71414a25fc4d6ee95a77466e86105463739cf49
session_20260709_192315,409,WAITING_IN_PROGRESS,assets/replay/sessions/session_20260709_192315/frames/000409.jpg,crops/session_20260709_192315/000409.png,940,36,1620,100,43f07cf97a037f7034684cd0732921b756c785f6979bf1b6185b2c72c3be9e51
session_20260709_192315,410,WAITING_IN_PROGRESS,assets/replay/sessions/session_20260709_192315/frames/000410.jpg,crops/session_20260709_192315/000410.png,940,36,1620,100,9393f144e46dcb5495619a3c956b50c529a55afa1efdc6a50996195e5e1542ea
session_20260709_192315,411,WAITING_IN_PROGRESS,assets/replay/sessions/session_20260709_192315/frames/000411.jpg,crops/session_20260709_192315/000411.png,940,36,1620,100,85ec523fb6b27c266825b91bb6033aa9ff9476a00b8bffbcea9e393cbbc210a2
session_20260709_192315,412,WAITING_IN_PROGRESS,assets/replay/sessions/session_20260709_192315/frames/000412.jpg,crops/session_20260709_192315/000412.png,940,36,1620,100,a26063c2c536e18a4afa2ed09a5ff3e93077582113488b4bb9e08440df8903ae
session_20260709_192315,413,WAITING_IN_PROGRESS,assets/replay/sessions/session_20260709_192315/frames/000413.jpg,crops/session_20260709_192315/000413.png,940,36,1620,100,ac6aca895885af63e759b99eade5c22891479c9655c528f804ab21b1fae8369a
session_20260709_192315,414,WAITING_IN_PROGRESS,assets/replay/sessions/session_20260709_192315/frames/000414.jpg,crops/session_20260709_192315/000414.png,940,36,1620,100,7e4d457394a03f4fb7a8e4dbfd812c57e8f4cc0bf93d6500c076de2104cb942f
session_20260709_192315,415,WAITING_IN_PROGRESS,assets/replay/sessions/session_20260709_192315/frames/000415.jpg,crops/session_20260709_192315/000415.png,940,36,1620,100,65bad36b551d18413939e8b0aaf9bd71e6211e0ecde2d37b57067fcbe986c4b7
session_20260709_192315,416,WAITING_IN_PROGRESS,assets/replay/sessions/session_20260709_192315/frames/000416.jpg,crops/session_20260709_192315/000416.png,940,36,1620,100,cea41fa3c5e420f3bfc52f7d234d16ba6374b945750ffd30554c87f9c78d5db0
session_20260709_192315,417,WAITING_IN_PROGRESS,assets/replay/sessions/session_20260709_192315/frames/000417.jpg,crops/session_20260709_192315/000417.png,940,36,1620,100,379ec9c28cf775b65ebfa002deafa6811568153267a6115a008059dc0e5ef55b
session_20260709_192315,418,WAITING_IN_PROGRESS,assets/replay/sessions/session_20260709_192315/frames/000418.jpg,crops/session_20260709_192315/000418.png,940,36,1620,100,c7276372ea1806133c28ca7d2dea251ecc8665d100d74641e4947e2a5747bdaa
session_20260709_192315,419,WAITING_IN_PROGRESS,assets/replay/sessions/session_20260709_192315/frames/000419.jpg,crops/session_20260709_192315/000419.png,940,36,1620,100,571f40fba355287096e5fc02c4cf2e97941b7ac48595cf884175caf5c18f93c9
session_20260709_192315,420,WAITING_IN_PROGRESS,assets/replay/sessions/session_20260709_192315/frames/000420.jpg,crops/session_20260709_192315/000420.png,940,36,1620,100,90bb29f700771987f4b07a0586e645e0f3a6f7d9f7be61b4f47de10cc33fb582
session_20260709_192315,421,WAITING_IN_PROGRESS,assets/replay/sessions/session_20260709_192315/frames/000421.jpg,crops/session_20260709_192315/000421.png,940,36,1620,100,1e204d42a5b2707f064fd82245c41cc10f6731aaf024997210cb24c23750492c
session_20260709_192315,422,WAITING_IN_PROGRESS,assets/replay/sessions/session_20260709_192315/frames/000422.jpg,crops/session_20260709_192315/000422.png,940,36,1620,100,d22b491cf4ff1297dfb83ff9cda42f8b68bc98a0a71116e60e5cd71265abbfb4
session_20260709_192315,423,WAITING_IN_PROGRESS,assets/replay/sessions/session_20260709_192315/frames/000423.jpg,crops/session_20260709_192315/000423.png,940,36,1620,100,e2b8fe7c50c1c0c05759ff8c65517a59151d268747ebb371aec71023f414fc7f
session_20260709_192315,424,WAITING_IN_PROGRESS,assets/replay/sessions/session_20260709_192315/frames/000424.jpg,crops/session_20260709_192315/000424.png,940,36,1620,100,bcb2214972919bbbdadb685e97ee48c0092453b25ffd770d0942c8161fcb4f38
session_20260709_192315,425,WAITING_IN_PROGRESS,assets/replay/sessions/session_20260709_192315/frames/000425.jpg,crops/session_20260709_192315/000425.png,940,36,1620,100,3e50c109d36e12c04620450938ad850a034031cbc4de1283b6bc052a456c87f3
session_20260709_192315,426,WAITING_IN_PROGRESS,assets/replay/sessions/session_20260709_192315/frames/000426.jpg,crops/session_20260709_192315/000426.png,940,36,1620,100,501eed167774fa337ee58c42158e33f03fc6364a669b0302febfeb6040389f9f
session_20260709_192315,427,WAITING_IN_PROGRESS,assets/replay/sessions/session_20260709_192315/frames/000427.jpg,crops/session_20260709_192315/000427.png,940,36,1620,100,6fdb73491795f6d1f403621e9b74655b3d26b39c9186aa3709be898359b07d61
session_20260709_192315,428,WAITING_IN_PROGRESS,assets/replay/sessions/session_20260709_192315/frames/000428.jpg,crops/session_20260709_192315/000428.png,940,36,1620,100,6f977cd07449dac8bc1a0c013822355d9c4d400ca6f8044fa1913f116e948258
session_20260709_192315,429,WAITING_IN_PROGRESS,assets/replay/sessions/session_20260709_192315/frames/000429.jpg,crops/session_20260709_192315/000429.png,940,36,1620,100,b729491feeb30eb25756f90567f14b98aa96f162c8cdbddfd1ac20024791e327
session_20260709_192315,430,WAITING_IN_PROGRESS,assets/replay/sessions/session_20260709_192315/frames/000430.jpg,crops/session_20260709_192315/000430.png,940,36,1620,100,d5c5cdbf0dbd6b1dffd3d3ad0f76c928ac74b2257053892bfb9fbed014a2d0e4
session_20260709_192315,431,WAITING_IN_PROGRESS,assets/replay/sessions/session_20260709_192315/frames/000431.jpg,crops/session_20260709_192315/000431.png,940,36,1620,100,724b1481d8750110216137a1c9add8d953d3ab9b15d6bae531460636b303601f
session_20260709_192315,432,WAITING_IN_PROGRESS,assets/replay/sessions/session_20260709_192315/frames/000432.jpg,crops/session_20260709_192315/000432.png,940,36,1620,100,d3e0b017994c973ea498494619d34ee5b18b7dbcff2b35d9b83a36a51eafcb56
session_20260709_192315,433,WAITING_IN_PROGRESS,assets/replay/sessions/session_20260709_192315/frames/000433.jpg,crops/session_20260709_192315/000433.png,940,36,1620,100,af6f684d48315679941c798e07a4cc63e9b56168ea113f2f423d63ba4558f880
session_20260709_192315,434,WAITING_IN_PROGRESS,assets/replay/sessions/session_20260709_192315/frames/000434.jpg,crops/session_20260709_192315/000434.png,940,36,1620,100,97e71abb81b7cd943fab7f28767fb180afcc959edf2c2354bfc42b188b701c05
session_20260709_192315,435,WAITING_IN_PROGRESS,assets/replay/sessions/session_20260709_192315/frames/000435.jpg,crops/session_20260709_192315/000435.png,940,36,1620,100,6ac859ce31a63761c2c7f2ae137e9662a0fad4e258e81bec3b2ac336c72743db
session_20260709_192315,436,WAITING_IN_PROGRESS,assets/replay/sessions/session_20260709_192315/frames/000436.jpg,crops/session_20260709_192315/000436.png,940,36,1620,100,83ce2098d8d8750e96cb6d8aaa31b7f80298bb19511990064ce4eacf8614b5b0
session_20260709_192315,437,WAITING_IN_PROGRESS,assets/replay/sessions/session_20260709_192315/frames/000437.jpg,crops/session_20260709_192315/000437.png,940,36,1620,100,81694e67080cc356757242e6fe9bac091283ee9dddb2240edd287e7676e66c28
session_20260709_192315,438,WAITING_IN_PROGRESS,assets/replay/sessions/session_20260709_192315/frames/000438.jpg,crops/session_20260709_192315/000438.png,940,36,1620,100,61931dc617b2373c0d6f43272cc9ef051ce8ef3b859ab9010d94c852b41ca045
session_20260709_192315,439,WAITING_IN_PROGRESS,assets/replay/sessions/session_20260709_192315/frames/000439.jpg,crops/session_20260709_192315/000439.png,940,36,1620,100,7d760abe43f3335ed69e7163971f4ed6601e9c2e381e04717a938e64fccdf3b5
session_20260709_192315,440,WAITING_IN_PROGRESS,assets/replay/sessions/session_20260709_192315/frames/000440.jpg,crops/session_20260709_192315/000440.png,940,36,1620,100,ba623bba9d6f907bf1f1dae5151c54f0cb42d5af8a5e5acbdf088d6e7b7cd6e9
session_20260709_192315,441,WAITING_IN_PROGRESS,assets/replay/sessions/session_20260709_192315/frames/000441.jpg,crops/session_20260709_192315/000441.png,940,36,1620,100,f1811135c63ba028ff13169890bee63d4ba663c2aa4e10a2572075695f6f84c9
session_20260709_192315,442,WAITING_IN_PROGRESS,assets/replay/sessions/session_20260709_192315/frames/000442.jpg,crops/session_20260709_192315/000442.png,940,36,1620,100,467a2804dfc73b556689b9a72478185af1434c6fc0f95b8a4d432adecbd91835
session_20260709_192315,443,READY_BITE,assets/replay/sessions/session_20260709_192315/frames/000443.jpg,crops/session_20260709_192315/000443.png,940,36,1620,100,66fb6a3283b32df931fd78580ef13a815fb74e46216942278c62e5837639526e
session_20260709_192315,444,READY_BITE,assets/replay/sessions/session_20260709_192315/frames/000444.jpg,crops/session_20260709_192315/000444.png,940,36,1620,100,b1468f0d189030d34a6df39cc380153baad73d7591a25e2e3bce7e234ca8a6c0
session_20260709_192315,445,READY_BITE,assets/replay/sessions/session_20260709_192315/frames/000445.jpg,crops/session_20260709_192315/000445.png,940,36,1620,100,fb7d7e7b47154db934c112bdf26f574d9c370fbcf92c5d635ac429093b3f0075
session_20260709_192315,446,READY_BITE,assets/replay/sessions/session_20260709_192315/frames/000446.jpg,crops/session_20260709_192315/000446.png,940,36,1620,100,e04792caa24917078be732ce426ac5731a09184698bb92d05a3f47469edf08fd
session_20260709_192315,447,READY_BITE,assets/replay/sessions/session_20260709_192315/frames/000447.jpg,crops/session_20260709_192315/000447.png,940,36,1620,100,b0c44afea426fc9b3a18cb4effd2a69b24682e265785b71ee88677c91140225e
session_20260709_192315,448,READY_BITE,assets/replay/sessions/session_20260709_192315/frames/000448.jpg,crops/session_20260709_192315/000448.png,940,36,1620,100,71df079935c3d01d9cc38756b7332251d677263985115f55b159f4210e0e932c
session_20260709_192315,449,READY_BITE,assets/replay/sessions/session_20260709_192315/frames/000449.jpg,crops/session_20260709_192315/000449.png,940,36,1620,100,3d7db18cec4b6ebc8fac77171e49d4c0b98f5f1cb948dbb05e1a167094752690
session_20260709_192315,450,READY_BITE,assets/replay/sessions/session_20260709_192315/frames/000450.jpg,crops/session_20260709_192315/000450.png,940,36,1620,100,577df0be140fbe512d7c590c7a0da306bfac605dfb2f82fa0d8e7c4ca4ede007
session_20260709_192315,451,READY_BITE,assets/replay/sessions/session_20260709_192315/frames/000451.jpg,crops/session_20260709_192315/000451.png,940,36,1620,100,fcf3e81b7d567984afafcb0f215b27d3995e56c0fb56a96e2d567dd77828e0b0
session_20260709_192315,452,READY_BITE,assets/replay/sessions/session_20260709_192315/frames/000452.jpg,crops/session_20260709_192315/000452.png,940,36,1620,100,9fee881d9860b24418ee62f360c98faf228189056055c3ed1e0d329d2b0a06a7
session_20260709_192315,453,READY_BITE,assets/replay/sessions/session_20260709_192315/frames/000453.jpg,crops/session_20260709_192315/000453.png,940,36,1620,100,113a6ffd05011e1fe781205d5dc7fbb9f4cd425e0c37d977e15995fc488f75cc
session_20260709_192315,454,HOOK_INSTRUCTION,assets/replay/sessions/session_20260709_192315/frames/000454.jpg,crops/session_20260709_192315/000454.png,940,36,1620,100,937ae091f5f6ec38f2553876feac6808b7e7c24d7bb83ab0e14e4d1b8ec27f2b
session_20260709_192315,455,HOOK_INSTRUCTION,assets/replay/sessions/session_20260709_192315/frames/000455.jpg,crops/session_20260709_192315/000455.png,940,36,1620,100,7ab822bde52f1dd0d5248edfdd6977de0d3078dd7c4a8553bf05090b44859f1f
session_20260709_192315,456,HOOK_INSTRUCTION,assets/replay/sessions/session_20260709_192315/frames/000456.jpg,crops/session_20260709_192315/000456.png,940,36,1620,100,61735e0cbd3759624e80662ec45897a2e3d1a8e04ec1f976494cfdbe0b979761
session_20260709_192315,457,HOOK_INSTRUCTION,assets/replay/sessions/session_20260709_192315/frames/000457.jpg,crops/session_20260709_192315/000457.png,940,36,1620,100,357e7d5fe566b18a29335c1d0b75b19daa613151e0f1f156c5d91dccb084c059
session_20260709_192315,458,HOOK_INSTRUCTION,assets/replay/sessions/session_20260709_192315/frames/000458.jpg,crops/session_20260709_192315/000458.png,940,36,1620,100,8ce31b3f1d33ecf1e17d181b7c7e28a1205104fa024884c53170fe6c03bd7252
session_20260709_192315,459,HOOK_INSTRUCTION,assets/replay/sessions/session_20260709_192315/frames/000459.jpg,crops/session_20260709_192315/000459.png,940,36,1620,100,e7a8b96ef4ca3ba72029b1c21f0d0ccaba9f9f07126c20d6358ad670537b4b16
session_20260709_192315,460,HOOK_INSTRUCTION,assets/replay/sessions/session_20260709_192315/frames/000460.jpg,crops/session_20260709_192315/000460.png,940,36,1620,100,26881a6d15e906d77e2eea3cdb27f6c9974f10a8d7097417658f35a511f90c97
session_20260709_192315,461,HOOK_INSTRUCTION,assets/replay/sessions/session_20260709_192315/frames/000461.jpg,crops/session_20260709_192315/000461.png,940,36,1620,100,22b6c43f22eec7598e1d5417f62383a71bfaa944e35898a427a5bfeecda24c55
session_20260709_192315,462,HOOK_INSTRUCTION,assets/replay/sessions/session_20260709_192315/frames/000462.jpg,crops/session_20260709_192315/000462.png,940,36,1620,100,b7401e95328612beb578d20b96fc5af0c8b027c834a506c5b87817a2f1a0a3da
session_20260709_192315,463,HOOK_INSTRUCTION,assets/replay/sessions/session_20260709_192315/frames/000463.jpg,crops/session_20260709_192315/000463.png,940,36,1620,100,010c85869df21852d908a551c20ce01a4ba4c593d29e531cda2a935dc1429c05
session_20260709_192315,464,HOOK_INSTRUCTION,assets/replay/sessions/session_20260709_192315/frames/000464.jpg,crops/session_20260709_192315/000464.png,940,36,1620,100,b5157e73c4ccde5c0d3924f35ba658f2256131734c21ccdd6590301cad6cb4c7
session_20260709_192315,465,HOOK_INSTRUCTION,assets/replay/sessions/session_20260709_192315/frames/000465.jpg,crops/session_20260709_192315/000465.png,940,36,1620,100,da4fe197450786db3c26a82458bdb6b7e2ac80e0fed564898755157066eab517
session_20260709_192315,466,HOOK_INSTRUCTION,assets/replay/sessions/session_20260709_192315/frames/000466.jpg,crops/session_20260709_192315/000466.png,940,36,1620,100,59aa6fa6c1fa788eb201953a86680b7ebe28ea2771a0981a7609300a72a18874
session_20260709_192315,467,HOOK_INSTRUCTION,assets/replay/sessions/session_20260709_192315/frames/000467.jpg,crops/session_20260709_192315/000467.png,940,36,1620,100,bf307cf03580731e2bc7e6035ab22a6aa46c65e26050ced29052e1a6ceee2aff
session_20260709_192315,468,HOOK_INSTRUCTION,assets/replay/sessions/session_20260709_192315/frames/000468.jpg,crops/session_20260709_192315/000468.png,940,36,1620,100,5934efa4c49b719764846536271a80764f972808f08e56b7bea332d4d17605c3
session_20260709_192315,469,HOOK_INSTRUCTION,assets/replay/sessions/session_20260709_192315/frames/000469.jpg,crops/session_20260709_192315/000469.png,940,36,1620,100,c82a3cfab093df81fecf4d646de09cdc3aabe67be4bc1c852e218bc8902f4cef
session_20260709_192315,470,HOOK_INSTRUCTION,assets/replay/sessions/session_20260709_192315/frames/000470.jpg,crops/session_20260709_192315/000470.png,940,36,1620,100,7c56fc9f87684b8c19b111034b0db66b9b4e6b82c40527d8b80a56365d79a653
session_20260709_192315,471,HOOK_INSTRUCTION,assets/replay/sessions/session_20260709_192315/frames/000471.jpg,crops/session_20260709_192315/000471.png,940,36,1620,100,a10a6718cb2a9932cfc8e7d22e2fd65b357547184997c1c79e0d1d0ceaf0937e
session_20260709_192315,472,PRESS_INSTRUCTION,assets/replay/sessions/session_20260709_192315/frames/000472.jpg,crops/session_20260709_192315/000472.png,940,36,1620,100,f31218549c4e53c2b2f437345f83e043660103e1d69254e9fe6e1c054db46c13
session_20260709_192315,473,PRESS_INSTRUCTION,assets/replay/sessions/session_20260709_192315/frames/000473.jpg,crops/session_20260709_192315/000473.png,940,36,1620,100,6879c22d0f844adad8f1d93eb8c4bbf148a14848d12f390e648dc3f77e850aef
session_20260709_192315,474,PRESS_INSTRUCTION,assets/replay/sessions/session_20260709_192315/frames/000474.jpg,crops/session_20260709_192315/000474.png,940,36,1620,100,16521d5cbe8696ea4c4e90fc9087f881d1091b435cf162c1c91fb07bdc863449
session_20260709_192315,475,PRESS_INSTRUCTION,assets/replay/sessions/session_20260709_192315/frames/000475.jpg,crops/session_20260709_192315/000475.png,940,36,1620,100,1b6f36e7dab627a66f25150e195d918a8bf410fee8b5bd6ef0afd4b5211ff083
session_20260709_192315,476,PRESS_INSTRUCTION,assets/replay/sessions/session_20260709_192315/frames/000476.jpg,crops/session_20260709_192315/000476.png,940,36,1620,100,aeb5bb62f93554c115f674152365753c026943262d229fceedc8b492c323082a
session_20260709_192315,477,PRESS_INSTRUCTION,assets/replay/sessions/session_20260709_192315/frames/000477.jpg,crops/session_20260709_192315/000477.png,940,36,1620,100,9158375bb8a713d551bf342aaaf318e0f39c83e74294ab8d56c0a43f900c47ed
session_20260709_192315,478,PRESS_INSTRUCTION,assets/replay/sessions/session_20260709_192315/frames/000478.jpg,crops/session_20260709_192315/000478.png,940,36,1620,100,c432bcf7dbd049b4c4be8367245b38f73f442d8f7c96375450a5878be6c96436
session_20260709_192315,479,PRESS_INSTRUCTION,assets/replay/sessions/session_20260709_192315/frames/000479.jpg,crops/session_20260709_192315/000479.png,940,36,1620,100,382f40c70d37ef64315dac2c74197ce08a39445205252b9f2bd1f2f1efea42b4
session_20260709_192315,480,PRESS_INSTRUCTION,assets/replay/sessions/session_20260709_192315/frames/000480.jpg,crops/session_20260709_192315/000480.png,940,36,1620,100,02c29664adc6adc71bd47b2ffe93af434beab6f0a06bc0fbc1790550d1191544
session_20260709_192315,481,PRESS_INSTRUCTION,assets/replay/sessions/session_20260709_192315/frames/000481.jpg,crops/session_20260709_192315/000481.png,940,36,1620,100,e0202a4a6e2c59a84d0b242c5b676b8094b1a7d2e1ef020f451ec045b0361724
session_20260709_192315,482,PRESS_INSTRUCTION,assets/replay/sessions/session_20260709_192315/frames/000482.jpg,crops/session_20260709_192315/000482.png,940,36,1620,100,17a9a39f067ff8d2eda9c75e9aca1da72ad0819df92b3214dc8797a47e7f444a
session_20260709_192315,483,PRESS_INSTRUCTION,assets/replay/sessions/session_20260709_192315/frames/000483.jpg,crops/session_20260709_192315/000483.png,940,36,1620,100,9192726da2569dc9cb061f54bfa109220a4e558c85453fd6eaf84b8e0e4feb86
session_20260709_192315,484,IGNORE,assets/replay/sessions/session_20260709_192315/frames/000484.jpg,crops/session_20260709_192315/000484.png,940,36,1620,100,4ed3f356d9fcc8a4e8eef0d8e60a465f26bc2626cecc6ad0f1fc8741766ebd0f
session_20260709_192315,485,IGNORE,assets/replay/sessions/session_20260709_192315/frames/000485.jpg,crops/session_20260709_192315/000485.png,940,36,1620,100,3741382266a98cfba408b4c5c5cbb8aa3abcba94ff96611d30019f718da6ab89
session_20260709_192315,486,IGNORE,assets/replay/sessions/session_20260709_192315/frames/000486.jpg,crops/session_20260709_192315/000486.png,940,36,1620,100,5b1229f467144b42d181736d07c26df238d7b6792fcefe5ed7fbf1f738ae71e7
session_20260709_192315,487,IGNORE,assets/replay/sessions/session_20260709_192315/frames/000487.jpg,crops/session_20260709_192315/000487.png,940,36,1620,100,2b50f8da5a48312cb83f56c0b02d297eb72b6ad3c493f5aa52b6f402de19f13f
session_20260709_192315,488,IGNORE,assets/replay/sessions/session_20260709_192315/frames/000488.jpg,crops/session_20260709_192315/000488.png,940,36,1620,100,29881e8136813b27db13150c3ae36d105e566050d46cd99a8e3d80f80dbb65c2
session_20260709_192315,489,IGNORE,assets/replay/sessions/session_20260709_192315/frames/000489.jpg,crops/session_20260709_192315/000489.png,940,36,1620,100,4d4c57235129a9798b9b13ccc679bdbcf739590c3113f763ff7eeb830195d325
session_20260709_192315,490,IGNORE,assets/replay/sessions/session_20260709_192315/frames/000490.jpg,crops/session_20260709_192315/000490.png,940,36,1620,100,ccf5d60965042aa92cc976727bbca97ec270c5566e2aa185c554db68e7fec84f
session_20260709_192315,491,IGNORE,assets/replay/sessions/session_20260709_192315/frames/000491.jpg,crops/session_20260709_192315/000491.png,940,36,1620,100,64f9b55ab0092071537e4a57ba3b470e63db6ecf982dafb6022a1c9b58b07056
session_20260709_192315,492,IGNORE,assets/replay/sessions/session_20260709_192315/frames/000492.jpg,crops/session_20260709_192315/000492.png,940,36,1620,100,54af11d68f5f0e23cc763aa6f2f771538256ed837bc84d56bc3bf2492df1cc6d
session_20260709_192315,493,IGNORE,assets/replay/sessions/session_20260709_192315/frames/000493.jpg,crops/session_20260709_192315/000493.png,940,36,1620,100,d9b90cbf7ca90402fb5c6a238e18c7827643d06a029331e23ab21d54d7457a86
session_20260709_192315,494,IGNORE,assets/replay/sessions/session_20260709_192315/frames/000494.jpg,crops/session_20260709_192315/000494.png,940,36,1620,100,0fcf501676b044411ecf22f42732a42e020dc15132abea0d2580db9e1245a54d
session_20260709_192315,495,IGNORE,assets/replay/sessions/session_20260709_192315/frames/000495.jpg,crops/session_20260709_192315/000495.png,940,36,1620,100,6c4e06e254adfcce0247048c4c2ee9fb5268d680a34a92a0c7c1977019858c55
session_20260709_192315,496,IGNORE,assets/replay/sessions/session_20260709_192315/frames/000496.jpg,crops/session_20260709_192315/000496.png,940,36,1620,100,d738bff744ae01b1781fa0c960c73fde51b7841c7d05e9e56f452aba8b50fff2
session_20260709_192315,497,IGNORE,assets/replay/sessions/session_20260709_192315/frames/000497.jpg,crops/session_20260709_192315/000497.png,940,36,1620,100,230bd6e8161778fde20cc68262939c90c6edef4a37ad9f172c41f9a8aa19e736
session_20260709_192315,498,IGNORE,assets/replay/sessions/session_20260709_192315/frames/000498.jpg,crops/session_20260709_192315/000498.png,940,36,1620,100,914bf78246b01d93721bb65fb8b606fe4cfaa23e60a53bbaaafbb9df3b914487
session_20260709_192315,499,IDLE_CAST,assets/replay/sessions/session_20260709_192315/frames/000499.jpg,crops/session_20260709_192315/000499.png,940,36,1620,100,206cab9a1a09027a01ae280c78badef4d9aca04d99e96420981b3e1786f094be
session_20260709_192315,500,IDLE_CAST,assets/replay/sessions/session_20260709_192315/frames/000500.jpg,crops/session_20260709_192315/000500.png,940,36,1620,100,3aba9b3b25576799e66f8f57cac06db28acfba20ce01d58ea3d376f72865bc81
session_20260709_192315,501,IDLE_CAST,assets/replay/sessions/session_20260709_192315/frames/000501.jpg,crops/session_20260709_192315/000501.png,940,36,1620,100,2b86798fadec8afad32c94ad5a4d6c981134b29e7795fdd1d6db913f72643692
session_20260709_192315,502,IDLE_CAST,assets/replay/sessions/session_20260709_192315/frames/000502.jpg,crops/session_20260709_192315/000502.png,940,36,1620,100,c09c5e63448fce5bc440ca00b917cf3153b2e1a862801219f358383a933df0e2
session_20260709_192315,503,IDLE_CAST,assets/replay/sessions/session_20260709_192315/frames/000503.jpg,crops/session_20260709_192315/000503.png,940,36,1620,100,74f90cbb7efcc254cdc11314bb1261f89ecec9fff4b2f0e4b7bf5997e1714ff0
session_20260709_192315,504,IDLE_CAST,assets/replay/sessions/session_20260709_192315/frames/000504.jpg,crops/session_20260709_192315/000504.png,940,36,1620,100,c33ea1c148b4b8f863a4771c60e23ec2bfd56a981a60f7b395fae057287f43c7
session_20260709_192315,505,IDLE_CAST,assets/replay/sessions/session_20260709_192315/frames/000505.jpg,crops/session_20260709_192315/000505.png,940,36,1620,100,929d0fccf756750565e5dee0b205283cb00132a556ba5beee7a4c497c225975a
session_20260709_192315,506,IDLE_CAST,assets/replay/sessions/session_20260709_192315/frames/000506.jpg,crops/session_20260709_192315/000506.png,940,36,1620,100,8283bae2c8930b4d0642e90a851066ed4fd72f7ad21ac6fcdffd1a8a1f638279
session_20260709_192315,507,IDLE_CAST,assets/replay/sessions/session_20260709_192315/frames/000507.jpg,crops/session_20260709_192315/000507.png,940,36,1620,100,c8bd0b855ccbddfa4697de509f8f13678c9c02a5fe009ed1948dc5ed65e4a648
session_20260709_192315,508,IDLE_CAST,assets/replay/sessions/session_20260709_192315/frames/000508.jpg,crops/session_20260709_192315/000508.png,940,36,1620,100,d600440149f562d20ba3db12a87bfc86a4f25ba00d0b5d8f17c1bbd0ca1e6acc
session_20260709_192315,509,IDLE_CAST,assets/replay/sessions/session_20260709_192315/frames/000509.jpg,crops/session_20260709_192315/000509.png,940,36,1620,100,a4c5820ebdc2254784d33eb8c7c5eaab948e3060485c14ce7cc010cf42277221
session_20260709_192315,510,IDLE_CAST,assets/replay/sessions/session_20260709_192315/frames/000510.jpg,crops/session_20260709_192315/000510.png,940,36,1620,100,321c9dcbd3a2e7d75052fddb56d18c0c1a20936eedc592d850f19ed46c045532
session_20260709_192315,511,IDLE_CAST,assets/replay/sessions/session_20260709_192315/frames/000511.jpg,crops/session_20260709_192315/000511.png,940,36,1620,100,c79b8b2c5538c6ef3004ef546a8eee9f96eb979d4f97db9be10ff6919877979e
session_20260709_192315,512,IDLE_CAST,assets/replay/sessions/session_20260709_192315/frames/000512.jpg,crops/session_20260709_192315/000512.png,940,36,1620,100,97b1fbb65a0cf672d02018fdd11c82b61d6f27104d7ccc05f299534c064ebca3
session_20260709_192315,513,IDLE_CAST,assets/replay/sessions/session_20260709_192315/frames/000513.jpg,crops/session_20260709_192315/000513.png,940,36,1620,100,756048e0a1ef16fda56d398ebcb1985dcd9c598936bb6e8aa610f1625aaae709
session_20260709_192315,514,IDLE_CAST,assets/replay/sessions/session_20260709_192315/frames/000514.jpg,crops/session_20260709_192315/000514.png,940,36,1620,100,9553a79033590b0457988c1329bcd41105620de7ec72cec7388021c07e7f0eac
session_20260709_192315,515,IDLE_CAST,assets/replay/sessions/session_20260709_192315/frames/000515.jpg,crops/session_20260709_192315/000515.png,940,36,1620,100,9db331681bdc1e7eb045128e723905224290c0bf8c25d56e35a89a76fbc710e8
session_20260709_192315,516,IDLE_CAST,assets/replay/sessions/session_20260709_192315/frames/000516.jpg,crops/session_20260709_192315/000516.png,940,36,1620,100,b25796885372da87e0fed76e2db2f4888c989489b85061fcc5fc61b90a34c376
session_20260709_192315,517,IDLE_CAST,assets/replay/sessions/session_20260709_192315/frames/000517.jpg,crops/session_20260709_192315/000517.png,940,36,1620,100,a2700d7c822a4025acc6ddd4a5fb590e788c7da9925bd4a64ba1a5d4b0394dbc
session_20260709_192315,518,IDLE_CAST,assets/replay/sessions/session_20260709_192315/frames/000518.jpg,crops/session_20260709_192315/000518.png,940,36,1620,100,4fceeec8e3029b18f0906e82e29b24a76dbee42113c654fb8e2ea4fb0efeebe9
session_20260709_192315,519,IDLE_CAST,assets/replay/sessions/session_20260709_192315/frames/000519.jpg,crops/session_20260709_192315/000519.png,940,36,1620,100,b9aaddaa225dcdb8698ee95a602b909a9a6f115636958418e9abf722ce0500ab
session_20260709_192315,520,IDLE_CAST,assets/replay/sessions/session_20260709_192315/frames/000520.jpg,crops/session_20260709_192315/000520.png,940,36,1620,100,2bc59f3c4ca1c1736792fc90b700261984e376f1efd94deea7b6f5c5011bffc1
session_20260709_192315,521,IDLE_CAST,assets/replay/sessions/session_20260709_192315/frames/000521.jpg,crops/session_20260709_192315/000521.png,940,36,1620,100,aa65ffad47ac233daa4d87d5a9eab391b87883fa3d7361c8f5f7f53a49868a6d
session_20260709_192315,522,IDLE_CAST,assets/replay/sessions/session_20260709_192315/frames/000522.jpg,crops/session_20260709_192315/000522.png,940,36,1620,100,7c291e8ebe721cecffe016b7226b9c641a6763ae4dcc1ead706e0722867a38eb
session_20260709_192315,523,IDLE_CAST,assets/replay/sessions/session_20260709_192315/frames/000523.jpg,crops/session_20260709_192315/000523.png,940,36,1620,100,2f2f9f830556f5e2e750cf36907f33fbb0fca4b413d7e6c929ab0ad5f196f51e
session_20260709_192315,524,IDLE_CAST,assets/replay/sessions/session_20260709_192315/frames/000524.jpg,crops/session_20260709_192315/000524.png,940,36,1620,100,5ad7233e36a4c1e71a6c2e07528683adbf31e62fc7eb9c2821dd5c7400ee6286
session_20260709_192315,525,IDLE_CAST,assets/replay/sessions/session_20260709_192315/frames/000525.jpg,crops/session_20260709_192315/000525.png,940,36,1620,100,b4836a362753810178df004488bb1686daae6e0b5006643d029496c9a21c823a
session_20260709_192315,526,IDLE_CAST,assets/replay/sessions/session_20260709_192315/frames/000526.jpg,crops/session_20260709_192315/000526.png,940,36,1620,100,79e895ccb8029d7df6c2bf954b5f7b5a9920f2971e9857a326a5b380545d63f4
session_20260709_192315,527,WAITING_IN_PROGRESS,assets/replay/sessions/session_20260709_192315/frames/000527.jpg,crops/session_20260709_192315/000527.png,940,36,1620,100,bb64afaad9ea2f6d94d16fbe0c8a4674f1cc897b97ff5b3f8efcd0a7614c4fa9
session_20260709_192315,528,WAITING_IN_PROGRESS,assets/replay/sessions/session_20260709_192315/frames/000528.jpg,crops/session_20260709_192315/000528.png,940,36,1620,100,a74defc396ead167a0b16065844ea2013241729f515bfdd7643bbfa33ee0065e
session_20260709_192315,529,WAITING_IN_PROGRESS,assets/replay/sessions/session_20260709_192315/frames/000529.jpg,crops/session_20260709_192315/000529.png,940,36,1620,100,7b8d5350e9134ad6a6a1c80ca25679ce4669347da6c714cfb6cfd2649c15a9ce
session_20260709_192315,530,WAITING_IN_PROGRESS,assets/replay/sessions/session_20260709_192315/frames/000530.jpg,crops/session_20260709_192315/000530.png,940,36,1620,100,94c5633fc46597c5d98ea2262bfb4cf8500e46ee44529cea1d9111d68ac1c38f
session_20260709_192315,531,WAITING_IN_PROGRESS,assets/replay/sessions/session_20260709_192315/frames/000531.jpg,crops/session_20260709_192315/000531.png,940,36,1620,100,4f7c48bbbfdf8bfa6e7903deca34c261d09e3179be1fb7469a25e37c19c1c29d
session_20260709_192315,532,WAITING_IN_PROGRESS,assets/replay/sessions/session_20260709_192315/frames/000532.jpg,crops/session_20260709_192315/000532.png,940,36,1620,100,71e77b2bf6af1294e4f322feda0b8a344948af55b13d1bbf22c1efc51bf9ad75
session_20260709_192315,533,WAITING_IN_PROGRESS,assets/replay/sessions/session_20260709_192315/frames/000533.jpg,crops/session_20260709_192315/000533.png,940,36,1620,100,bdf7a5c8d9d13055dbb459caec490f813b2f745a153fdeec4e756f7ac6557258
session_20260709_192315,534,WAITING_IN_PROGRESS,assets/replay/sessions/session_20260709_192315/frames/000534.jpg,crops/session_20260709_192315/000534.png,940,36,1620,100,4ad2f6302e58014f22811daef8743554a923ced22812ef9abfafd17f448383e6
session_20260709_192315,535,WAITING_IN_PROGRESS,assets/replay/sessions/session_20260709_192315/frames/000535.jpg,crops/session_20260709_192315/000535.png,940,36,1620,100,cf3bf3064884c6be3f8f7a14b64ebff775195e86f725a1c4361528f09be51990
session_20260709_192315,536,WAITING_IN_PROGRESS,assets/replay/sessions/session_20260709_192315/frames/000536.jpg,crops/session_20260709_192315/000536.png,940,36,1620,100,b84dfbc9071e81e0c23a420620faada09bca99ce4776491197c58b3ddbc4180d
session_20260709_192315,537,WAITING_IN_PROGRESS,assets/replay/sessions/session_20260709_192315/frames/000537.jpg,crops/session_20260709_192315/000537.png,940,36,1620,100,98333dcd2f1284116d70e52dd7d71d17e42a4b6af64f08e4c746ee733df1f986
session_20260709_192315,538,WAITING_IN_PROGRESS,assets/replay/sessions/session_20260709_192315/frames/000538.jpg,crops/session_20260709_192315/000538.png,940,36,1620,100,48ef042adef45ac108b6c1008ab8a13e91287d884e406dba3718d1a5c45acc02
session_20260709_192315,539,WAITING_IN_PROGRESS,assets/replay/sessions/session_20260709_192315/frames/000539.jpg,crops/session_20260709_192315/000539.png,940,36,1620,100,086419d8647961fb5fb5075673c9ceb1a38915428afbf39f18af973015ee7523
session_20260709_192315,540,WAITING_IN_PROGRESS,assets/replay/sessions/session_20260709_192315/frames/000540.jpg,crops/session_20260709_192315/000540.png,940,36,1620,100,f960dce98434ac279fb9ca835068afa3d30f932e1e28880dae57da023355e6a1
session_20260709_192315,541,WAITING_IN_PROGRESS,assets/replay/sessions/session_20260709_192315/frames/000541.jpg,crops/session_20260709_192315/000541.png,940,36,1620,100,9646da1b29c7731be9c1a01737599db8b9a5161bb1687230b1d216b1aeed5c5d
session_20260709_192315,542,WAITING_IN_PROGRESS,assets/replay/sessions/session_20260709_192315/frames/000542.jpg,crops/session_20260709_192315/000542.png,940,36,1620,100,d15e6d432a0a129f88684dbf3ad53de162df35994ead308d951c11dcde6e5a41
session_20260709_192315,543,WAITING_IN_PROGRESS,assets/replay/sessions/session_20260709_192315/frames/000543.jpg,crops/session_20260709_192315/000543.png,940,36,1620,100,c0f854b77ec5cdc7e687711aacbbebcde3f0dac2d2e8634c71081bd724a3dc0c
session_20260709_192315,544,WAITING_IN_PROGRESS,assets/replay/sessions/session_20260709_192315/frames/000544.jpg,crops/session_20260709_192315/000544.png,940,36,1620,100,9cbd819481e80ef184894cae134bd62960b96c5e617d5f3a3dad988ac91cf89a
session_20260709_192315,545,WAITING_IN_PROGRESS,assets/replay/sessions/session_20260709_192315/frames/000545.jpg,crops/session_20260709_192315/000545.png,940,36,1620,100,114f6c5a1cb22212bbafb56da270a88fc2bc3f16725d12a7a0a0493e6cac8b2c
session_20260709_192315,546,WAITING_IN_PROGRESS,assets/replay/sessions/session_20260709_192315/frames/000546.jpg,crops/session_20260709_192315/000546.png,940,36,1620,100,6adc1f362cf58002dd8e264a8795d33a854ffe47c20650fd884008e91fa769f6
session_20260709_192315,547,WAITING_IN_PROGRESS,assets/replay/sessions/session_20260709_192315/frames/000547.jpg,crops/session_20260709_192315/000547.png,940,36,1620,100,37e893bded947ceec531c41b0d7255fa725974a33e977c4bc881fd29be0fa6c7
session_20260709_192315,548,WAITING_IN_PROGRESS,assets/replay/sessions/session_20260709_192315/frames/000548.jpg,crops/session_20260709_192315/000548.png,940,36,1620,100,44a21904fc8a3780681e10d55d7494b4a62125d560789a3ea4f0a6c042c82bed
session_20260709_192315,549,WAITING_IN_PROGRESS,assets/replay/sessions/session_20260709_192315/frames/000549.jpg,crops/session_20260709_192315/000549.png,940,36,1620,100,1d697d6de012d979f5dae8039e96d5a2ec8d6d50b6fac6f201bda1afb10eb3bc
session_20260709_192315,550,WAITING_IN_PROGRESS,assets/replay/sessions/session_20260709_192315/frames/000550.jpg,crops/session_20260709_192315/000550.png,940,36,1620,100,2775dc6624a50ff0590b4acce69df79dfa531e3fb65eb382f55416be5e521c4e
session_20260709_192315,551,WAITING_IN_PROGRESS,assets/replay/sessions/session_20260709_192315/frames/000551.jpg,crops/session_20260709_192315/000551.png,940,36,1620,100,4330ff4dedeecc1ff905c666ac00f4b20599cd36945ee7b372b191b39b3d9a2d
session_20260709_192315,552,WAITING_IN_PROGRESS,assets/replay/sessions/session_20260709_192315/frames/000552.jpg,crops/session_20260709_192315/000552.png,940,36,1620,100,d3dc27642847e11b169ea7fda5efb4514622fa3798830604d8e3a332f520764d
session_20260709_192315,553,WAITING_IN_PROGRESS,assets/replay/sessions/session_20260709_192315/frames/000553.jpg,crops/session_20260709_192315/000553.png,940,36,1620,100,cec03dd114f070752f559fc8f4fe9803b1b51f29c72513fd8a6e6c15764d5126
session_20260709_192315,554,WAITING_IN_PROGRESS,assets/replay/sessions/session_20260709_192315/frames/000554.jpg,crops/session_20260709_192315/000554.png,940,36,1620,100,4d797fe63ce8ac10e15bc3afbdbca39ca7933fd4674c044db754d4d84003dd79
session_20260709_192315,555,WAITING_IN_PROGRESS,assets/replay/sessions/session_20260709_192315/frames/000555.jpg,crops/session_20260709_192315/000555.png,940,36,1620,100,c005ba50900389c8330272a850a169108cfc658d51a342b606fe37fb733bc6ba
session_20260709_192315,556,WAITING_IN_PROGRESS,assets/replay/sessions/session_20260709_192315/frames/000556.jpg,crops/session_20260709_192315/000556.png,940,36,1620,100,94e01f6e20fe7fa0a2285b02102c81e07ac9d2f2931d642f985f4991ef89d6e3
session_20260709_192315,557,WAITING_IN_PROGRESS,assets/replay/sessions/session_20260709_192315/frames/000557.jpg,crops/session_20260709_192315/000557.png,940,36,1620,100,6e7f7037508328aad9dd0548218a010606d6a5894600833cb1b9ca7d2aa95f45
session_20260709_192315,558,WAITING_IN_PROGRESS,assets/replay/sessions/session_20260709_192315/frames/000558.jpg,crops/session_20260709_192315/000558.png,940,36,1620,100,621b576e80607aa1bfdd47b9d8c481cdf745a1d084af6a8a601c38009710fc28
session_20260709_192315,559,WAITING_IN_PROGRESS,assets/replay/sessions/session_20260709_192315/frames/000559.jpg,crops/session_20260709_192315/000559.png,940,36,1620,100,9624bcef8b0ed456d9fdeaa16e429050cd0b4572983a19ce52d862598786a95e
session_20260709_192315,560,WAITING_IN_PROGRESS,assets/replay/sessions/session_20260709_192315/frames/000560.jpg,crops/session_20260709_192315/000560.png,940,36,1620,100,3bc204fd075a6ed118d1c02336a26c8292db1526891f60af2dccdb8a06eee6a8
session_20260709_192315,561,WAITING_IN_PROGRESS,assets/replay/sessions/session_20260709_192315/frames/000561.jpg,crops/session_20260709_192315/000561.png,940,36,1620,100,5e121b423600bd2add324cc8977925d9dbe2adb45964119f6218066d9452d8c1
session_20260709_192315,562,WAITING_IN_PROGRESS,assets/replay/sessions/session_20260709_192315/frames/000562.jpg,crops/session_20260709_192315/000562.png,940,36,1620,100,2ef73c3489d4deaae658dcd23b6da9e9e56849ab0b1b4ef6aafcb2892f275356
session_20260709_192315,563,WAITING_IN_PROGRESS,assets/replay/sessions/session_20260709_192315/frames/000563.jpg,crops/session_20260709_192315/000563.png,940,36,1620,100,a863e60cfd10efa197c0b2f943be906612221cd15e10881109ea10b432217b04
session_20260709_192315,564,WAITING_IN_PROGRESS,assets/replay/sessions/session_20260709_192315/frames/000564.jpg,crops/session_20260709_192315/000564.png,940,36,1620,100,56b7f5dad5604e41b3bc6a9b1bb6989983afc9452efa7936b744b29445c8f644
session_20260709_192315,565,WAITING_IN_PROGRESS,assets/replay/sessions/session_20260709_192315/frames/000565.jpg,crops/session_20260709_192315/000565.png,940,36,1620,100,feb958b5da62164cbe9766ab474daa1541969e7ba7f57d765b8b85fdee4d3df4
session_20260709_192315,566,WAITING_IN_PROGRESS,assets/replay/sessions/session_20260709_192315/frames/000566.jpg,crops/session_20260709_192315/000566.png,940,36,1620,100,42bccf59e66860a989708e1042b3fb6298d84bae837854aa70dfbe51d6602f5a
session_20260709_192315,567,WAITING_IN_PROGRESS,assets/replay/sessions/session_20260709_192315/frames/000567.jpg,crops/session_20260709_192315/000567.png,940,36,1620,100,2797ca881e49d557df4324e5a559bcd29500050559efdbc97dc2a5f7c357853b
session_20260709_192315,568,WAITING_IN_PROGRESS,assets/replay/sessions/session_20260709_192315/frames/000568.jpg,crops/session_20260709_192315/000568.png,940,36,1620,100,bbb0a3334ba2e97d0f18a17d48dc0b83a8af4b0048022f18d7d2646dbef29f58
session_20260709_192315,569,WAITING_IN_PROGRESS,assets/replay/sessions/session_20260709_192315/frames/000569.jpg,crops/session_20260709_192315/000569.png,940,36,1620,100,575a4047ec215b34ce2695f46453139193a33926867386074411ca2dcf02d095
session_20260709_192315,570,WAITING_IN_PROGRESS,assets/replay/sessions/session_20260709_192315/frames/000570.jpg,crops/session_20260709_192315/000570.png,940,36,1620,100,cff3a1af3d40a16c2329c9aef1b396779ad4183e2c24326af1a6e27a89f09e68
session_20260709_192315,571,WAITING_IN_PROGRESS,assets/replay/sessions/session_20260709_192315/frames/000571.jpg,crops/session_20260709_192315/000571.png,940,36,1620,100,bbaa50a407ed716ab816a9d37d24b411d1a8b962f7eb86a44a73ed1f779709e9
session_20260709_192315,572,WAITING_IN_PROGRESS,assets/replay/sessions/session_20260709_192315/frames/000572.jpg,crops/session_20260709_192315/000572.png,940,36,1620,100,08f0cd8662de90e284c1ed5175a0a4f652eee919d1628ea075192978b7c113d9
session_20260709_192315,573,WAITING_IN_PROGRESS,assets/replay/sessions/session_20260709_192315/frames/000573.jpg,crops/session_20260709_192315/000573.png,940,36,1620,100,36a64952575d9a992e8740be571f8941e97522f53779798d8c096c7ac864f154
session_20260709_192315,574,WAITING_IN_PROGRESS,assets/replay/sessions/session_20260709_192315/frames/000574.jpg,crops/session_20260709_192315/000574.png,940,36,1620,100,4a67a563780d1fd4b49c662b430c9d46d5a2d395465a856c519664713ffe32fd
session_20260709_192315,575,WAITING_IN_PROGRESS,assets/replay/sessions/session_20260709_192315/frames/000575.jpg,crops/session_20260709_192315/000575.png,940,36,1620,100,f2d5be126c0d46df976064a210c6817fad2fdc4b0ac6a823a45c13c636728fd9
session_20260709_192315,576,WAITING_IN_PROGRESS,assets/replay/sessions/session_20260709_192315/frames/000576.jpg,crops/session_20260709_192315/000576.png,940,36,1620,100,0a6b7e27a5202d1d24f4f2903c8d05dd74e95b68d2d2091444ed6a372a98b02d
session_20260709_192315,577,WAITING_IN_PROGRESS,assets/replay/sessions/session_20260709_192315/frames/000577.jpg,crops/session_20260709_192315/000577.png,940,36,1620,100,ab596f0fd144cc9e0e104aa398e63748806c24dce9fcc24e331dde57fe537a23
session_20260709_192315,578,WAITING_IN_PROGRESS,assets/replay/sessions/session_20260709_192315/frames/000578.jpg,crops/session_20260709_192315/000578.png,940,36,1620,100,8556d7f92fc913f7838930e77be2dab3fe4aff3fe129e5a703a60f40e54200e6
session_20260709_192315,579,WAITING_IN_PROGRESS,assets/replay/sessions/session_20260709_192315/frames/000579.jpg,crops/session_20260709_192315/000579.png,940,36,1620,100,510ebbcf348c6a142a5ca656902a5abd5b059376c6c8399de5f5adc4eaea0fc7
session_20260709_192315,580,WAITING_IN_PROGRESS,assets/replay/sessions/session_20260709_192315/frames/000580.jpg,crops/session_20260709_192315/000580.png,940,36,1620,100,8fe683014baf51a4638e30f86f07aa8229a13d55534b46b35d974b23b7190830
session_20260709_192315,581,WAITING_IN_PROGRESS,assets/replay/sessions/session_20260709_192315/frames/000581.jpg,crops/session_20260709_192315/000581.png,940,36,1620,100,3a86f86bf94938529f3d7ed3714b1896c60f195e60b2b59d25259fe937b9b1c1
session_20260709_192315,582,WAITING_IN_PROGRESS,assets/replay/sessions/session_20260709_192315/frames/000582.jpg,crops/session_20260709_192315/000582.png,940,36,1620,100,5854e5c14085ea12f54ab2269dd06e19d5e6a9741c7aabebabf55ef6a2025ff1
session_20260709_192315,583,WAITING_IN_PROGRESS,assets/replay/sessions/session_20260709_192315/frames/000583.jpg,crops/session_20260709_192315/000583.png,940,36,1620,100,1a810c2723637c12f1c5d64bd2d7c385c205b1a85f6a900f2688bc4791c0319e
session_20260709_192315,584,WAITING_IN_PROGRESS,assets/replay/sessions/session_20260709_192315/frames/000584.jpg,crops/session_20260709_192315/000584.png,940,36,1620,100,7483aa43637b74c6a4457ea1813ff48e519375f85d69976d17ab783d1c980a76
session_20260709_192315,585,WAITING_IN_PROGRESS,assets/replay/sessions/session_20260709_192315/frames/000585.jpg,crops/session_20260709_192315/000585.png,940,36,1620,100,847041d8cb3a31fa8e00c688f5f695062362564d0fa33f6af376b728be2c9764
session_20260709_192315,586,WAITING_IN_PROGRESS,assets/replay/sessions/session_20260709_192315/frames/000586.jpg,crops/session_20260709_192315/000586.png,940,36,1620,100,8bca7e15145e0c108a26bfb9ba00df1d8d10a106ed316f04fa79f792bec767a5
session_20260709_192315,587,WAITING_IN_PROGRESS,assets/replay/sessions/session_20260709_192315/frames/000587.jpg,crops/session_20260709_192315/000587.png,940,36,1620,100,c5643cebd7501f33ef09b1c1d3aa5554169f9d0accf3d4ead19cae2fcb4875e9
session_20260709_192315,588,WAITING_IN_PROGRESS,assets/replay/sessions/session_20260709_192315/frames/000588.jpg,crops/session_20260709_192315/000588.png,940,36,1620,100,422f6b5ec0c3b8c345dee4088d1ab319998ba4f7a3d49a6960d72e4c8dd95a7d
session_20260709_192315,589,WAITING_IN_PROGRESS,assets/replay/sessions/session_20260709_192315/frames/000589.jpg,crops/session_20260709_192315/000589.png,940,36,1620,100,5f42194641c7f1e03dd91c7997c3d15831195d95de9e2cc9238cfab136c4072f
session_20260709_192315,590,WAITING_IN_PROGRESS,assets/replay/sessions/session_20260709_192315/frames/000590.jpg,crops/session_20260709_192315/000590.png,940,36,1620,100,b4ca7fd224b957928e6d688e08029c3937cf42941fe25f101235710fbca29958
session_20260709_192315,591,WAITING_IN_PROGRESS,assets/replay/sessions/session_20260709_192315/frames/000591.jpg,crops/session_20260709_192315/000591.png,940,36,1620,100,597dd475e33772b37f813d2dcf7a5e71d39fcbb5afda42574aa8b7a0c1db4b21
session_20260709_192315,592,WAITING_IN_PROGRESS,assets/replay/sessions/session_20260709_192315/frames/000592.jpg,crops/session_20260709_192315/000592.png,940,36,1620,100,56764776980dcc2ff09f7fa953c3113724d4a4a2cd211b49fc111eb0a28910f1
session_20260709_192315,593,WAITING_IN_PROGRESS,assets/replay/sessions/session_20260709_192315/frames/000593.jpg,crops/session_20260709_192315/000593.png,940,36,1620,100,640f5e000901c0fffd054035410d3afd7ecd2a8c8912f5dd81e0b7229828334b
session_20260709_192315,594,WAITING_IN_PROGRESS,assets/replay/sessions/session_20260709_192315/frames/000594.jpg,crops/session_20260709_192315/000594.png,940,36,1620,100,03a26a1168242e898d2e2deaa1136a8ad7933b844a6afac420edcd5d494dcdd2
session_20260709_192315,595,WAITING_IN_PROGRESS,assets/replay/sessions/session_20260709_192315/frames/000595.jpg,crops/session_20260709_192315/000595.png,940,36,1620,100,96d127e56b29e9d231d9e93e2203d80790aff1e2b7be3144c4dea1a98a71425b
session_20260709_192315,596,WAITING_IN_PROGRESS,assets/replay/sessions/session_20260709_192315/frames/000596.jpg,crops/session_20260709_192315/000596.png,940,36,1620,100,169b6c87a47f63e9f51823df943dd4a88035f75f1eb4a5019aed126ea4d77446
session_20260709_192315,597,WAITING_IN_PROGRESS,assets/replay/sessions/session_20260709_192315/frames/000597.jpg,crops/session_20260709_192315/000597.png,940,36,1620,100,5d7f27d072a41b9b69c0efdee82731af95fb88253e62ba732c291eec4544201c
session_20260709_192315,598,WAITING_IN_PROGRESS,assets/replay/sessions/session_20260709_192315/frames/000598.jpg,crops/session_20260709_192315/000598.png,940,36,1620,100,80207a8982931d61af71fa7d1255ca42afcb577d39503619c9e63e2d256e0f85
session_20260709_192315,599,WAITING_IN_PROGRESS,assets/replay/sessions/session_20260709_192315/frames/000599.jpg,crops/session_20260709_192315/000599.png,940,36,1620,100,6aecd9a687ff9fa76994a1054f9466a9f367a292d5873a6c619bc203fa9c8611
session_20260709_192315,600,WAITING_IN_PROGRESS,assets/replay/sessions/session_20260709_192315/frames/000600.jpg,crops/session_20260709_192315/000600.png,940,36,1620,100,7acd9a19ade90c16ec861ee535227ba72e71e699b93d0bc121091b52b5aa0f05
session_20260710_061220,1,WAITING_IN_PROGRESS,assets/replay/sessions/session_20260710_061220/frames/000001.jpg,crops/session_20260710_061220/000001.png,940,36,1620,100,c702792b71ca6d3257d3f91201bceda5ed708d28a4465bbe5e33dd4aa1ea6d2c
session_20260710_061220,2,WAITING_IN_PROGRESS,assets/replay/sessions/session_20260710_061220/frames/000002.jpg,crops/session_20260710_061220/000002.png,940,36,1620,100,4fdfe11372cd41ee209aa43080278c5ed0c220cf5e2a1ce2acc94f7223753721
session_20260710_061220,3,WAITING_IN_PROGRESS,assets/replay/sessions/session_20260710_061220/frames/000003.jpg,crops/session_20260710_061220/000003.png,940,36,1620,100,75d2f06c5f61c6dace37d20a5d072dc8ed34873338fad6742e47c6701963020f
session_20260710_061220,4,WAITING_IN_PROGRESS,assets/replay/sessions/session_20260710_061220/frames/000004.jpg,crops/session_20260710_061220/000004.png,940,36,1620,100,4db8b904c941c90bcbce4e62d2f1087154646014dd95d92bee1a902cdebe4ac7
session_20260710_061220,5,WAITING_IN_PROGRESS,assets/replay/sessions/session_20260710_061220/frames/000005.jpg,crops/session_20260710_061220/000005.png,940,36,1620,100,7e26e3ef168e5506b2122552f6924c9b184f8a61e50cba7b64dd27fcc40269d8
session_20260710_061220,6,WAITING_IN_PROGRESS,assets/replay/sessions/session_20260710_061220/frames/000006.jpg,crops/session_20260710_061220/000006.png,940,36,1620,100,db6750c173cdfcc2ec2100c3f35afafbc1e8503d786921ba61a68c0f773c9521
session_20260710_061220,7,WAITING_IN_PROGRESS,assets/replay/sessions/session_20260710_061220/frames/000007.jpg,crops/session_20260710_061220/000007.png,940,36,1620,100,0768d5ec4f09950184bc17b59de4c0a8dffe0a1fecac5c5e0a7f712c9e2c97c3
session_20260710_061220,8,WAITING_IN_PROGRESS,assets/replay/sessions/session_20260710_061220/frames/000008.jpg,crops/session_20260710_061220/000008.png,940,36,1620,100,b4455e43fb920fec4e5354983f6d0d3150f6d425e4f6ef871ef6a0c559f4f8eb
session_20260710_061220,9,WAITING_IN_PROGRESS,assets/replay/sessions/session_20260710_061220/frames/000009.jpg,crops/session_20260710_061220/000009.png,940,36,1620,100,1c79fa03a55d7cc4f8821dec5f8597c54e41fc77195c3f3841a2a6a01ec4c710
session_20260710_061220,10,WAITING_IN_PROGRESS,assets/replay/sessions/session_20260710_061220/frames/000010.jpg,crops/session_20260710_061220/000010.png,940,36,1620,100,d911876dcec734127e3312b71c90227992c7b03e05e9488695a7dcc36dc24c8a
session_20260710_061220,11,WAITING_IN_PROGRESS,assets/replay/sessions/session_20260710_061220/frames/000011.jpg,crops/session_20260710_061220/000011.png,940,36,1620,100,9cac0c8a9bef5bad129b250f1e91ea3355194e7a800d13ca18a3428e62037911
session_20260710_061220,12,WAITING_IN_PROGRESS,assets/replay/sessions/session_20260710_061220/frames/000012.jpg,crops/session_20260710_061220/000012.png,940,36,1620,100,056790df7eda7704d82cbc80035b375fff9846e2cf5d9030e97c7f3d9e93528b
session_20260710_061220,13,WAITING_IN_PROGRESS,assets/replay/sessions/session_20260710_061220/frames/000013.jpg,crops/session_20260710_061220/000013.png,940,36,1620,100,94548ef1e6b559a085306bb2cd6a2f04b1477bfff90975fcadd498f70e914e86
session_20260710_061220,14,WAITING_IN_PROGRESS,assets/replay/sessions/session_20260710_061220/frames/000014.jpg,crops/session_20260710_061220/000014.png,940,36,1620,100,b8fc341248cd2f58c5064d622d655bc45f0e62c0974253c5a115dfcac53dc6c9
session_20260710_061220,15,WAITING_IN_PROGRESS,assets/replay/sessions/session_20260710_061220/frames/000015.jpg,crops/session_20260710_061220/000015.png,940,36,1620,100,ef8451e339568809387375d8a2ece7d1ed6cb23621075125c00bf46cf85d0d66
session_20260710_061220,16,WAITING_IN_PROGRESS,assets/replay/sessions/session_20260710_061220/frames/000016.jpg,crops/session_20260710_061220/000016.png,940,36,1620,100,7f017dbfed6faa01e7049b42129eb2d54d30f3f8eaa3184f9d51c5a54168bfb5
session_20260710_061220,17,WAITING_IN_PROGRESS,assets/replay/sessions/session_20260710_061220/frames/000017.jpg,crops/session_20260710_061220/000017.png,940,36,1620,100,f405c8b3c058e714b290e52c1f35c65e1255462f42f1e7fb7b02701c4ed439f7
session_20260710_061220,18,WAITING_IN_PROGRESS,assets/replay/sessions/session_20260710_061220/frames/000018.jpg,crops/session_20260710_061220/000018.png,940,36,1620,100,b708de2da4591b8b09316b3e9b33f18fa9901824bd1f13fa263ab22545089b3a
session_20260710_061220,19,WAITING_IN_PROGRESS,assets/replay/sessions/session_20260710_061220/frames/000019.jpg,crops/session_20260710_061220/000019.png,940,36,1620,100,fe72fd8fd2f6ce4c0661f14046b611bf0dcf0c9a4906899c72282c70592b1e92
session_20260710_061220,20,WAITING_IN_PROGRESS,assets/replay/sessions/session_20260710_061220/frames/000020.jpg,crops/session_20260710_061220/000020.png,940,36,1620,100,9ad0cd62df6b264d8182b6b6f089ac11112a2e9cdcca739de895d2108b8eeb21
session_20260710_061220,21,WAITING_IN_PROGRESS,assets/replay/sessions/session_20260710_061220/frames/000021.jpg,crops/session_20260710_061220/000021.png,940,36,1620,100,47be72860865de192c5fed66140307f543513053059adda182e9b549f54d48b1
session_20260710_061220,22,WAITING_IN_PROGRESS,assets/replay/sessions/session_20260710_061220/frames/000022.jpg,crops/session_20260710_061220/000022.png,940,36,1620,100,2ce5eed59a14ac27af62a66fb0e259be4a3e18ab67305b5e214591c672bd1f56
session_20260710_061220,23,WAITING_IN_PROGRESS,assets/replay/sessions/session_20260710_061220/frames/000023.jpg,crops/session_20260710_061220/000023.png,940,36,1620,100,a96165e2424afac318ae5891fd67114631453b6166075a28e8e54437cfc08e80
session_20260710_061220,24,WAITING_IN_PROGRESS,assets/replay/sessions/session_20260710_061220/frames/000024.jpg,crops/session_20260710_061220/000024.png,940,36,1620,100,f73e7773cc206c5105e1d46a8a1db9922d55731a4c0c3f1958a0ebbc6412a457
session_20260710_061220,25,WAITING_IN_PROGRESS,assets/replay/sessions/session_20260710_061220/frames/000025.jpg,crops/session_20260710_061220/000025.png,940,36,1620,100,6a51bc8be7f9a036764fc69a4cc4dd1f197d53193fea97f12299ee006c5ea813
session_20260710_061220,26,WAITING_IN_PROGRESS,assets/replay/sessions/session_20260710_061220/frames/000026.jpg,crops/session_20260710_061220/000026.png,940,36,1620,100,26cf2766b5be97ac563aaeef1b98d2f3549bae21717a28f165845ee9c10bdac7
session_20260710_061220,27,WAITING_IN_PROGRESS,assets/replay/sessions/session_20260710_061220/frames/000027.jpg,crops/session_20260710_061220/000027.png,940,36,1620,100,69a09150fe22c3634714e9c05a9a78af393d804aad41e56df3250cba61d16d8c
session_20260710_061220,28,WAITING_IN_PROGRESS,assets/replay/sessions/session_20260710_061220/frames/000028.jpg,crops/session_20260710_061220/000028.png,940,36,1620,100,054934a16c80534cc02e8fb44c52db2636c8aaa57cfa92eab142bc297d9d0d75
session_20260710_061220,29,WAITING_IN_PROGRESS,assets/replay/sessions/session_20260710_061220/frames/000029.jpg,crops/session_20260710_061220/000029.png,940,36,1620,100,d7318f0b1384630af6eb443f2f5192f33b8b67895b3417841b88844c79c52079
session_20260710_061220,30,WAITING_IN_PROGRESS,assets/replay/sessions/session_20260710_061220/frames/000030.jpg,crops/session_20260710_061220/000030.png,940,36,1620,100,8e6fe6f499185a746a27d11fbf61be1d273cd94521c9066d65748aab83161bc9
session_20260710_061220,31,WAITING_IN_PROGRESS,assets/replay/sessions/session_20260710_061220/frames/000031.jpg,crops/session_20260710_061220/000031.png,940,36,1620,100,9106652b4cdbad4cabb0c1ee84c87e49ac3d73b38bbbdcb5b15e04b7c8d11b49
session_20260710_061220,32,WAITING_IN_PROGRESS,assets/replay/sessions/session_20260710_061220/frames/000032.jpg,crops/session_20260710_061220/000032.png,940,36,1620,100,4c4b3ea5628230fe3f3bbf1f9768262753dbff75e49e6536ef7bc2846e275663
session_20260710_061220,33,WAITING_IN_PROGRESS,assets/replay/sessions/session_20260710_061220/frames/000033.jpg,crops/session_20260710_061220/000033.png,940,36,1620,100,a2f3949913806230f94ade38af53377be1faf9c5d975b3c74cb6deb9b9fdea01
session_20260710_061220,34,WAITING_IN_PROGRESS,assets/replay/sessions/session_20260710_061220/frames/000034.jpg,crops/session_20260710_061220/000034.png,940,36,1620,100,efede6f10adc0443719277e74821ae97b061872851cd56d60faeaf2b297025c0
session_20260710_061220,35,WAITING_IN_PROGRESS,assets/replay/sessions/session_20260710_061220/frames/000035.jpg,crops/session_20260710_061220/000035.png,940,36,1620,100,b3dbaaed865759724782d2af2b7c73e513d7e88eeda3893863fbdf6f7e086ee5
session_20260710_061220,36,WAITING_IN_PROGRESS,assets/replay/sessions/session_20260710_061220/frames/000036.jpg,crops/session_20260710_061220/000036.png,940,36,1620,100,0ff9ddf9bb80c0837ed2aa811d49e0de1aa0342c61253a13234557fabeba5521
session_20260710_061220,37,WAITING_IN_PROGRESS,assets/replay/sessions/session_20260710_061220/frames/000037.jpg,crops/session_20260710_061220/000037.png,940,36,1620,100,868a1cbe5cdfae6136d4eda7e1f6ec31de5c8fbdb9aa40e29fd8fd81585ced49
session_20260710_061220,38,WAITING_IN_PROGRESS,assets/replay/sessions/session_20260710_061220/frames/000038.jpg,crops/session_20260710_061220/000038.png,940,36,1620,100,b6fb3a00c6efdf0b193dfaf90ab5d83ecc0de2ca93d0db64589647fa53233496
session_20260710_061220,39,WAITING_IN_PROGRESS,assets/replay/sessions/session_20260710_061220/frames/000039.jpg,crops/session_20260710_061220/000039.png,940,36,1620,100,a85ba437a70bcadf3b21bf5b03c947205350a80f0054a6cfdbe1816482024fdd
session_20260710_061220,40,WAITING_IN_PROGRESS,assets/replay/sessions/session_20260710_061220/frames/000040.jpg,crops/session_20260710_061220/000040.png,940,36,1620,100,67a33df2ac5524556ff66bbafe73a3f2d2d20f7799cf770b23fbe1560fca1d60
session_20260710_061220,41,WAITING_IN_PROGRESS,assets/replay/sessions/session_20260710_061220/frames/000041.jpg,crops/session_20260710_061220/000041.png,940,36,1620,100,31bd97096eb64465077bbc54862334c188cad61873d151dd8123245773e55e1a
session_20260710_061220,42,WAITING_IN_PROGRESS,assets/replay/sessions/session_20260710_061220/frames/000042.jpg,crops/session_20260710_061220/000042.png,940,36,1620,100,1f5c1ccb7f0c860c97b6b709df5544b3f745785df7916849be279b694f2badd0
session_20260710_061220,43,WAITING_IN_PROGRESS,assets/replay/sessions/session_20260710_061220/frames/000043.jpg,crops/session_20260710_061220/000043.png,940,36,1620,100,a461124f57efd68ccb07662c2b4cce254e1475847bfc9d31dd9204db96590304
session_20260710_061220,44,WAITING_IN_PROGRESS,assets/replay/sessions/session_20260710_061220/frames/000044.jpg,crops/session_20260710_061220/000044.png,940,36,1620,100,4cdd463828e5053ef32402b4c05bc7b5bd1caa08e1b4f0adf26a22f28abc8a26
session_20260710_061220,45,WAITING_IN_PROGRESS,assets/replay/sessions/session_20260710_061220/frames/000045.jpg,crops/session_20260710_061220/000045.png,940,36,1620,100,0fce7b0bd57bb464a77d7e30db6bffef973e6550a981cb7778ba323752c05fed
session_20260710_061220,46,WAITING_IN_PROGRESS,assets/replay/sessions/session_20260710_061220/frames/000046.jpg,crops/session_20260710_061220/000046.png,940,36,1620,100,54196e818d0cbad8f194fa4f75df2d1999e77c2abccfad5098c1f70da214e343
session_20260710_061220,47,WAITING_IN_PROGRESS,assets/replay/sessions/session_20260710_061220/frames/000047.jpg,crops/session_20260710_061220/000047.png,940,36,1620,100,37a4dcb3811b762f6982492e219e4eb68f2e0ba5c40166c3d7d088d9803b4401
session_20260710_061220,48,WAITING_IN_PROGRESS,assets/replay/sessions/session_20260710_061220/frames/000048.jpg,crops/session_20260710_061220/000048.png,940,36,1620,100,0c41e233f7e1b325254103a510cc36ad214f4fef10a1e84b349a01ae99380f16
session_20260710_061220,49,WAITING_IN_PROGRESS,assets/replay/sessions/session_20260710_061220/frames/000049.jpg,crops/session_20260710_061220/000049.png,940,36,1620,100,472c92f251397d4471b4a1201052a93dfaa56df3e023dfc191d35133a10e3e86
session_20260710_061220,50,WAITING_IN_PROGRESS,assets/replay/sessions/session_20260710_061220/frames/000050.jpg,crops/session_20260710_061220/000050.png,940,36,1620,100,de7c0fb65fb6ba2b9e8a115424d3b973085355fec4a6d3d442380af50fe8649c
session_20260710_061220,51,WAITING_IN_PROGRESS,assets/replay/sessions/session_20260710_061220/frames/000051.jpg,crops/session_20260710_061220/000051.png,940,36,1620,100,251b714cb1d90ff1aba1117f22a7df659246cae851eec4b8760f5da86d0280d7
session_20260710_061220,52,WAITING_IN_PROGRESS,assets/replay/sessions/session_20260710_061220/frames/000052.jpg,crops/session_20260710_061220/000052.png,940,36,1620,100,8122f1836eaebe44202acf639e6b438bcaf6be26acfa58cb1d8d594ae851442c
session_20260710_061220,53,WAITING_IN_PROGRESS,assets/replay/sessions/session_20260710_061220/frames/000053.jpg,crops/session_20260710_061220/000053.png,940,36,1620,100,d82cdceabd74dddaf0c4e6d6e71d2e8b6d0b7bd51d53b88fe5274ccb33ff0728
session_20260710_061220,54,WAITING_IN_PROGRESS,assets/replay/sessions/session_20260710_061220/frames/000054.jpg,crops/session_20260710_061220/000054.png,940,36,1620,100,87c0529172b02fc025a508f45e745269c35de3728b8901dd598ef80f62832ae5
session_20260710_061220,55,WAITING_IN_PROGRESS,assets/replay/sessions/session_20260710_061220/frames/000055.jpg,crops/session_20260710_061220/000055.png,940,36,1620,100,261f3e0572429c83d84bf8e146918f839c937bdbabe5786200edfc51b65ab9dd
session_20260710_061220,56,WAITING_IN_PROGRESS,assets/replay/sessions/session_20260710_061220/frames/000056.jpg,crops/session_20260710_061220/000056.png,940,36,1620,100,dc4f77c2ae127b9962215d733271d1a485c766e427a9bc26e6b5136f47efe03f
session_20260710_061220,57,WAITING_IN_PROGRESS,assets/replay/sessions/session_20260710_061220/frames/000057.jpg,crops/session_20260710_061220/000057.png,940,36,1620,100,db4c06ec296002e552ca5e090e7121697676016a4054fd87833d6c2a41e1bad6
session_20260710_061220,58,WAITING_IN_PROGRESS,assets/replay/sessions/session_20260710_061220/frames/000058.jpg,crops/session_20260710_061220/000058.png,940,36,1620,100,2d51e1534e1b0905be3a5d6821d29941d1eefb7632807de7367eed339463c6eb
session_20260710_061220,59,WAITING_IN_PROGRESS,assets/replay/sessions/session_20260710_061220/frames/000059.jpg,crops/session_20260710_061220/000059.png,940,36,1620,100,00bc5a20c2383dcc884a5fc38d58d923ba9c079d19253957b6c1f9a67aff845d
session_20260710_061220,60,WAITING_IN_PROGRESS,assets/replay/sessions/session_20260710_061220/frames/000060.jpg,crops/session_20260710_061220/000060.png,940,36,1620,100,5305273eacf7c8ef1847abef8795a774f6b1f232f0ef4b04a3d8675e968b79a9
session_20260710_061220,61,WAITING_IN_PROGRESS,assets/replay/sessions/session_20260710_061220/frames/000061.jpg,crops/session_20260710_061220/000061.png,940,36,1620,100,461fa21cc6d325fdb5934aa4cf02243cc3a4ecb61140cea9b52b8485fbf76ea1
session_20260710_061220,62,WAITING_IN_PROGRESS,assets/replay/sessions/session_20260710_061220/frames/000062.jpg,crops/session_20260710_061220/000062.png,940,36,1620,100,90b25cc123c4ad071dac875fc05ea72607bd107dd4043b776c52fbd068dcb0cd
session_20260710_061220,63,WAITING_IN_PROGRESS,assets/replay/sessions/session_20260710_061220/frames/000063.jpg,crops/session_20260710_061220/000063.png,940,36,1620,100,ff6203dbd9e6d93acaf7637a590cc4dff1e831353056fd54cc9105b619af9702
session_20260710_061220,64,WAITING_IN_PROGRESS,assets/replay/sessions/session_20260710_061220/frames/000064.jpg,crops/session_20260710_061220/000064.png,940,36,1620,100,52261461972e2e17c7d775e675722bd44c5cff6c0550fdfafd012604af12cd11
session_20260710_061220,65,WAITING_IN_PROGRESS,assets/replay/sessions/session_20260710_061220/frames/000065.jpg,crops/session_20260710_061220/000065.png,940,36,1620,100,e4d0550bccd0b38199e7e41cb7b7cdd77c5e8da88124838c8820626a88f52487
session_20260710_061220,66,WAITING_IN_PROGRESS,assets/replay/sessions/session_20260710_061220/frames/000066.jpg,crops/session_20260710_061220/000066.png,940,36,1620,100,43a8439eb31d282717921b32f21d99b5535eb06dcd57ef2611132c40c1006098
session_20260710_061220,67,WAITING_IN_PROGRESS,assets/replay/sessions/session_20260710_061220/frames/000067.jpg,crops/session_20260710_061220/000067.png,940,36,1620,100,b62f52854eb7bbb57956637ebda3f5ba5b89fb9e73cda1616f485f18cdfe4ab3
session_20260710_061220,68,WAITING_IN_PROGRESS,assets/replay/sessions/session_20260710_061220/frames/000068.jpg,crops/session_20260710_061220/000068.png,940,36,1620,100,bfa33293903d5107ab5661f1e5cbd90c80235d28f2286f126971e6f2d7837a1f
session_20260710_061220,69,WAITING_IN_PROGRESS,assets/replay/sessions/session_20260710_061220/frames/000069.jpg,crops/session_20260710_061220/000069.png,940,36,1620,100,246e0bc123eedd2a37d01f3c1517c4edc60938cc2c5ea05baba2ba036e5cad62
session_20260710_061220,70,WAITING_IN_PROGRESS,assets/replay/sessions/session_20260710_061220/frames/000070.jpg,crops/session_20260710_061220/000070.png,940,36,1620,100,0d2339950906c4071593e37303db4b2a68251b2f129a240d5d6a8b955e8f5925
session_20260710_061220,71,WAITING_IN_PROGRESS,assets/replay/sessions/session_20260710_061220/frames/000071.jpg,crops/session_20260710_061220/000071.png,940,36,1620,100,b1716f9f5b5ee5f8fe91fcd4e51b717b9ab6f5ed4a53af6125e37fca882c74eb
session_20260710_061220,72,WAITING_IN_PROGRESS,assets/replay/sessions/session_20260710_061220/frames/000072.jpg,crops/session_20260710_061220/000072.png,940,36,1620,100,74b63e250419315319620189f6083618d6407f78f2dcf95eccf898143aeb938a
session_20260710_061220,73,WAITING_IN_PROGRESS,assets/replay/sessions/session_20260710_061220/frames/000073.jpg,crops/session_20260710_061220/000073.png,940,36,1620,100,17a0e4aac34af35220d459d9e234dc703a0b604ac0cbe51eb63fbf1d6fcb7d07
session_20260710_061220,74,WAITING_IN_PROGRESS,assets/replay/sessions/session_20260710_061220/frames/000074.jpg,crops/session_20260710_061220/000074.png,940,36,1620,100,c897475cc28c3e213fb3b5223f2d507626d8df10e8d5e6de1067d31f814c32cb
session_20260710_061220,75,WAITING_IN_PROGRESS,assets/replay/sessions/session_20260710_061220/frames/000075.jpg,crops/session_20260710_061220/000075.png,940,36,1620,100,22497ef4a72d1bc2966744f594bd1a078172671bdc36caab6abf2d311d08120b
session_20260710_061220,76,WAITING_IN_PROGRESS,assets/replay/sessions/session_20260710_061220/frames/000076.jpg,crops/session_20260710_061220/000076.png,940,36,1620,100,758d13cc7107e8b67abf43f91b169db3b00d886d4b2d142f37e8d75f4b090605
session_20260710_061220,77,WAITING_IN_PROGRESS,assets/replay/sessions/session_20260710_061220/frames/000077.jpg,crops/session_20260710_061220/000077.png,940,36,1620,100,90b872b633e07d2b0221bc40496e6019eef63fd5e03c27a273b7456ecf48d4dc
session_20260710_061220,78,WAITING_IN_PROGRESS,assets/replay/sessions/session_20260710_061220/frames/000078.jpg,crops/session_20260710_061220/000078.png,940,36,1620,100,81695d90d35972668833eb071f13484ebb0ff3a699f0258eed376097d5307d6b
session_20260710_061220,79,WAITING_IN_PROGRESS,assets/replay/sessions/session_20260710_061220/frames/000079.jpg,crops/session_20260710_061220/000079.png,940,36,1620,100,6e5399f3da3bea37b8c572eb7c1d381e0c984063f80f1436189bf44c2959e2b0
session_20260710_061220,80,WAITING_IN_PROGRESS,assets/replay/sessions/session_20260710_061220/frames/000080.jpg,crops/session_20260710_061220/000080.png,940,36,1620,100,414ca202b487698d9b45071cfa45e9572a771be6b51dcb773b1395db51142588
session_20260710_061220,81,WAITING_IN_PROGRESS,assets/replay/sessions/session_20260710_061220/frames/000081.jpg,crops/session_20260710_061220/000081.png,940,36,1620,100,75e07152e1b9a9a61a52a6a880060f45612abafd073ca973fb17782e754e6c95
session_20260710_061220,82,WAITING_IN_PROGRESS,assets/replay/sessions/session_20260710_061220/frames/000082.jpg,crops/session_20260710_061220/000082.png,940,36,1620,100,8da7c184c000f70b2114f63e6f4dd2d5feada38824ae7d8d4649fc4e60de3e1a
session_20260710_061220,83,WAITING_IN_PROGRESS,assets/replay/sessions/session_20260710_061220/frames/000083.jpg,crops/session_20260710_061220/000083.png,940,36,1620,100,91c7ce6d53056d7c649adbe69545f403286633fe14b4ab1f32fcab3811e59fde
session_20260710_061220,84,WAITING_IN_PROGRESS,assets/replay/sessions/session_20260710_061220/frames/000084.jpg,crops/session_20260710_061220/000084.png,940,36,1620,100,9f468632a7f952eb2b5a380576eb6fc604908dd4a5b2864a7c07215b81cf0e83
session_20260710_061220,85,WAITING_IN_PROGRESS,assets/replay/sessions/session_20260710_061220/frames/000085.jpg,crops/session_20260710_061220/000085.png,940,36,1620,100,a0e99c1fc403d1dd6c41aadfb2368ddab12aa3c1efedbbdbdb4f47acb45f2a56
session_20260710_061220,86,WAITING_IN_PROGRESS,assets/replay/sessions/session_20260710_061220/frames/000086.jpg,crops/session_20260710_061220/000086.png,940,36,1620,100,f2b863edfa4725ae8ef0a764a78f5518de6caec70ed8146293ae4256dc191e13
session_20260710_061220,87,WAITING_IN_PROGRESS,assets/replay/sessions/session_20260710_061220/frames/000087.jpg,crops/session_20260710_061220/000087.png,940,36,1620,100,bd9ce15ce5e2c7464a2994fbcee62533dddce80bd3869aeb562ca9c7f9326425
session_20260710_061220,88,WAITING_IN_PROGRESS,assets/replay/sessions/session_20260710_061220/frames/000088.jpg,crops/session_20260710_061220/000088.png,940,36,1620,100,463f0628611b5e96ee86eed9cbcb93a44365f321cbe895eda32a795a0afb62ec
session_20260710_061220,89,WAITING_IN_PROGRESS,assets/replay/sessions/session_20260710_061220/frames/000089.jpg,crops/session_20260710_061220/000089.png,940,36,1620,100,c8ad85ad3fc797c9cb6f3291d6c34522eb1dc7d1c1f4c997e5244907519327fe
session_20260710_061220,90,WAITING_IN_PROGRESS,assets/replay/sessions/session_20260710_061220/frames/000090.jpg,crops/session_20260710_061220/000090.png,940,36,1620,100,8a3ba325a1acfb75ed175554df734289a68b9e67c118d420ad4b1f4178b1af81
session_20260710_061220,91,WAITING_IN_PROGRESS,assets/replay/sessions/session_20260710_061220/frames/000091.jpg,crops/session_20260710_061220/000091.png,940,36,1620,100,1073958eb128f0e04ba1053d27b985def0ee62e1f8e2ae1aab848c030475c8f3
session_20260710_061220,92,WAITING_IN_PROGRESS,assets/replay/sessions/session_20260710_061220/frames/000092.jpg,crops/session_20260710_061220/000092.png,940,36,1620,100,2b18843ea3c2345fd425b86091da1b0eb0630b163f03011225b3953bed39a0a3
session_20260710_061220,93,WAITING_IN_PROGRESS,assets/replay/sessions/session_20260710_061220/frames/000093.jpg,crops/session_20260710_061220/000093.png,940,36,1620,100,8e6dc5bdb7b1742d19db12a9db6241cb881718b140db99934f07a6120f7adcd9
session_20260710_061220,94,WAITING_IN_PROGRESS,assets/replay/sessions/session_20260710_061220/frames/000094.jpg,crops/session_20260710_061220/000094.png,940,36,1620,100,a0c18c9153b47bb746d152c42c2ff15a12d51e2d2b15620feb95e863dc6d6eb5
session_20260710_061220,95,WAITING_IN_PROGRESS,assets/replay/sessions/session_20260710_061220/frames/000095.jpg,crops/session_20260710_061220/000095.png,940,36,1620,100,75578f3eb4d524a87d377ebb09799b2925bfb0c5c04136cc44c7db4e5aa4948b
session_20260710_061220,96,WAITING_IN_PROGRESS,assets/replay/sessions/session_20260710_061220/frames/000096.jpg,crops/session_20260710_061220/000096.png,940,36,1620,100,f4cde603cff5c4a1520ca04f03dd5269762646212de4ccc8e83722de6d1efaf3
session_20260710_061220,97,WAITING_IN_PROGRESS,assets/replay/sessions/session_20260710_061220/frames/000097.jpg,crops/session_20260710_061220/000097.png,940,36,1620,100,c6bd3d4fbaefe2964b72cc07e66b48eac8ad1140faab403f84d7de9ffbf480b5
session_20260710_061220,98,WAITING_IN_PROGRESS,assets/replay/sessions/session_20260710_061220/frames/000098.jpg,crops/session_20260710_061220/000098.png,940,36,1620,100,d1b52ed33c4367d96890b0e92bd6aded3a2b12410c8d0f5c56ed3bdfbd5dc3c7
session_20260710_061220,99,WAITING_IN_PROGRESS,assets/replay/sessions/session_20260710_061220/frames/000099.jpg,crops/session_20260710_061220/000099.png,940,36,1620,100,ff578de04fd002ac3fbdf1708ebaa76d5498f78ef7fbcd9082fa2961dcd990e1
session_20260710_061220,100,WAITING_IN_PROGRESS,assets/replay/sessions/session_20260710_061220/frames/000100.jpg,crops/session_20260710_061220/000100.png,940,36,1620,100,60c5765ec13d8091f6767b48269babbba68523d8be5fe671784521fe11ee9fcf
session_20260710_061220,101,WAITING_IN_PROGRESS,assets/replay/sessions/session_20260710_061220/frames/000101.jpg,crops/session_20260710_061220/000101.png,940,36,1620,100,795e2f4da258a13eb5b879bd6de80b2ebeee0b410af566fc8ad0092e48bb23f0
session_20260710_061220,102,WAITING_IN_PROGRESS,assets/replay/sessions/session_20260710_061220/frames/000102.jpg,crops/session_20260710_061220/000102.png,940,36,1620,100,ae7b26f83facf8bb766fa543942fb6247ad5fdb272e547c4fdd0989b12b98373
session_20260710_061220,103,WAITING_IN_PROGRESS,assets/replay/sessions/session_20260710_061220/frames/000103.jpg,crops/session_20260710_061220/000103.png,940,36,1620,100,44c78acb683ea40e10e3db1078b6c761596733d21128799e745331f439c14318
session_20260710_061220,104,WAITING_IN_PROGRESS,assets/replay/sessions/session_20260710_061220/frames/000104.jpg,crops/session_20260710_061220/000104.png,940,36,1620,100,c71ef5af9a97093cde84792b252a586ceaee04b3a1fed5bf74c7cc675cbd1a44
session_20260710_061220,105,WAITING_IN_PROGRESS,assets/replay/sessions/session_20260710_061220/frames/000105.jpg,crops/session_20260710_061220/000105.png,940,36,1620,100,07d5f752611b9baa813a62c238629da698a2b1ab3ead37cead98ecda26acdd3f
session_20260710_061220,106,WAITING_IN_PROGRESS,assets/replay/sessions/session_20260710_061220/frames/000106.jpg,crops/session_20260710_061220/000106.png,940,36,1620,100,436e28c3b3a561af61e369352749cb4e29225ff4702af3a94d4c99cf72355315
session_20260710_061220,107,WAITING_IN_PROGRESS,assets/replay/sessions/session_20260710_061220/frames/000107.jpg,crops/session_20260710_061220/000107.png,940,36,1620,100,bb7e097a58aeb156daaa5c16ae648a9300cff19a91cbaf72937b15d6fb34e45c
session_20260710_061220,108,WAITING_IN_PROGRESS,assets/replay/sessions/session_20260710_061220/frames/000108.jpg,crops/session_20260710_061220/000108.png,940,36,1620,100,4cad3d0f2e0de3ef12c78b4c8e73ab8f8bdb0eaa484b77e032819ea288423eda
session_20260710_061220,109,WAITING_IN_PROGRESS,assets/replay/sessions/session_20260710_061220/frames/000109.jpg,crops/session_20260710_061220/000109.png,940,36,1620,100,c38770f4e3b95bae7b620b63b358b0e55b5a231b0ba1673344d12f50148039a7
session_20260710_061220,110,WAITING_IN_PROGRESS,assets/replay/sessions/session_20260710_061220/frames/000110.jpg,crops/session_20260710_061220/000110.png,940,36,1620,100,6d03d94f321a2d8515d2ac056a54147bdad37555ae0b4864957258943194cc6b
session_20260710_061220,111,WAITING_IN_PROGRESS,assets/replay/sessions/session_20260710_061220/frames/000111.jpg,crops/session_20260710_061220/000111.png,940,36,1620,100,4112c07d6c4108607559648f4306da9c1de5eb8cdc3bf49dc56a343914dd600b
session_20260710_061220,112,WAITING_IN_PROGRESS,assets/replay/sessions/session_20260710_061220/frames/000112.jpg,crops/session_20260710_061220/000112.png,940,36,1620,100,c8ce0ccbc1c727bea60ce243335bd839738f057b8d6dbdb8e465310e010485bd
session_20260710_061220,113,WAITING_IN_PROGRESS,assets/replay/sessions/session_20260710_061220/frames/000113.jpg,crops/session_20260710_061220/000113.png,940,36,1620,100,1a901abe4c6ef6b0086bca890758c5e180df3640946b845fa846c0ab808b8083
session_20260710_061220,114,WAITING_IN_PROGRESS,assets/replay/sessions/session_20260710_061220/frames/000114.jpg,crops/session_20260710_061220/000114.png,940,36,1620,100,55bca0cc0379e889f13f5cb4545225b509fdb10f7cd53970a7ef26539edd185c
session_20260710_061220,115,WAITING_IN_PROGRESS,assets/replay/sessions/session_20260710_061220/frames/000115.jpg,crops/session_20260710_061220/000115.png,940,36,1620,100,0f0bbda03508d782d5d82c18a9a632f8c783a4aa17091316b8eb34561be40ba0
session_20260710_061220,116,WAITING_IN_PROGRESS,assets/replay/sessions/session_20260710_061220/frames/000116.jpg,crops/session_20260710_061220/000116.png,940,36,1620,100,bdc0fd38bb65d830b24b511abb737e61bc4360023c07b04bc3064427d5698e70
session_20260710_061220,117,WAITING_IN_PROGRESS,assets/replay/sessions/session_20260710_061220/frames/000117.jpg,crops/session_20260710_061220/000117.png,940,36,1620,100,d7e82b2e4d81f66149abb6489a19e097923c523a67a5b9fcc881586a072a715c
session_20260710_061220,118,WAITING_IN_PROGRESS,assets/replay/sessions/session_20260710_061220/frames/000118.jpg,crops/session_20260710_061220/000118.png,940,36,1620,100,aab93b070af49e624e3b9c4f70f95ff5819e41bd4cc421cabbaf1be95b19da5c
session_20260710_061220,119,WAITING_IN_PROGRESS,assets/replay/sessions/session_20260710_061220/frames/000119.jpg,crops/session_20260710_061220/000119.png,940,36,1620,100,7023583ea7c39ea965cb8a62a55a05e17388199397c9dec5091c98c6d69f0369
session_20260710_061220,120,WAITING_IN_PROGRESS,assets/replay/sessions/session_20260710_061220/frames/000120.jpg,crops/session_20260710_061220/000120.png,940,36,1620,100,1b67c0a8dcbefc16a7cdfbeda0ff7989fea09b8cdedaaa43de39c755bf3180bf
session_20260710_061220,121,WAITING_IN_PROGRESS,assets/replay/sessions/session_20260710_061220/frames/000121.jpg,crops/session_20260710_061220/000121.png,940,36,1620,100,9166f3b8deb241cfd797a86cd82c0a695ed1be0f4b9171d0d830b35da75540f0
session_20260710_061220,122,WAITING_IN_PROGRESS,assets/replay/sessions/session_20260710_061220/frames/000122.jpg,crops/session_20260710_061220/000122.png,940,36,1620,100,6252c126fe8fd1617ddf95f2af447127e3cb35b54001ad71325b5868e9c63da1
session_20260710_061220,123,WAITING_IN_PROGRESS,assets/replay/sessions/session_20260710_061220/frames/000123.jpg,crops/session_20260710_061220/000123.png,940,36,1620,100,7abee742f794eed7582ddbbec2246ea6464d8f9a9dcbe60b8e523e56b9522a5f
session_20260710_061220,124,WAITING_IN_PROGRESS,assets/replay/sessions/session_20260710_061220/frames/000124.jpg,crops/session_20260710_061220/000124.png,940,36,1620,100,a1077a9e97016fc272dd13f8fce6f04a061cb5cfd0bb0ac6ec611db943671134
session_20260710_061220,125,WAITING_IN_PROGRESS,assets/replay/sessions/session_20260710_061220/frames/000125.jpg,crops/session_20260710_061220/000125.png,940,36,1620,100,8b4c7420e246ac0c646ae04fa0a08844362288c6677a1c902aad02a450148b78
session_20260710_061220,126,WAITING_IN_PROGRESS,assets/replay/sessions/session_20260710_061220/frames/000126.jpg,crops/session_20260710_061220/000126.png,940,36,1620,100,49290f539405489fdc151acef9b3ad8ee20eb81671b3dc60328966a5f477aaf5
session_20260710_061220,127,WAITING_IN_PROGRESS,assets/replay/sessions/session_20260710_061220/frames/000127.jpg,crops/session_20260710_061220/000127.png,940,36,1620,100,3ce988edf0ce79b0dab5f18b259d8ae5f474f7dc915e94da6a86b031c97756fc
session_20260710_061220,128,WAITING_IN_PROGRESS,assets/replay/sessions/session_20260710_061220/frames/000128.jpg,crops/session_20260710_061220/000128.png,940,36,1620,100,dcfaf43ae596d9a9863ea7952689b690e78abe01d295c8bb1c0c08b523015cb7
session_20260710_061220,129,WAITING_IN_PROGRESS,assets/replay/sessions/session_20260710_061220/frames/000129.jpg,crops/session_20260710_061220/000129.png,940,36,1620,100,ac93f36490439a6de583d55488f9d1ddee624e470792c38788fe9b6938f9b5ed
session_20260710_061220,130,WAITING_IN_PROGRESS,assets/replay/sessions/session_20260710_061220/frames/000130.jpg,crops/session_20260710_061220/000130.png,940,36,1620,100,10abd2b9e828db1923bc980d65f51abd6cc78afde29b216dc237eba1413164db
session_20260710_061220,131,WAITING_IN_PROGRESS,assets/replay/sessions/session_20260710_061220/frames/000131.jpg,crops/session_20260710_061220/000131.png,940,36,1620,100,b763d7dfbae5cdc7ced50c239827a9b10959005fdb7bb35f48dc4d1a7f2531c6
session_20260710_061220,132,WAITING_IN_PROGRESS,assets/replay/sessions/session_20260710_061220/frames/000132.jpg,crops/session_20260710_061220/000132.png,940,36,1620,100,c40f92a907ae2a0c29628add75563fc771eb4be6172c3d6a78db3813ce84c0ce
session_20260710_061220,133,WAITING_IN_PROGRESS,assets/replay/sessions/session_20260710_061220/frames/000133.jpg,crops/session_20260710_061220/000133.png,940,36,1620,100,dae2ad97e8b5dbdafdb6b5c7c738cd806da72588b8d36f91943869200c18147f
session_20260710_061220,134,WAITING_IN_PROGRESS,assets/replay/sessions/session_20260710_061220/frames/000134.jpg,crops/session_20260710_061220/000134.png,940,36,1620,100,cf3e34742c098e2f513500f276a44b2cb1a57d8c12512c167a98035e0a4eed65
session_20260710_061220,135,WAITING_IN_PROGRESS,assets/replay/sessions/session_20260710_061220/frames/000135.jpg,crops/session_20260710_061220/000135.png,940,36,1620,100,8ec99416754060728ab0ffbe3597d6e9e4b4cc8fb610310a78e50742d7578db6
session_20260710_061220,136,WAITING_IN_PROGRESS,assets/replay/sessions/session_20260710_061220/frames/000136.jpg,crops/session_20260710_061220/000136.png,940,36,1620,100,d4e3059bd319405f927750b9e4a017942fe14f35b4c0a58ab2f36c55e88a9842
session_20260710_061220,137,WAITING_IN_PROGRESS,assets/replay/sessions/session_20260710_061220/frames/000137.jpg,crops/session_20260710_061220/000137.png,940,36,1620,100,e8722a8455765b3a382fd6aacdac0c364f242caa2e98ee26f8d48a25e8e5120c
session_20260710_061220,138,WAITING_IN_PROGRESS,assets/replay/sessions/session_20260710_061220/frames/000138.jpg,crops/session_20260710_061220/000138.png,940,36,1620,100,63fe5ac62cedc6a1d722cacf210f558f85c9bf6dd66aee9d5fe2c145bb603681
session_20260710_061220,139,WAITING_IN_PROGRESS,assets/replay/sessions/session_20260710_061220/frames/000139.jpg,crops/session_20260710_061220/000139.png,940,36,1620,100,b671b2996b964c81ff510c0be5a410a363f14c17ee055bcf2ee7317a023f8550
session_20260710_061220,140,WAITING_IN_PROGRESS,assets/replay/sessions/session_20260710_061220/frames/000140.jpg,crops/session_20260710_061220/000140.png,940,36,1620,100,c3a901d0c965dbfe4005df5c4695f51c9ee365230cedec08ec0c7294f404048c
session_20260710_061220,141,WAITING_IN_PROGRESS,assets/replay/sessions/session_20260710_061220/frames/000141.jpg,crops/session_20260710_061220/000141.png,940,36,1620,100,7605a995512700425ccca3acfd865bd2aa7b0435c31a9bf582519a0bdba5e5df
session_20260710_061220,142,WAITING_IN_PROGRESS,assets/replay/sessions/session_20260710_061220/frames/000142.jpg,crops/session_20260710_061220/000142.png,940,36,1620,100,e822831fe1e19d44efa7a36cdb97b14aa6bb33fd7c9cc4bfd782e2671b3a305a
session_20260710_061220,143,WAITING_IN_PROGRESS,assets/replay/sessions/session_20260710_061220/frames/000143.jpg,crops/session_20260710_061220/000143.png,940,36,1620,100,8778df391dea6c4ea0c89034240afb5431fed928561d4081329d6fb402fe4416
session_20260710_061220,144,WAITING_IN_PROGRESS,assets/replay/sessions/session_20260710_061220/frames/000144.jpg,crops/session_20260710_061220/000144.png,940,36,1620,100,6b7cf70dfd5ddc63e60a3c2e6b9d269b76aa98f88be5844a0b4ede98f3d30bb0
session_20260710_061220,145,WAITING_IN_PROGRESS,assets/replay/sessions/session_20260710_061220/frames/000145.jpg,crops/session_20260710_061220/000145.png,940,36,1620,100,cc4d25c794774c496ea026b6b4573c756e9b1c2f7db827b8dd000627c7eb9fbf
session_20260710_061220,146,WAITING_IN_PROGRESS,assets/replay/sessions/session_20260710_061220/frames/000146.jpg,crops/session_20260710_061220/000146.png,940,36,1620,100,045cbe5f9d5014574d1a90797e42fe8e9d3fbad7c8c31f303a22fc55b72ae4ac
session_20260710_061220,147,WAITING_IN_PROGRESS,assets/replay/sessions/session_20260710_061220/frames/000147.jpg,crops/session_20260710_061220/000147.png,940,36,1620,100,bd6fba959ee6d11781ae2028656e74e6e584f8f90e8829d5f9e7b9954fcf6817
session_20260710_061220,148,WAITING_IN_PROGRESS,assets/replay/sessions/session_20260710_061220/frames/000148.jpg,crops/session_20260710_061220/000148.png,940,36,1620,100,778da9fa1a8ee7e0ffb41735044e0dd10e649c1af5003aa75426a32b3c972529
session_20260710_061220,149,WAITING_IN_PROGRESS,assets/replay/sessions/session_20260710_061220/frames/000149.jpg,crops/session_20260710_061220/000149.png,940,36,1620,100,86c303fc36002674452773c8293a31e013a2b994872b41523b824a0057e07f88
session_20260710_061220,150,WAITING_IN_PROGRESS,assets/replay/sessions/session_20260710_061220/frames/000150.jpg,crops/session_20260710_061220/000150.png,940,36,1620,100,5d0f44d30cebc6ba6c050e27e16652d80cdfe20b71760d5e66ecae78af89eded
session_20260710_061220,151,WAITING_IN_PROGRESS,assets/replay/sessions/session_20260710_061220/frames/000151.jpg,crops/session_20260710_061220/000151.png,940,36,1620,100,8300d2818103070119bd61120394fefedcb131564d2f5a56151040d81ae617e8
session_20260710_061220,152,WAITING_IN_PROGRESS,assets/replay/sessions/session_20260710_061220/frames/000152.jpg,crops/session_20260710_061220/000152.png,940,36,1620,100,63aa9529d3bf4b7047626ddf69042c9798dd518ef771658ba10bf5d7369d640f
session_20260710_061220,153,WAITING_IN_PROGRESS,assets/replay/sessions/session_20260710_061220/frames/000153.jpg,crops/session_20260710_061220/000153.png,940,36,1620,100,16693e316a1422023c667afbf1d4c931cfb506fb4091b92a741fe8f7074e5d69
session_20260710_061220,154,WAITING_IN_PROGRESS,assets/replay/sessions/session_20260710_061220/frames/000154.jpg,crops/session_20260710_061220/000154.png,940,36,1620,100,d18be6bd21ecac52d27b679c95c4cbc25178a7150a675af88e4d7a116a43c060
session_20260710_061220,155,WAITING_IN_PROGRESS,assets/replay/sessions/session_20260710_061220/frames/000155.jpg,crops/session_20260710_061220/000155.png,940,36,1620,100,bf11f92965b51818f9893de69f3a94f2e52ac06b32f6494ff5b8cc5194f6ea2a
session_20260710_061220,156,WAITING_IN_PROGRESS,assets/replay/sessions/session_20260710_061220/frames/000156.jpg,crops/session_20260710_061220/000156.png,940,36,1620,100,44c135c8ca316290fe94e9bc076f81092b1d2e6e31022ef078f052b58b56e13e
session_20260710_061220,157,WAITING_IN_PROGRESS,assets/replay/sessions/session_20260710_061220/frames/000157.jpg,crops/session_20260710_061220/000157.png,940,36,1620,100,ec236b37615c5c7f39e3840781d10a27335ee4ec6810ddaebb7885cb4bb76d0e
session_20260710_061220,158,WAITING_IN_PROGRESS,assets/replay/sessions/session_20260710_061220/frames/000158.jpg,crops/session_20260710_061220/000158.png,940,36,1620,100,3b5c23aae7a8fe95584701e985f64a54fab9ce5ca1820b6fc836ce8759ae8dc4
session_20260710_061220,159,WAITING_IN_PROGRESS,assets/replay/sessions/session_20260710_061220/frames/000159.jpg,crops/session_20260710_061220/000159.png,940,36,1620,100,574f0d90a8c2ea6a08cd2805fb0a50711e566272fdecd01c5b00cbf83a3185a2
session_20260710_061220,160,WAITING_IN_PROGRESS,assets/replay/sessions/session_20260710_061220/frames/000160.jpg,crops/session_20260710_061220/000160.png,940,36,1620,100,fb437098b2337fb4249a8ed6dff233bae282d0bf1131f13e422e71ebfa7e59bc
session_20260710_061220,161,WAITING_IN_PROGRESS,assets/replay/sessions/session_20260710_061220/frames/000161.jpg,crops/session_20260710_061220/000161.png,940,36,1620,100,48abef57f7205d2d861d34d13b5e048d0f98fbee7a0df70f81ece3ed0f72c9f0
session_20260710_061220,162,WAITING_IN_PROGRESS,assets/replay/sessions/session_20260710_061220/frames/000162.jpg,crops/session_20260710_061220/000162.png,940,36,1620,100,27cf715e8a689e6d86eca7199d46fdbbe708301cee2a019d564c30c96b1d74e0
session_20260710_061220,163,WAITING_IN_PROGRESS,assets/replay/sessions/session_20260710_061220/frames/000163.jpg,crops/session_20260710_061220/000163.png,940,36,1620,100,735d26f2aaef992fd004a200867a9bb461e23483652dde7b5d5a614c8382cae4
session_20260710_061220,164,WAITING_IN_PROGRESS,assets/replay/sessions/session_20260710_061220/frames/000164.jpg,crops/session_20260710_061220/000164.png,940,36,1620,100,dbbc3e56b9b78123c9916c33f831c0a0a570bd8ff4aa91a53d555dcf2b366187
session_20260710_061220,165,WAITING_IN_PROGRESS,assets/replay/sessions/session_20260710_061220/frames/000165.jpg,crops/session_20260710_061220/000165.png,940,36,1620,100,a0c490ae1b1942a3e09ebe38319acb9f79e64c3ce1ea0787fccf3e231f548cf4
session_20260710_061220,166,WAITING_IN_PROGRESS,assets/replay/sessions/session_20260710_061220/frames/000166.jpg,crops/session_20260710_061220/000166.png,940,36,1620,100,0849d69dde17fadfad874697787fc306d04408f0713cd8e269db46bde545158d
session_20260710_061220,167,WAITING_IN_PROGRESS,assets/replay/sessions/session_20260710_061220/frames/000167.jpg,crops/session_20260710_061220/000167.png,940,36,1620,100,e2625b429d91a366cf047389d6aa671130ae0ce05cc668fad6c8d08a7a3cbd65
session_20260710_061220,168,WAITING_IN_PROGRESS,assets/replay/sessions/session_20260710_061220/frames/000168.jpg,crops/session_20260710_061220/000168.png,940,36,1620,100,148bccfab56c4fc5c536e8749a548cd1876efaf1f56b9d07af604d6630242255
session_20260710_061220,169,WAITING_IN_PROGRESS,assets/replay/sessions/session_20260710_061220/frames/000169.jpg,crops/session_20260710_061220/000169.png,940,36,1620,100,062473e94618fce547d752ee0b7868270396225f1196b929beeb490be6968d9a
session_20260710_061220,170,WAITING_IN_PROGRESS,assets/replay/sessions/session_20260710_061220/frames/000170.jpg,crops/session_20260710_061220/000170.png,940,36,1620,100,f83247b3821bafd1aa3243e2ae2bbb63adb6e0f7eca11a687919db504ce4fb34
session_20260710_061220,171,WAITING_IN_PROGRESS,assets/replay/sessions/session_20260710_061220/frames/000171.jpg,crops/session_20260710_061220/000171.png,940,36,1620,100,56ec9b3797a527bd6d87910b683aca3a28e1c8ebff0ec379a1a1d67ac10df732
session_20260710_061220,172,WAITING_IN_PROGRESS,assets/replay/sessions/session_20260710_061220/frames/000172.jpg,crops/session_20260710_061220/000172.png,940,36,1620,100,8c60516fec660af4779a8d35c683f03cc402143df7497b9b874756a075e41f46
session_20260710_061220,173,WAITING_IN_PROGRESS,assets/replay/sessions/session_20260710_061220/frames/000173.jpg,crops/session_20260710_061220/000173.png,940,36,1620,100,3604fac48c980c5a083f6d7cd03f627cf57c0133827a1eaa1cd638c9e20cd36d
session_20260710_061220,174,WAITING_IN_PROGRESS,assets/replay/sessions/session_20260710_061220/frames/000174.jpg,crops/session_20260710_061220/000174.png,940,36,1620,100,44da1a31a54108b7beaf6f7796b2e7c1aef07ae1f16dd95f200d5ede961aa7f7
session_20260710_061220,175,WAITING_IN_PROGRESS,assets/replay/sessions/session_20260710_061220/frames/000175.jpg,crops/session_20260710_061220/000175.png,940,36,1620,100,e20e9770cf3643c76dafa813357649138b0b79bc62b2d5690a4ef3d53293fc32
session_20260710_061220,176,WAITING_IN_PROGRESS,assets/replay/sessions/session_20260710_061220/frames/000176.jpg,crops/session_20260710_061220/000176.png,940,36,1620,100,c0d03d66ba8cb5b5754e0aefe1ef68ec1e1e039a8029dc3dcabf0a2258e8ed43
session_20260710_061220,177,WAITING_IN_PROGRESS,assets/replay/sessions/session_20260710_061220/frames/000177.jpg,crops/session_20260710_061220/000177.png,940,36,1620,100,6d3578669704526276242bc31262cc6eaa65d56ba5c70ed55baf0b8ab39f4030
session_20260710_061220,178,WAITING_IN_PROGRESS,assets/replay/sessions/session_20260710_061220/frames/000178.jpg,crops/session_20260710_061220/000178.png,940,36,1620,100,ec13231d41e0c63498f7f16354e84a2bd8ca3208469583d88087f0af21e36348
session_20260710_061220,179,WAITING_IN_PROGRESS,assets/replay/sessions/session_20260710_061220/frames/000179.jpg,crops/session_20260710_061220/000179.png,940,36,1620,100,e0c5f35663f4f41935ae71a819899f2997bb8e4cc1ff506a26fc0d7ac5485e48
session_20260710_061220,180,WAITING_IN_PROGRESS,assets/replay/sessions/session_20260710_061220/frames/000180.jpg,crops/session_20260710_061220/000180.png,940,36,1620,100,5557485561a8e7034a0a8c776a76384ed8a2b09e5413877d8d0b8c77e90f7eda
session_20260710_061220,181,WAITING_IN_PROGRESS,assets/replay/sessions/session_20260710_061220/frames/000181.jpg,crops/session_20260710_061220/000181.png,940,36,1620,100,240898717d41fe77a91ebac70a828a081e5520cc8d2d0fdfb69e80d14211e421
session_20260710_061220,182,WAITING_IN_PROGRESS,assets/replay/sessions/session_20260710_061220/frames/000182.jpg,crops/session_20260710_061220/000182.png,940,36,1620,100,d5ba87c5e96db53cf173ce52f95882df34ded52ab65e782fb19261bbb66e9595
session_20260710_061220,183,WAITING_IN_PROGRESS,assets/replay/sessions/session_20260710_061220/frames/000183.jpg,crops/session_20260710_061220/000183.png,940,36,1620,100,9dec174782ed769c6dc5ad075b8c21626a6f4a464fd99efd0f1f8ec49b8aea83
session_20260710_061220,184,WAITING_IN_PROGRESS,assets/replay/sessions/session_20260710_061220/frames/000184.jpg,crops/session_20260710_061220/000184.png,940,36,1620,100,87672728d8e2926cee0759af2940f870e7ec558118bdd62e830dae71e3cd6e86
session_20260710_061220,185,WAITING_IN_PROGRESS,assets/replay/sessions/session_20260710_061220/frames/000185.jpg,crops/session_20260710_061220/000185.png,940,36,1620,100,1dfa4c43482e8ef6b0629501fd75ea0b23714405578ebc95d6d0f9b3198a5bf0
session_20260710_061220,186,WAITING_IN_PROGRESS,assets/replay/sessions/session_20260710_061220/frames/000186.jpg,crops/session_20260710_061220/000186.png,940,36,1620,100,85b519d604daa169300f2d37ec3dd4f53e3c3d4ea69c81d96b79ad31ccfa0bc0
session_20260710_061220,187,WAITING_IN_PROGRESS,assets/replay/sessions/session_20260710_061220/frames/000187.jpg,crops/session_20260710_061220/000187.png,940,36,1620,100,31d4f34417d6b020305ca6566b3f0e291159ff2d8a3b9eb66a796ff106e30a3d
session_20260710_061220,188,WAITING_IN_PROGRESS,assets/replay/sessions/session_20260710_061220/frames/000188.jpg,crops/session_20260710_061220/000188.png,940,36,1620,100,918e95c59553ff8cbecdc8691216652c2639656a8a74dd3f59787f5349206a6e
session_20260710_061220,189,WAITING_IN_PROGRESS,assets/replay/sessions/session_20260710_061220/frames/000189.jpg,crops/session_20260710_061220/000189.png,940,36,1620,100,55ef0cabfb1f53b9e30de9e95224d342495640ed6e25f5d8e3d5593e65d61661
session_20260710_061220,190,WAITING_IN_PROGRESS,assets/replay/sessions/session_20260710_061220/frames/000190.jpg,crops/session_20260710_061220/000190.png,940,36,1620,100,04abc8e5790c3192e04abaa0c422f04bc1d5fef06c3be33e56b74c13ac150276
session_20260710_061220,191,WAITING_IN_PROGRESS,assets/replay/sessions/session_20260710_061220/frames/000191.jpg,crops/session_20260710_061220/000191.png,940,36,1620,100,c9405c97980c819098d8f20d9a8c306364aae55d80823dffed7001043b25f7d9
session_20260710_061220,192,WAITING_IN_PROGRESS,assets/replay/sessions/session_20260710_061220/frames/000192.jpg,crops/session_20260710_061220/000192.png,940,36,1620,100,432411e92c5806c69184630002944e86b6420be7fad80149e12edc1b28fca96a
session_20260710_061220,193,WAITING_IN_PROGRESS,assets/replay/sessions/session_20260710_061220/frames/000193.jpg,crops/session_20260710_061220/000193.png,940,36,1620,100,b16a03225773c555f5307fb95125d1c311b4de022df6d6e287d3856fc380b3ea
session_20260710_061220,194,WAITING_IN_PROGRESS,assets/replay/sessions/session_20260710_061220/frames/000194.jpg,crops/session_20260710_061220/000194.png,940,36,1620,100,eb952d2e26839ea5732a785cda58b0a04007325c9a755f6870ec3127b7ef1145
session_20260710_061220,195,WAITING_IN_PROGRESS,assets/replay/sessions/session_20260710_061220/frames/000195.jpg,crops/session_20260710_061220/000195.png,940,36,1620,100,829e13e95c8928915fe25f280e012d486e45681b544b11511e22f4af610b80c3
session_20260710_061220,196,WAITING_IN_PROGRESS,assets/replay/sessions/session_20260710_061220/frames/000196.jpg,crops/session_20260710_061220/000196.png,940,36,1620,100,c4353cb6d69a3a07a4f784a33287969a3b3023cb52a178bbf195b56b023d72da
session_20260710_061220,197,WAITING_IN_PROGRESS,assets/replay/sessions/session_20260710_061220/frames/000197.jpg,crops/session_20260710_061220/000197.png,940,36,1620,100,a57dc9c038a9d6e0c2ebdad9aa9553f38204f5d2df7fdd405efd1df3a8dc09bf
session_20260710_061220,198,WAITING_IN_PROGRESS,assets/replay/sessions/session_20260710_061220/frames/000198.jpg,crops/session_20260710_061220/000198.png,940,36,1620,100,af3adff9f1526edcdee9356172872b811f92ef7b80afbcff05e0f6474c5cfeac
session_20260710_061220,199,WAITING_IN_PROGRESS,assets/replay/sessions/session_20260710_061220/frames/000199.jpg,crops/session_20260710_061220/000199.png,940,36,1620,100,5972cf1bd78faf83225ed0faf1dbb50d159e27b5f68905694d061d4b62db58ff
session_20260710_061220,200,WAITING_IN_PROGRESS,assets/replay/sessions/session_20260710_061220/frames/000200.jpg,crops/session_20260710_061220/000200.png,940,36,1620,100,85e116106e539838a9c4c08cef7c5ef8c5305cbb05a8d0ff9ae4335a88885bb1
session_20260710_061220,201,WAITING_IN_PROGRESS,assets/replay/sessions/session_20260710_061220/frames/000201.jpg,crops/session_20260710_061220/000201.png,940,36,1620,100,8ffe789b6d5ee4abedbbfdea0fdc6fc215267b674f346ef4fe929185860b3d7b
session_20260710_061220,202,WAITING_IN_PROGRESS,assets/replay/sessions/session_20260710_061220/frames/000202.jpg,crops/session_20260710_061220/000202.png,940,36,1620,100,9daa7bf94d5a7b6c4e3cd645103a471682f7a3ca0c4cb2c8038a542c3991a19c
session_20260710_061220,203,WAITING_IN_PROGRESS,assets/replay/sessions/session_20260710_061220/frames/000203.jpg,crops/session_20260710_061220/000203.png,940,36,1620,100,2c0c94ed61148c4fb9ebcffd8f4d86ee3f8f7334061d0e81c66115d58533b9ae
session_20260710_061220,204,WAITING_IN_PROGRESS,assets/replay/sessions/session_20260710_061220/frames/000204.jpg,crops/session_20260710_061220/000204.png,940,36,1620,100,6fada396fd12eccdf18abde71ca1e2e1f2ae0d739eaf139b31a427c25722ad01
session_20260710_061220,205,WAITING_IN_PROGRESS,assets/replay/sessions/session_20260710_061220/frames/000205.jpg,crops/session_20260710_061220/000205.png,940,36,1620,100,dfcb8015ca4c569022af866383b003998be07e9141596a26b211b8e7ea789486
session_20260710_061220,206,WAITING_IN_PROGRESS,assets/replay/sessions/session_20260710_061220/frames/000206.jpg,crops/session_20260710_061220/000206.png,940,36,1620,100,f96adf63973cc7b97b7747529fb1eea3e15ea9272af9a947a008ede6db0258b0
session_20260710_061220,207,WAITING_IN_PROGRESS,assets/replay/sessions/session_20260710_061220/frames/000207.jpg,crops/session_20260710_061220/000207.png,940,36,1620,100,1b1abe16de4ea11c5ae0d1368b83f3521360a89bbb231614b390bbcedf19c09d
session_20260710_061220,208,WAITING_IN_PROGRESS,assets/replay/sessions/session_20260710_061220/frames/000208.jpg,crops/session_20260710_061220/000208.png,940,36,1620,100,99cd07a54504f45898859b3cc4755a36ff9c7dd4f6d52f6fc0a7b321e177b18c
session_20260710_061220,209,WAITING_IN_PROGRESS,assets/replay/sessions/session_20260710_061220/frames/000209.jpg,crops/session_20260710_061220/000209.png,940,36,1620,100,73ee64cbdd6e238bc15b8f06ae611ba3f443d59c9c2d4a961bbb8c4b5db9bfa5
session_20260710_061220,210,WAITING_IN_PROGRESS,assets/replay/sessions/session_20260710_061220/frames/000210.jpg,crops/session_20260710_061220/000210.png,940,36,1620,100,18023ecb5a780798902e0dc970f82f8f590f883959f8b4783c95f184ea897951
session_20260710_061220,211,WAITING_IN_PROGRESS,assets/replay/sessions/session_20260710_061220/frames/000211.jpg,crops/session_20260710_061220/000211.png,940,36,1620,100,7bf9bac15ff5fab6cf0df0d7e846fb0117ba1b87ff74efee257506799cb77030
session_20260710_061220,212,WAITING_IN_PROGRESS,assets/replay/sessions/session_20260710_061220/frames/000212.jpg,crops/session_20260710_061220/000212.png,940,36,1620,100,ae5491edcab24d3a6c77dbcfe6f71746e40f042160a37d11beefdcd7161fb3ff
session_20260710_061220,213,WAITING_IN_PROGRESS,assets/replay/sessions/session_20260710_061220/frames/000213.jpg,crops/session_20260710_061220/000213.png,940,36,1620,100,c325e0745db210dacd871e867d2eefce600a237fc955338c374a9d011e6bf438
session_20260710_061220,214,WAITING_IN_PROGRESS,assets/replay/sessions/session_20260710_061220/frames/000214.jpg,crops/session_20260710_061220/000214.png,940,36,1620,100,9d13375ce0198b4d68f05c34969cddb30d4b1b70f4bffe2b3fb7ffa1412a2775
session_20260710_061220,215,WAITING_IN_PROGRESS,assets/replay/sessions/session_20260710_061220/frames/000215.jpg,crops/session_20260710_061220/000215.png,940,36,1620,100,e0e26f62d9cc2b7af85990b6907fa1d25f48e0b67b286cd280ba8f1e54c1f76f
session_20260710_061220,216,WAITING_IN_PROGRESS,assets/replay/sessions/session_20260710_061220/frames/000216.jpg,crops/session_20260710_061220/000216.png,940,36,1620,100,13cd8a91932aacf34412436837c76b6f48891821d64eca129bbe4150c4b9a246
session_20260710_061220,217,WAITING_IN_PROGRESS,assets/replay/sessions/session_20260710_061220/frames/000217.jpg,crops/session_20260710_061220/000217.png,940,36,1620,100,fd4ab56771efee93662a917e4b28e12b9dd701ba558e2b481247d7ec3d332488
session_20260710_061220,218,WAITING_IN_PROGRESS,assets/replay/sessions/session_20260710_061220/frames/000218.jpg,crops/session_20260710_061220/000218.png,940,36,1620,100,bdc2c8185bf605e265537aa939f7577c31f7678db632b2f2816929982db11406
session_20260710_061220,219,WAITING_IN_PROGRESS,assets/replay/sessions/session_20260710_061220/frames/000219.jpg,crops/session_20260710_061220/000219.png,940,36,1620,100,d8d1102259160c55fcd48ce5d84987008652938955d95f591d705168bd78a500
session_20260710_061220,220,WAITING_IN_PROGRESS,assets/replay/sessions/session_20260710_061220/frames/000220.jpg,crops/session_20260710_061220/000220.png,940,36,1620,100,e1af91de28660bd1cfba3ef12beaa90bc2a859b397e1f22a2ea814130f7c2e44
session_20260710_061220,221,WAITING_IN_PROGRESS,assets/replay/sessions/session_20260710_061220/frames/000221.jpg,crops/session_20260710_061220/000221.png,940,36,1620,100,e6656fc87c7ac41ce6e8509afa65c32c99e17cf05b2d03594692dc780613846d
session_20260710_061220,222,WAITING_IN_PROGRESS,assets/replay/sessions/session_20260710_061220/frames/000222.jpg,crops/session_20260710_061220/000222.png,940,36,1620,100,1ffa89eea30ec70201528469dff7a17d2fd225d06c3be697f65317c16de9219f
session_20260710_061220,223,WAITING_IN_PROGRESS,assets/replay/sessions/session_20260710_061220/frames/000223.jpg,crops/session_20260710_061220/000223.png,940,36,1620,100,537dac2f6c25806f7b616738d6bf42915f3d0702c7545bdfcbff037578b50888
session_20260710_061220,224,WAITING_IN_PROGRESS,assets/replay/sessions/session_20260710_061220/frames/000224.jpg,crops/session_20260710_061220/000224.png,940,36,1620,100,3cb5c6bfee90158b3ae72046a64686288ff10c294d4639afaca2d23dfb8f362d
session_20260710_061220,225,WAITING_IN_PROGRESS,assets/replay/sessions/session_20260710_061220/frames/000225.jpg,crops/session_20260710_061220/000225.png,940,36,1620,100,a621384eb64a9409f8547149b2a8264d196b8ff61c4563e6fc1d3a4ad841116a
session_20260710_061220,226,WAITING_IN_PROGRESS,assets/replay/sessions/session_20260710_061220/frames/000226.jpg,crops/session_20260710_061220/000226.png,940,36,1620,100,991462722456475ffd0d85584459982e41816a74664baf932bc4ff981a427aa6
session_20260710_061220,227,WAITING_IN_PROGRESS,assets/replay/sessions/session_20260710_061220/frames/000227.jpg,crops/session_20260710_061220/000227.png,940,36,1620,100,bc18a8cf2b4bb4337afcfe1e05bdbdb66df5c4ee68fa10671fc727638228156e
session_20260710_061220,228,WAITING_IN_PROGRESS,assets/replay/sessions/session_20260710_061220/frames/000228.jpg,crops/session_20260710_061220/000228.png,940,36,1620,100,b0ae324a4e2653ac8a5e72e9cbf183d4f795773480c999e4484502d9a127698f
session_20260710_061220,229,WAITING_IN_PROGRESS,assets/replay/sessions/session_20260710_061220/frames/000229.jpg,crops/session_20260710_061220/000229.png,940,36,1620,100,184bda459bb8ee9fadaca99ade17fecbb722dc00221698eb3faa9df4e6f5b215
session_20260710_061220,230,WAITING_IN_PROGRESS,assets/replay/sessions/session_20260710_061220/frames/000230.jpg,crops/session_20260710_061220/000230.png,940,36,1620,100,237ec3d2398890c3f854e8fd0347fe1b98cc2addfa6a2a923ce763c74cbb7362
session_20260710_061220,231,WAITING_IN_PROGRESS,assets/replay/sessions/session_20260710_061220/frames/000231.jpg,crops/session_20260710_061220/000231.png,940,36,1620,100,1616d3ffef425fe7f20c0377f3f6a3a1a46e12162ab5d634eba104a5aa15cd07
session_20260710_061220,232,WAITING_IN_PROGRESS,assets/replay/sessions/session_20260710_061220/frames/000232.jpg,crops/session_20260710_061220/000232.png,940,36,1620,100,7035ff15f92b3f9aec60c507c77d679d98ccc2288921881d2320aabe35a6b7b0
session_20260710_061220,233,WAITING_IN_PROGRESS,assets/replay/sessions/session_20260710_061220/frames/000233.jpg,crops/session_20260710_061220/000233.png,940,36,1620,100,0dcf322481ab97bcbaa295dd62248a3d6b2c45f7fbc1ab53c6e6c09b6028c10b
session_20260710_061220,234,WAITING_IN_PROGRESS,assets/replay/sessions/session_20260710_061220/frames/000234.jpg,crops/session_20260710_061220/000234.png,940,36,1620,100,23505925502bc937bf79ed9c5d7945ccad4dbad9f4767717c4424b1b1503eda4
session_20260710_061220,235,WAITING_IN_PROGRESS,assets/replay/sessions/session_20260710_061220/frames/000235.jpg,crops/session_20260710_061220/000235.png,940,36,1620,100,b38960790aa03bf62f0523e71f7c7dfade20e4bec4176e4de57f848c154f1379
session_20260710_061220,236,WAITING_IN_PROGRESS,assets/replay/sessions/session_20260710_061220/frames/000236.jpg,crops/session_20260710_061220/000236.png,940,36,1620,100,0528cbb627725182302273321c951f1bf9f96fd479206f0274e96d1f21f1813b
session_20260710_061220,237,WAITING_IN_PROGRESS,assets/replay/sessions/session_20260710_061220/frames/000237.jpg,crops/session_20260710_061220/000237.png,940,36,1620,100,5867cd54f39728381aba59e7dd601110a0416b3f05d61c32f570cca482a65ec8
session_20260710_061220,238,WAITING_IN_PROGRESS,assets/replay/sessions/session_20260710_061220/frames/000238.jpg,crops/session_20260710_061220/000238.png,940,36,1620,100,e3530e054cbc3963d54b958c8fb84b5f1f59ba0f28c452598dd707e79cf4572a
session_20260710_061220,239,WAITING_IN_PROGRESS,assets/replay/sessions/session_20260710_061220/frames/000239.jpg,crops/session_20260710_061220/000239.png,940,36,1620,100,a5163da843a7f0f07b582fee220cad68137f4a89ea2898a7da448305cde45dea
session_20260710_061220,240,WAITING_IN_PROGRESS,assets/replay/sessions/session_20260710_061220/frames/000240.jpg,crops/session_20260710_061220/000240.png,940,36,1620,100,c94801a4acc926c27ee71e2a44fd0d1a01b0241aea3e80be42a0edee52f10bc2
session_20260710_061220,241,WAITING_IN_PROGRESS,assets/replay/sessions/session_20260710_061220/frames/000241.jpg,crops/session_20260710_061220/000241.png,940,36,1620,100,129474b5a5ba099b1278c9fa7ccea77d1fadbbd6f56fe58796a190f9f7dd67ab
session_20260710_061220,242,WAITING_IN_PROGRESS,assets/replay/sessions/session_20260710_061220/frames/000242.jpg,crops/session_20260710_061220/000242.png,940,36,1620,100,abd780f7b4c34d822d04be6347bfe966d81bd317b9d3ddad1aeb5068e048a789
session_20260710_061220,243,WAITING_IN_PROGRESS,assets/replay/sessions/session_20260710_061220/frames/000243.jpg,crops/session_20260710_061220/000243.png,940,36,1620,100,2fe57a13a77d064a23e403a54905ff45ed8bbb520c33cc1ee00153d05a0a1596
session_20260710_061220,244,WAITING_IN_PROGRESS,assets/replay/sessions/session_20260710_061220/frames/000244.jpg,crops/session_20260710_061220/000244.png,940,36,1620,100,01010a45f5ddff88a04e8e9a425677397586ab7fd03da2d568ac2d97fa9ca235
session_20260710_061220,245,WAITING_IN_PROGRESS,assets/replay/sessions/session_20260710_061220/frames/000245.jpg,crops/session_20260710_061220/000245.png,940,36,1620,100,a3ed6c9fa61c28b849ee758d9f307efaff8c26e09da65f449eca71856b6934ba
session_20260710_061220,246,WAITING_IN_PROGRESS,assets/replay/sessions/session_20260710_061220/frames/000246.jpg,crops/session_20260710_061220/000246.png,940,36,1620,100,82e70c71349a57713c8db3ff41ef87863fd7e96177c80ba915271e1333d77030
session_20260710_061220,247,WAITING_IN_PROGRESS,assets/replay/sessions/session_20260710_061220/frames/000247.jpg,crops/session_20260710_061220/000247.png,940,36,1620,100,4fb8b2f26f15c7275c6f97985f405abc6470d75cbcc7818e9f1c5ab2dafdf7b1
session_20260710_061220,248,WAITING_IN_PROGRESS,assets/replay/sessions/session_20260710_061220/frames/000248.jpg,crops/session_20260710_061220/000248.png,940,36,1620,100,b1860d3e6c1ee5d450dcd8f3bde5e50dbbdd070851fb03edade0b85d76633932
session_20260710_061220,249,WAITING_IN_PROGRESS,assets/replay/sessions/session_20260710_061220/frames/000249.jpg,crops/session_20260710_061220/000249.png,940,36,1620,100,2a82493e409d502cd8db9f79ad419d8cff0be25bf964407703e4b7d54c29a92d
session_20260710_061220,250,WAITING_IN_PROGRESS,assets/replay/sessions/session_20260710_061220/frames/000250.jpg,crops/session_20260710_061220/000250.png,940,36,1620,100,49e50bd6d361c35a4e5dc6a788eb51e7f8d7589391f9da90ef54b01fcca4319c
session_20260710_061220,251,WAITING_IN_PROGRESS,assets/replay/sessions/session_20260710_061220/frames/000251.jpg,crops/session_20260710_061220/000251.png,940,36,1620,100,95a9851d4f1c305162a036c6c2c3820607c8cfe03120b445cac3620c5c83e9ef
session_20260710_061220,252,WAITING_IN_PROGRESS,assets/replay/sessions/session_20260710_061220/frames/000252.jpg,crops/session_20260710_061220/000252.png,940,36,1620,100,31d6fbb21751cb80f3c23f6d3c66664e8b35d3e79795a265df15b49250c6fa05
session_20260710_061220,253,WAITING_IN_PROGRESS,assets/replay/sessions/session_20260710_061220/frames/000253.jpg,crops/session_20260710_061220/000253.png,940,36,1620,100,8ea9abe4cd279e7829416c3220a348f33102e3749bed673ccac1d8f736d525eb
session_20260710_061220,254,WAITING_IN_PROGRESS,assets/replay/sessions/session_20260710_061220/frames/000254.jpg,crops/session_20260710_061220/000254.png,940,36,1620,100,114fee452e261ab0329e8808116d036e3e7765a5cf78ed6c3cf31b0d2a3efc79
session_20260710_061220,255,WAITING_IN_PROGRESS,assets/replay/sessions/session_20260710_061220/frames/000255.jpg,crops/session_20260710_061220/000255.png,940,36,1620,100,fa9c72ba28f6eaf27fca44bdbbc53afe6ab605c43f627073e2d08d8b8745cadc
session_20260710_061220,256,WAITING_IN_PROGRESS,assets/replay/sessions/session_20260710_061220/frames/000256.jpg,crops/session_20260710_061220/000256.png,940,36,1620,100,a9164ed5f83d5f733ceba8e5ce81a0ba1109c2de611122acee80365e968b04f1
session_20260710_061220,257,WAITING_IN_PROGRESS,assets/replay/sessions/session_20260710_061220/frames/000257.jpg,crops/session_20260710_061220/000257.png,940,36,1620,100,c1c3fca4d45de22ecfe1c234c2801245b6522e7b83eede7deaf0976096f01a19
session_20260710_061220,258,WAITING_IN_PROGRESS,assets/replay/sessions/session_20260710_061220/frames/000258.jpg,crops/session_20260710_061220/000258.png,940,36,1620,100,eb98010a130c947cf12ed58478edec69c6b926e2813f8a885f4018bf03fb6e84
session_20260710_061220,259,WAITING_IN_PROGRESS,assets/replay/sessions/session_20260710_061220/frames/000259.jpg,crops/session_20260710_061220/000259.png,940,36,1620,100,6e7ca460e8272c7ee740de9500532a1b2b03c70c8a65bdcc3b1c6849ff890cb7
session_20260710_061220,260,WAITING_IN_PROGRESS,assets/replay/sessions/session_20260710_061220/frames/000260.jpg,crops/session_20260710_061220/000260.png,940,36,1620,100,7f34e6edc633c8f6d232f81ac4947ef48711812d450127c1141fea22c922458b
session_20260710_061220,261,WAITING_IN_PROGRESS,assets/replay/sessions/session_20260710_061220/frames/000261.jpg,crops/session_20260710_061220/000261.png,940,36,1620,100,4c165b96ecbf81c88ca217f047f90045472baf1acc62f9b59c9085dc79679c13
session_20260710_061220,262,WAITING_IN_PROGRESS,assets/replay/sessions/session_20260710_061220/frames/000262.jpg,crops/session_20260710_061220/000262.png,940,36,1620,100,39c0bcf85c195f770d82e4027bccdef5cc5d435fb26282e448d1a42110fd54f6
session_20260710_061220,263,WAITING_IN_PROGRESS,assets/replay/sessions/session_20260710_061220/frames/000263.jpg,crops/session_20260710_061220/000263.png,940,36,1620,100,627b865dbe1095e89051c94ae737f43720f46a50e1fb6d840509a58847820935
session_20260710_061220,264,WAITING_IN_PROGRESS,assets/replay/sessions/session_20260710_061220/frames/000264.jpg,crops/session_20260710_061220/000264.png,940,36,1620,100,eedc1aa2da18b3cac230128838ff1fdbe3b6a9413d49ba1d1468f721b9d83c37
session_20260710_061220,265,WAITING_IN_PROGRESS,assets/replay/sessions/session_20260710_061220/frames/000265.jpg,crops/session_20260710_061220/000265.png,940,36,1620,100,23f1eacd5c56d06f2b3a933534a17e8e9d5f31d1ae60ab2a37fb7ac49b37c1a7
session_20260710_061220,266,WAITING_IN_PROGRESS,assets/replay/sessions/session_20260710_061220/frames/000266.jpg,crops/session_20260710_061220/000266.png,940,36,1620,100,bd63113937f993ddc745f3f54bca9b6428ab3657c42cc0d2970c32fa448ab374
session_20260710_061220,267,WAITING_IN_PROGRESS,assets/replay/sessions/session_20260710_061220/frames/000267.jpg,crops/session_20260710_061220/000267.png,940,36,1620,100,0b466c34d85e3f3450b5cc1c2e02a72f576574f6a59ee9f0ea3a6815513c7363
session_20260710_061220,268,WAITING_IN_PROGRESS,assets/replay/sessions/session_20260710_061220/frames/000268.jpg,crops/session_20260710_061220/000268.png,940,36,1620,100,7fa3fc3b9ec28a6a32756f1c6a89a8fbec8ca08e724ce123896103e7473b6436
session_20260710_061220,269,WAITING_IN_PROGRESS,assets/replay/sessions/session_20260710_061220/frames/000269.jpg,crops/session_20260710_061220/000269.png,940,36,1620,100,69ae0deb9c41b8e6ee501576c1203864192146e4c1519cd81ef7d0c41869f428
session_20260710_061220,270,WAITING_IN_PROGRESS,assets/replay/sessions/session_20260710_061220/frames/000270.jpg,crops/session_20260710_061220/000270.png,940,36,1620,100,b6f0d99d8e91859d92eb95abff614910ec9b233570ececcf5145f820277ebcce
session_20260710_061220,271,WAITING_IN_PROGRESS,assets/replay/sessions/session_20260710_061220/frames/000271.jpg,crops/session_20260710_061220/000271.png,940,36,1620,100,c0806f2e59a5a54bd53958deee4990fc488edc7f6d5288ad2cb04387254a02d3
session_20260710_061220,272,WAITING_IN_PROGRESS,assets/replay/sessions/session_20260710_061220/frames/000272.jpg,crops/session_20260710_061220/000272.png,940,36,1620,100,f9ba7deddd3b6388a97eb2617e2202a8fad468f0be53ce49f352e2c7065613ae
session_20260710_061220,273,WAITING_IN_PROGRESS,assets/replay/sessions/session_20260710_061220/frames/000273.jpg,crops/session_20260710_061220/000273.png,940,36,1620,100,cb0b497bc0a1e3e8519437ca0941cdfbbdbc3d1dd02f9afc5f6128e3eee3a97e
session_20260710_061220,274,WAITING_IN_PROGRESS,assets/replay/sessions/session_20260710_061220/frames/000274.jpg,crops/session_20260710_061220/000274.png,940,36,1620,100,6ad25191f696800e58f1d029ed786c620b7734f896430c11b9a1ae75aea60ba2
session_20260710_061220,275,WAITING_IN_PROGRESS,assets/replay/sessions/session_20260710_061220/frames/000275.jpg,crops/session_20260710_061220/000275.png,940,36,1620,100,3bf750dfe05f0e058b0281b5b7990faba5c4dc8b491ddb16dd3e942c86e65757
session_20260710_061220,276,WAITING_IN_PROGRESS,assets/replay/sessions/session_20260710_061220/frames/000276.jpg,crops/session_20260710_061220/000276.png,940,36,1620,100,d8315677c57f547ba55b0f7183376ddd2839826eda999a40709ba779c1f2727d
session_20260710_061220,277,WAITING_IN_PROGRESS,assets/replay/sessions/session_20260710_061220/frames/000277.jpg,crops/session_20260710_061220/000277.png,940,36,1620,100,603a14ac0e715f04fe52a4cd2963752a2a6c3fab56a573055bf436dfe37f1ef2
session_20260710_061220,278,WAITING_IN_PROGRESS,assets/replay/sessions/session_20260710_061220/frames/000278.jpg,crops/session_20260710_061220/000278.png,940,36,1620,100,bd2b4b08da0d4c8598957a9efea7d4cd4f60cda7a99c42de132a53dce71ebf34
session_20260710_061220,279,WAITING_IN_PROGRESS,assets/replay/sessions/session_20260710_061220/frames/000279.jpg,crops/session_20260710_061220/000279.png,940,36,1620,100,b6d9056843b32c81e70f37c693d51566c37630b5e42249e203290cd0b7e3e94b
session_20260710_061220,280,WAITING_IN_PROGRESS,assets/replay/sessions/session_20260710_061220/frames/000280.jpg,crops/session_20260710_061220/000280.png,940,36,1620,100,6db3ae5e535aeee84a783893936ace6ed6155fbb14d59ccb3b5fb80d9a0effa3
session_20260710_061220,281,WAITING_IN_PROGRESS,assets/replay/sessions/session_20260710_061220/frames/000281.jpg,crops/session_20260710_061220/000281.png,940,36,1620,100,cede600258b3d527b44fe27737ec86619031799d4b74cdd857f6b96b576627c1
session_20260710_061220,282,WAITING_IN_PROGRESS,assets/replay/sessions/session_20260710_061220/frames/000282.jpg,crops/session_20260710_061220/000282.png,940,36,1620,100,b272012a38550044913a6c9d4862461993c722d9933931ef719f6538a6dc8fea
session_20260710_061220,283,WAITING_IN_PROGRESS,assets/replay/sessions/session_20260710_061220/frames/000283.jpg,crops/session_20260710_061220/000283.png,940,36,1620,100,fb7d3fbd64b0061404a7d6f35206400aa86775e94e8787639356f2dff52a3304
session_20260710_061220,284,WAITING_IN_PROGRESS,assets/replay/sessions/session_20260710_061220/frames/000284.jpg,crops/session_20260710_061220/000284.png,940,36,1620,100,24b6b21bd22cabd7ac428ad87fa198da7fdf97ad6feded3e6ab08514345edfdd
session_20260710_061220,285,WAITING_IN_PROGRESS,assets/replay/sessions/session_20260710_061220/frames/000285.jpg,crops/session_20260710_061220/000285.png,940,36,1620,100,0f906e78be0f333469c2664cb58c3b1f21798efad29ed4af423bdcf6244ee69e
session_20260710_061220,286,WAITING_IN_PROGRESS,assets/replay/sessions/session_20260710_061220/frames/000286.jpg,crops/session_20260710_061220/000286.png,940,36,1620,100,7403a65e394311312ea271a6c769a89442a782a516ff6ba0dc0ec24ac2adfc60
session_20260710_061220,287,WAITING_IN_PROGRESS,assets/replay/sessions/session_20260710_061220/frames/000287.jpg,crops/session_20260710_061220/000287.png,940,36,1620,100,450df42fb661bd04bbcf34875d4cdd80093b6fda7cb68a9a3bd5a314b96d4cad
session_20260710_061220,288,WAITING_IN_PROGRESS,assets/replay/sessions/session_20260710_061220/frames/000288.jpg,crops/session_20260710_061220/000288.png,940,36,1620,100,ab4126752b6efd69367d97611cc261900c6c8951f0df3707511ef3d129b5e64c
session_20260710_061220,289,WAITING_IN_PROGRESS,assets/replay/sessions/session_20260710_061220/frames/000289.jpg,crops/session_20260710_061220/000289.png,940,36,1620,100,91e995d31b688a88343535fa8a8f6f03676df4549a669e756f5f85a053527511
session_20260710_061220,290,WAITING_IN_PROGRESS,assets/replay/sessions/session_20260710_061220/frames/000290.jpg,crops/session_20260710_061220/000290.png,940,36,1620,100,fbc63e7a9e88a0c0281b0d0620652e7f9a74426a86454cdc9410fb5a137ef675
session_20260710_061220,291,WAITING_IN_PROGRESS,assets/replay/sessions/session_20260710_061220/frames/000291.jpg,crops/session_20260710_061220/000291.png,940,36,1620,100,38038c564c8bb1f608d55704f5a0eede25fdc2d5a6d5316b0c70ba72f1941fd7
session_20260710_061220,292,WAITING_IN_PROGRESS,assets/replay/sessions/session_20260710_061220/frames/000292.jpg,crops/session_20260710_061220/000292.png,940,36,1620,100,ebd1fd08d7dad6dd1d72064cb8c9fd92938ff050e257849426b570a60e65bc1a
session_20260710_061220,293,WAITING_IN_PROGRESS,assets/replay/sessions/session_20260710_061220/frames/000293.jpg,crops/session_20260710_061220/000293.png,940,36,1620,100,84e955fe5d41758d0f230e76d4d42e42217fb50799eb06db700ccf11a8cbd216
session_20260710_061220,294,WAITING_IN_PROGRESS,assets/replay/sessions/session_20260710_061220/frames/000294.jpg,crops/session_20260710_061220/000294.png,940,36,1620,100,bdc99c3fcf354013627e3780da59bc7dbf7bff487e4cd9a9f3bcc06fd9d37836
session_20260710_061220,295,WAITING_IN_PROGRESS,assets/replay/sessions/session_20260710_061220/frames/000295.jpg,crops/session_20260710_061220/000295.png,940,36,1620,100,758eedaca6895ca99b35107b8b9b9a1c80914acaeee5717fd6809ed499deea4e
session_20260710_061220,296,WAITING_IN_PROGRESS,assets/replay/sessions/session_20260710_061220/frames/000296.jpg,crops/session_20260710_061220/000296.png,940,36,1620,100,94771faa826eee68c090f758fec45b6d488855b97f517f3406039df766ff0294
session_20260710_061220,297,WAITING_IN_PROGRESS,assets/replay/sessions/session_20260710_061220/frames/000297.jpg,crops/session_20260710_061220/000297.png,940,36,1620,100,76e4c9092b7a1b06a4075269605c3dc935f54d20fa4b70231ba91e6eab40af64
session_20260710_061220,298,WAITING_IN_PROGRESS,assets/replay/sessions/session_20260710_061220/frames/000298.jpg,crops/session_20260710_061220/000298.png,940,36,1620,100,380eedc4fdf91a033452d98846cfe8c7635b13920999236b4e6d7cef3ef9c81d
session_20260710_061220,299,WAITING_IN_PROGRESS,assets/replay/sessions/session_20260710_061220/frames/000299.jpg,crops/session_20260710_061220/000299.png,940,36,1620,100,e0145b868b7b853b3c35d55914b35e6a0aa4f41c9995dcca1bf7a29817d46993
session_20260710_061220,300,WAITING_IN_PROGRESS,assets/replay/sessions/session_20260710_061220/frames/000300.jpg,crops/session_20260710_061220/000300.png,940,36,1620,100,8f0e1151ed20fc8c32c621106e4cd3c0fd88521687fa481a8169040ad54e8254
session_20260710_061220,301,WAITING_IN_PROGRESS,assets/replay/sessions/session_20260710_061220/frames/000301.jpg,crops/session_20260710_061220/000301.png,940,36,1620,100,220567e26539ae8d174a6e95e577757cd01999dcb932148445e034870a3af5f2
session_20260710_061220,302,WAITING_IN_PROGRESS,assets/replay/sessions/session_20260710_061220/frames/000302.jpg,crops/session_20260710_061220/000302.png,940,36,1620,100,45054d22f95fa2a72eb1486326a1f91c1c0645df7494d02120475961fa58e9fb
session_20260710_061220,303,WAITING_IN_PROGRESS,assets/replay/sessions/session_20260710_061220/frames/000303.jpg,crops/session_20260710_061220/000303.png,940,36,1620,100,eeb1e1bf047eef5b3d2c2debe03d6fa5a4af2af23a23dc792cd2c880f00ba17e
session_20260710_061220,304,WAITING_IN_PROGRESS,assets/replay/sessions/session_20260710_061220/frames/000304.jpg,crops/session_20260710_061220/000304.png,940,36,1620,100,ecfc3e6978fdcffe590dc800bc05657297f64752a91f9286836f82955ba266fb
session_20260710_061220,305,WAITING_IN_PROGRESS,assets/replay/sessions/session_20260710_061220/frames/000305.jpg,crops/session_20260710_061220/000305.png,940,36,1620,100,56f193d9115ce1984a6789973d803bb5b8c27804da615a815ce14ffacfdac9a4
session_20260710_061220,306,WAITING_IN_PROGRESS,assets/replay/sessions/session_20260710_061220/frames/000306.jpg,crops/session_20260710_061220/000306.png,940,36,1620,100,3cfdad36b9080fe43b67a54c3d1e091166f7692cfcd87f344bde3dc3231c12cb
session_20260710_061220,307,WAITING_IN_PROGRESS,assets/replay/sessions/session_20260710_061220/frames/000307.jpg,crops/session_20260710_061220/000307.png,940,36,1620,100,40a979f415e3951bacb58e3e53886d8d39607776d58c7220d7eb4800b50069bc
session_20260710_061220,308,WAITING_IN_PROGRESS,assets/replay/sessions/session_20260710_061220/frames/000308.jpg,crops/session_20260710_061220/000308.png,940,36,1620,100,50b2a2a50c5d89fe3d458e05a982908eaae6c8462cf23bf9d8411a8e2e3a3a31
session_20260710_061220,309,WAITING_IN_PROGRESS,assets/replay/sessions/session_20260710_061220/frames/000309.jpg,crops/session_20260710_061220/000309.png,940,36,1620,100,c5bd006864cf6fef868de1b6c92272f17125fb01e70da3cdfc559dedff1cb47b
session_20260710_061220,310,WAITING_IN_PROGRESS,assets/replay/sessions/session_20260710_061220/frames/000310.jpg,crops/session_20260710_061220/000310.png,940,36,1620,100,5bedf0312f78dc58c5a81d5190440c2346770d2fd9da9f5474f9aefbbe45d192
session_20260710_061220,311,WAITING_IN_PROGRESS,assets/replay/sessions/session_20260710_061220/frames/000311.jpg,crops/session_20260710_061220/000311.png,940,36,1620,100,a97d2a6245b4d62e835588e0d8587d5934c8af2e890a08061ad8aaefae26f0c1
session_20260710_061220,312,WAITING_IN_PROGRESS,assets/replay/sessions/session_20260710_061220/frames/000312.jpg,crops/session_20260710_061220/000312.png,940,36,1620,100,d4595285f3602d9a8baec2a2754ac2e08b9176149ba7a02548df9dd0e5213b9d
session_20260710_061220,313,WAITING_IN_PROGRESS,assets/replay/sessions/session_20260710_061220/frames/000313.jpg,crops/session_20260710_061220/000313.png,940,36,1620,100,cc449d8d0a1f784c74ed89817a29dbb0e4e3690697f08df1847fc6cda1be6ac3
session_20260710_061220,314,WAITING_IN_PROGRESS,assets/replay/sessions/session_20260710_061220/frames/000314.jpg,crops/session_20260710_061220/000314.png,940,36,1620,100,0eaadcd1d4ce756f1681dbfc22c0813ed29150159a161edb5852d26f79ba7ff6
session_20260710_061220,315,WAITING_IN_PROGRESS,assets/replay/sessions/session_20260710_061220/frames/000315.jpg,crops/session_20260710_061220/000315.png,940,36,1620,100,67b37f76c8dc41f52312d4f8e462d2d996dffaca66aa87a097a54a75e8519fad
session_20260710_061220,316,WAITING_IN_PROGRESS,assets/replay/sessions/session_20260710_061220/frames/000316.jpg,crops/session_20260710_061220/000316.png,940,36,1620,100,cab34b92320057bca020a283444bcf8ae6ced989e3eaa8d786d9b2bb67e564d9
session_20260710_061220,317,WAITING_IN_PROGRESS,assets/replay/sessions/session_20260710_061220/frames/000317.jpg,crops/session_20260710_061220/000317.png,940,36,1620,100,fc10791b7d0bc1e2a9a59c607ecea1a9caea7ef296736d91935943ff39e67a5b
session_20260710_061220,318,WAITING_IN_PROGRESS,assets/replay/sessions/session_20260710_061220/frames/000318.jpg,crops/session_20260710_061220/000318.png,940,36,1620,100,fe6c2213784445e1e63a43fd7287947c616c31e0b69d015d9e3922ef4fed495c
session_20260710_061220,319,WAITING_IN_PROGRESS,assets/replay/sessions/session_20260710_061220/frames/000319.jpg,crops/session_20260710_061220/000319.png,940,36,1620,100,ba25206d5a775c236bce5b7e839e523c572a2fb05fa456db972a17f348481b30
session_20260710_061220,320,WAITING_IN_PROGRESS,assets/replay/sessions/session_20260710_061220/frames/000320.jpg,crops/session_20260710_061220/000320.png,940,36,1620,100,527157abf22e9e8bac114087a1dd734e00f00c6d9ed94448800e69bb109343dc
session_20260710_061220,321,WAITING_IN_PROGRESS,assets/replay/sessions/session_20260710_061220/frames/000321.jpg,crops/session_20260710_061220/000321.png,940,36,1620,100,a2f9dbb81e99e9abef3d26949db8dd789647e910f35dfac07e4ad31c0131e621
session_20260710_061220,322,WAITING_IN_PROGRESS,assets/replay/sessions/session_20260710_061220/frames/000322.jpg,crops/session_20260710_061220/000322.png,940,36,1620,100,50379a513b128f04aec1b27956b490ebb6b6223db49d1219dcf21bca2616053d
session_20260710_061220,323,WAITING_IN_PROGRESS,assets/replay/sessions/session_20260710_061220/frames/000323.jpg,crops/session_20260710_061220/000323.png,940,36,1620,100,4a38b71d6dd9d38a2a3e7fcf34cc415b1f2098f2fad4b4c1049ef0998091e1e9
session_20260710_061220,324,WAITING_IN_PROGRESS,assets/replay/sessions/session_20260710_061220/frames/000324.jpg,crops/session_20260710_061220/000324.png,940,36,1620,100,2917c1480c5bc6c52d5530a8862f282e2ba6413e51c5e8ce504fe109a410fec3
session_20260710_061220,325,WAITING_IN_PROGRESS,assets/replay/sessions/session_20260710_061220/frames/000325.jpg,crops/session_20260710_061220/000325.png,940,36,1620,100,518fca424d9da5ed516e12306268a213953d19b21b370c1d8ef93f1f4da7d475
session_20260710_061220,326,WAITING_IN_PROGRESS,assets/replay/sessions/session_20260710_061220/frames/000326.jpg,crops/session_20260710_061220/000326.png,940,36,1620,100,f43c9fdc9471f298621c38736a28dc5674dd01b16e453642835572ecf8e4fb01
session_20260710_061220,327,WAITING_IN_PROGRESS,assets/replay/sessions/session_20260710_061220/frames/000327.jpg,crops/session_20260710_061220/000327.png,940,36,1620,100,6f472ac28c1259549eefa5a26c19064ba835d7f1f62353790b2e11e299e7427f
session_20260710_061220,328,WAITING_IN_PROGRESS,assets/replay/sessions/session_20260710_061220/frames/000328.jpg,crops/session_20260710_061220/000328.png,940,36,1620,100,dee06199fd1d88fc07a91f0d0d17445a80630ab4375cdd54f4ad60ffe232c968
session_20260710_061220,329,WAITING_IN_PROGRESS,assets/replay/sessions/session_20260710_061220/frames/000329.jpg,crops/session_20260710_061220/000329.png,940,36,1620,100,b4999771cebb848eaff00e72274e31db1f1dacd1885ac7f840e37eb3b14e6faa
session_20260710_061220,330,WAITING_IN_PROGRESS,assets/replay/sessions/session_20260710_061220/frames/000330.jpg,crops/session_20260710_061220/000330.png,940,36,1620,100,838b16edd64b7ecef8a7ff5d311675be983bcb3a860ae962fc747ee9b565acb0
session_20260710_061220,331,WAITING_IN_PROGRESS,assets/replay/sessions/session_20260710_061220/frames/000331.jpg,crops/session_20260710_061220/000331.png,940,36,1620,100,b902bc9df70226ac8825944bb00be161717ad14d1146d7f3fc8c8ad387371a48
session_20260710_061220,332,WAITING_IN_PROGRESS,assets/replay/sessions/session_20260710_061220/frames/000332.jpg,crops/session_20260710_061220/000332.png,940,36,1620,100,1ea5dc1a31d2b5e9da0e8730ce387600237b478cf216f9d46e148e84834edffa
session_20260710_061220,333,WAITING_IN_PROGRESS,assets/replay/sessions/session_20260710_061220/frames/000333.jpg,crops/session_20260710_061220/000333.png,940,36,1620,100,300d5785ecdb8e48d4ea077c90d3755bb20787d3fd6e1bb9bba40479aae3d817
session_20260710_061220,334,WAITING_IN_PROGRESS,assets/replay/sessions/session_20260710_061220/frames/000334.jpg,crops/session_20260710_061220/000334.png,940,36,1620,100,38d1e7f04a8563ba95e0ac5344c684399af59a7b437b4f20b742f41fccbe4d27
session_20260710_061220,335,WAITING_IN_PROGRESS,assets/replay/sessions/session_20260710_061220/frames/000335.jpg,crops/session_20260710_061220/000335.png,940,36,1620,100,e0a0487549a0afc86f0ca091de78810fab3eafee29f11d88d8dd1edfb0ea0f36
session_20260710_061220,336,WAITING_IN_PROGRESS,assets/replay/sessions/session_20260710_061220/frames/000336.jpg,crops/session_20260710_061220/000336.png,940,36,1620,100,ab875ba7ef60264b051b55ad1163ddb8d334c8e5dffce61aa2cf17a1da7369f8
session_20260710_061220,337,WAITING_IN_PROGRESS,assets/replay/sessions/session_20260710_061220/frames/000337.jpg,crops/session_20260710_061220/000337.png,940,36,1620,100,3028c582a589966df4ecc51bbf778c02d414d19c9520b31cda396ec7880e65d3
session_20260710_061220,338,WAITING_IN_PROGRESS,assets/replay/sessions/session_20260710_061220/frames/000338.jpg,crops/session_20260710_061220/000338.png,940,36,1620,100,ba981918202a98d87be03329d8f79ec964dbb945988615c531026c0570d0c47f
session_20260710_061220,339,WAITING_IN_PROGRESS,assets/replay/sessions/session_20260710_061220/frames/000339.jpg,crops/session_20260710_061220/000339.png,940,36,1620,100,6879d845b404dfd131b1e03e5e1e534e209da4f02e11aabf97a7d4215c9de893
session_20260710_061220,340,WAITING_IN_PROGRESS,assets/replay/sessions/session_20260710_061220/frames/000340.jpg,crops/session_20260710_061220/000340.png,940,36,1620,100,a75d0af4bfa245e0c197591eff59c17f133b7659a92b17a93e261c0d69fe0d45
session_20260710_061220,341,WAITING_IN_PROGRESS,assets/replay/sessions/session_20260710_061220/frames/000341.jpg,crops/session_20260710_061220/000341.png,940,36,1620,100,fdbcda46c8f3d8db74439efe227db28d21bb8f0bef02ec34a7ef096df44e3119
session_20260710_061220,342,WAITING_IN_PROGRESS,assets/replay/sessions/session_20260710_061220/frames/000342.jpg,crops/session_20260710_061220/000342.png,940,36,1620,100,cc7889eb16a88dffb86b74f78cba74451043286b9d89e00a93b652d2b2702419
session_20260710_061220,343,WAITING_IN_PROGRESS,assets/replay/sessions/session_20260710_061220/frames/000343.jpg,crops/session_20260710_061220/000343.png,940,36,1620,100,aa17b86d6d2bf505dbdeb2d434a409775bc43094c24d048b32b04fc880f3d7c4
session_20260710_061220,344,WAITING_IN_PROGRESS,assets/replay/sessions/session_20260710_061220/frames/000344.jpg,crops/session_20260710_061220/000344.png,940,36,1620,100,87d7f38cc7235eab98eb4e463e3291a7786093716637452b5f2507d2cf88a195
session_20260710_061220,345,WAITING_IN_PROGRESS,assets/replay/sessions/session_20260710_061220/frames/000345.jpg,crops/session_20260710_061220/000345.png,940,36,1620,100,b69f1a393e3a1a2a93820d8220a6b15eedd8b10f8c9b7e5a03647142378f984b
session_20260710_061220,346,WAITING_IN_PROGRESS,assets/replay/sessions/session_20260710_061220/frames/000346.jpg,crops/session_20260710_061220/000346.png,940,36,1620,100,ba3341a856cc293bd26f3c0113243a9924d57fccb42e0134326c78d7a556d12b
session_20260710_061220,347,WAITING_IN_PROGRESS,assets/replay/sessions/session_20260710_061220/frames/000347.jpg,crops/session_20260710_061220/000347.png,940,36,1620,100,0c7100c1d225bb3453731bb673a9d85ecc494c0a867666b8f271650373beb6c1
session_20260710_061220,348,WAITING_IN_PROGRESS,assets/replay/sessions/session_20260710_061220/frames/000348.jpg,crops/session_20260710_061220/000348.png,940,36,1620,100,92da2b07cee77eeda939813ffbacdfde4eb719794e5168d9e173663862d615b7
session_20260710_061220,349,WAITING_IN_PROGRESS,assets/replay/sessions/session_20260710_061220/frames/000349.jpg,crops/session_20260710_061220/000349.png,940,36,1620,100,4026ed1b86aacd6717e10074307975e2958f1b65842335d8a75354bb86cd5196
session_20260710_061220,350,WAITING_IN_PROGRESS,assets/replay/sessions/session_20260710_061220/frames/000350.jpg,crops/session_20260710_061220/000350.png,940,36,1620,100,9d09bbf47b200a245e495370f79ec3b81e5d8c53bb95ba49a627abfb038c0c2f
session_20260710_061220,351,WAITING_IN_PROGRESS,assets/replay/sessions/session_20260710_061220/frames/000351.jpg,crops/session_20260710_061220/000351.png,940,36,1620,100,a62b48c14096c71651fd022172fad16b165f6b7e7606da6149274dea874154b3
session_20260710_061220,352,WAITING_IN_PROGRESS,assets/replay/sessions/session_20260710_061220/frames/000352.jpg,crops/session_20260710_061220/000352.png,940,36,1620,100,e28a28eed1c38fbdc53a5d5cb38b26a46da191184c2cb37f5c883f13323dc032
session_20260710_061220,353,WAITING_IN_PROGRESS,assets/replay/sessions/session_20260710_061220/frames/000353.jpg,crops/session_20260710_061220/000353.png,940,36,1620,100,2bf91b9e45ea773c68677019a33cb82f8325a30dbf4ee2b0ffd1f56b2399c1dd
session_20260710_061220,354,WAITING_IN_PROGRESS,assets/replay/sessions/session_20260710_061220/frames/000354.jpg,crops/session_20260710_061220/000354.png,940,36,1620,100,77e3f2d4f32d577418ca5b8c13c47265513654db00e6af4928d1dbb38e0e2a42
session_20260710_061220,355,WAITING_IN_PROGRESS,assets/replay/sessions/session_20260710_061220/frames/000355.jpg,crops/session_20260710_061220/000355.png,940,36,1620,100,943d0c62dbaabac8aa2e698cd2b204cf2197cb28c4558e2d1090f755d66eb7e5
session_20260710_061220,356,WAITING_IN_PROGRESS,assets/replay/sessions/session_20260710_061220/frames/000356.jpg,crops/session_20260710_061220/000356.png,940,36,1620,100,6fd4d4498aa749b1573dfb7c46ce9cb6ddc6288a31612d3bd3ec7c00130d74aa
session_20260710_061220,357,WAITING_IN_PROGRESS,assets/replay/sessions/session_20260710_061220/frames/000357.jpg,crops/session_20260710_061220/000357.png,940,36,1620,100,45f416eb26fcd8c2387c42f223af5db8f6c8df760978d0ea2227dbafdef7c26f
session_20260710_061220,358,WAITING_IN_PROGRESS,assets/replay/sessions/session_20260710_061220/frames/000358.jpg,crops/session_20260710_061220/000358.png,940,36,1620,100,748418967151895d6dba7c00908f91f53d05af48f6aea68ee7f0c38dc6d28ee2
session_20260710_061220,359,WAITING_IN_PROGRESS,assets/replay/sessions/session_20260710_061220/frames/000359.jpg,crops/session_20260710_061220/000359.png,940,36,1620,100,be2044ab8fa739b6b20aabe4f16ec6d27687d216a1f439aa0681a2b3eccb4b33
session_20260710_061220,360,WAITING_IN_PROGRESS,assets/replay/sessions/session_20260710_061220/frames/000360.jpg,crops/session_20260710_061220/000360.png,940,36,1620,100,80fc88c7fa7192d71c2ac59142d4a718e3997350b7782b078bf6eef2d6efc20f
session_20260710_061220,361,WAITING_IN_PROGRESS,assets/replay/sessions/session_20260710_061220/frames/000361.jpg,crops/session_20260710_061220/000361.png,940,36,1620,100,7b50d369d789f1f173892dd4b6826c34d35d22856f5eb792fa9c126828cd4dea
session_20260710_061220,362,WAITING_IN_PROGRESS,assets/replay/sessions/session_20260710_061220/frames/000362.jpg,crops/session_20260710_061220/000362.png,940,36,1620,100,b838efe3948a57a4fb7cc8b5da3d4d5139db04698f3a639f54186de1b95d9522
session_20260710_061220,363,WAITING_IN_PROGRESS,assets/replay/sessions/session_20260710_061220/frames/000363.jpg,crops/session_20260710_061220/000363.png,940,36,1620,100,451171385a890d9e9bf21cf4a11e57a48525568e303acc2951eb0def69885b64
session_20260710_061220,364,WAITING_IN_PROGRESS,assets/replay/sessions/session_20260710_061220/frames/000364.jpg,crops/session_20260710_061220/000364.png,940,36,1620,100,d47a2fa76500a8ccac52bc08b633821b1b9f6232783df39d209954df7a56c1c3
session_20260710_061220,365,WAITING_IN_PROGRESS,assets/replay/sessions/session_20260710_061220/frames/000365.jpg,crops/session_20260710_061220/000365.png,940,36,1620,100,10bbe49c5d631dfa496ada81d26fca6bea69d2f2b4134646a1201ecfed7f0f81
session_20260710_061220,366,WAITING_IN_PROGRESS,assets/replay/sessions/session_20260710_061220/frames/000366.jpg,crops/session_20260710_061220/000366.png,940,36,1620,100,eb0ae8da1c5bf5dfaf398a4db227d85681390ae0e3d071a03dcbff190f9365f6
session_20260710_061220,367,WAITING_IN_PROGRESS,assets/replay/sessions/session_20260710_061220/frames/000367.jpg,crops/session_20260710_061220/000367.png,940,36,1620,100,362ce02612da5702922b7db8548808ceaf43b7326be9ce0087316d6e635a4b08
session_20260710_061220,368,WAITING_IN_PROGRESS,assets/replay/sessions/session_20260710_061220/frames/000368.jpg,crops/session_20260710_061220/000368.png,940,36,1620,100,4d1725fb9647953304214034fe03336ac6fd8b10cc5c265eca2a131f96db48c3
session_20260710_061220,369,WAITING_IN_PROGRESS,assets/replay/sessions/session_20260710_061220/frames/000369.jpg,crops/session_20260710_061220/000369.png,940,36,1620,100,b59fd16cfc921bf1e4631f1b1c8504d93b09853b05d9d927334bb4c36662d50a
session_20260710_061220,370,WAITING_IN_PROGRESS,assets/replay/sessions/session_20260710_061220/frames/000370.jpg,crops/session_20260710_061220/000370.png,940,36,1620,100,3962d8f487e36c70769d7ffe42cd7cd830313c1bfdf7d58b69d9ea60999ea549
session_20260710_061220,371,WAITING_IN_PROGRESS,assets/replay/sessions/session_20260710_061220/frames/000371.jpg,crops/session_20260710_061220/000371.png,940,36,1620,100,4305b45dba52e345a963e7756d9bede888ed75552a4b25f6e450a3d76d663741
session_20260710_061220,372,WAITING_IN_PROGRESS,assets/replay/sessions/session_20260710_061220/frames/000372.jpg,crops/session_20260710_061220/000372.png,940,36,1620,100,9ceb4423ff238b20bf5f7ecdb162ed571272683c19b62d180fcaf39911e16081
session_20260710_061220,373,WAITING_IN_PROGRESS,assets/replay/sessions/session_20260710_061220/frames/000373.jpg,crops/session_20260710_061220/000373.png,940,36,1620,100,c7b58516be952e27260f8419c8f0a13bc8de249928cceca7a31ed9a02cf6d4b6
session_20260710_061220,374,WAITING_IN_PROGRESS,assets/replay/sessions/session_20260710_061220/frames/000374.jpg,crops/session_20260710_061220/000374.png,940,36,1620,100,3fcda51173c8fd32aa997a91653dd2de9869d8605ded65e2d63dbee8205fa441
session_20260710_061220,375,WAITING_IN_PROGRESS,assets/replay/sessions/session_20260710_061220/frames/000375.jpg,crops/session_20260710_061220/000375.png,940,36,1620,100,1f76e7d5eab82c54256fda0ad2a77a339ed4cb84fe6a6c047574928ee907a23e
session_20260710_061220,376,WAITING_IN_PROGRESS,assets/replay/sessions/session_20260710_061220/frames/000376.jpg,crops/session_20260710_061220/000376.png,940,36,1620,100,53d926e2f75608d8a6a9154f9c3fa871b5b7496a4b2e8304c6568ff3eface07a
session_20260710_061220,377,WAITING_IN_PROGRESS,assets/replay/sessions/session_20260710_061220/frames/000377.jpg,crops/session_20260710_061220/000377.png,940,36,1620,100,eec9fced090c94620e236c47f7ba09695a29bbbf687b83d6f1c37d26abb2f262
session_20260710_061220,378,WAITING_IN_PROGRESS,assets/replay/sessions/session_20260710_061220/frames/000378.jpg,crops/session_20260710_061220/000378.png,940,36,1620,100,b5a51f3f8bc3620ae81f73189b2a0a8599f3d0ffc60619306068d0774f76743f
session_20260710_061220,379,WAITING_IN_PROGRESS,assets/replay/sessions/session_20260710_061220/frames/000379.jpg,crops/session_20260710_061220/000379.png,940,36,1620,100,39777f7e86ebca3d73f1a1aee01da608cc412df3b460142e7cca40b1bafed5d9
session_20260710_061220,380,WAITING_IN_PROGRESS,assets/replay/sessions/session_20260710_061220/frames/000380.jpg,crops/session_20260710_061220/000380.png,940,36,1620,100,7451576cb3c2bc78395ac3df792533c7f00106b8da39d47bba45931abba8a491
session_20260710_061220,381,WAITING_IN_PROGRESS,assets/replay/sessions/session_20260710_061220/frames/000381.jpg,crops/session_20260710_061220/000381.png,940,36,1620,100,a626b2b08fc1429a49501f21b7b318d4fc144ff7b0f7f1b2e8115e716c064d7a
session_20260710_061220,382,WAITING_IN_PROGRESS,assets/replay/sessions/session_20260710_061220/frames/000382.jpg,crops/session_20260710_061220/000382.png,940,36,1620,100,3893aabcf9ad8e2d784b7a4f67064c81e125f768a9f591d9c3e7a8a7ee9d4247
session_20260710_061220,383,WAITING_IN_PROGRESS,assets/replay/sessions/session_20260710_061220/frames/000383.jpg,crops/session_20260710_061220/000383.png,940,36,1620,100,163822dd563ee8e32821a122bd315ea25ae1a0d238bb2b37cd35b30e456ed0f1
session_20260710_061220,384,WAITING_IN_PROGRESS,assets/replay/sessions/session_20260710_061220/frames/000384.jpg,crops/session_20260710_061220/000384.png,940,36,1620,100,3b0c6ca34d7c78c281e4e28c805927128a57766a02d22191f93d810ed3712347
session_20260710_061220,385,WAITING_IN_PROGRESS,assets/replay/sessions/session_20260710_061220/frames/000385.jpg,crops/session_20260710_061220/000385.png,940,36,1620,100,846c4db9588965bcaf333da7a3e3397dc302c2c6aa3df7bda08b37c947ff393f
session_20260710_061220,386,WAITING_IN_PROGRESS,assets/replay/sessions/session_20260710_061220/frames/000386.jpg,crops/session_20260710_061220/000386.png,940,36,1620,100,ace6d25d955331b5dd3ff6916f79ae371ff687bf7cb4e200dee91ef54e390548
session_20260710_061220,387,WAITING_IN_PROGRESS,assets/replay/sessions/session_20260710_061220/frames/000387.jpg,crops/session_20260710_061220/000387.png,940,36,1620,100,3bf49f658dc23121f0c9367938e483fe54860071e2529399930fc9f778085180
session_20260710_061220,388,WAITING_IN_PROGRESS,assets/replay/sessions/session_20260710_061220/frames/000388.jpg,crops/session_20260710_061220/000388.png,940,36,1620,100,c01d9d847aa140919e64ba5d974e1b53169085bcca7f56b48184a0ad58ef2d6e
session_20260710_061220,389,WAITING_IN_PROGRESS,assets/replay/sessions/session_20260710_061220/frames/000389.jpg,crops/session_20260710_061220/000389.png,940,36,1620,100,7513bc23e63ecb1ce054dfe010aef92512495b2d1df5ba9a83fcefa5a7a04e32
session_20260710_061220,390,WAITING_IN_PROGRESS,assets/replay/sessions/session_20260710_061220/frames/000390.jpg,crops/session_20260710_061220/000390.png,940,36,1620,100,20820ffa6e81ad5ec3cee39f766b66a345a0e8878803d7aab34cdd5960bbfe1a
session_20260710_061220,391,WAITING_IN_PROGRESS,assets/replay/sessions/session_20260710_061220/frames/000391.jpg,crops/session_20260710_061220/000391.png,940,36,1620,100,d62f10aaf1ad2868dc6d5c99146db705178ead4a3d366d394f3a84453558dc97
session_20260710_061220,392,WAITING_IN_PROGRESS,assets/replay/sessions/session_20260710_061220/frames/000392.jpg,crops/session_20260710_061220/000392.png,940,36,1620,100,3f017c9459968c5030747ca68253bf0801679a153c171a3e8b58ea029cf37212
session_20260710_061220,393,WAITING_IN_PROGRESS,assets/replay/sessions/session_20260710_061220/frames/000393.jpg,crops/session_20260710_061220/000393.png,940,36,1620,100,bcc10c372349cbce8042c85a27dd0612d1f5327a6541b014a76c4b92d0f3382e
session_20260710_061220,394,WAITING_IN_PROGRESS,assets/replay/sessions/session_20260710_061220/frames/000394.jpg,crops/session_20260710_061220/000394.png,940,36,1620,100,c0884a2aecb158ef2725ad9a31bce7280d5bf7dbc518b2b5cb52abdd4abcf4c6
session_20260710_061220,395,WAITING_IN_PROGRESS,assets/replay/sessions/session_20260710_061220/frames/000395.jpg,crops/session_20260710_061220/000395.png,940,36,1620,100,11b365e975001e72fc23f3174fb399388c9bf6c345a2114e3f9a3e3da063b8f0
session_20260710_061220,396,WAITING_IN_PROGRESS,assets/replay/sessions/session_20260710_061220/frames/000396.jpg,crops/session_20260710_061220/000396.png,940,36,1620,100,603409086ac4b31ec59385ace6a4e16116be2f1eb82f231f8f332c6fd35d4f5e
session_20260710_061220,397,WAITING_IN_PROGRESS,assets/replay/sessions/session_20260710_061220/frames/000397.jpg,crops/session_20260710_061220/000397.png,940,36,1620,100,e7212610e0b5e484681fe2c5824d3fd8877eb455b66bc3cf5be25339d933031d
session_20260710_061220,398,WAITING_IN_PROGRESS,assets/replay/sessions/session_20260710_061220/frames/000398.jpg,crops/session_20260710_061220/000398.png,940,36,1620,100,cab7452cd3c4e004befbf08cf981f81760f6213531671ff3ff9d3e63b60a42f4
session_20260710_061220,399,WAITING_IN_PROGRESS,assets/replay/sessions/session_20260710_061220/frames/000399.jpg,crops/session_20260710_061220/000399.png,940,36,1620,100,a8448fcdca9bd01970fde7ab323cc9ac52925dd96fb5fd1165414c679ce1ad77
session_20260710_061220,400,WAITING_IN_PROGRESS,assets/replay/sessions/session_20260710_061220/frames/000400.jpg,crops/session_20260710_061220/000400.png,940,36,1620,100,e4cd8f1d85b6469ac7964b758ac95163b0d5760ceb3bbcd85679f742b47db49c
session_20260710_061220,401,WAITING_IN_PROGRESS,assets/replay/sessions/session_20260710_061220/frames/000401.jpg,crops/session_20260710_061220/000401.png,940,36,1620,100,a50c49c2707ac71b64a25b07caab4c18098178f1b05603c2e2353142147f9f83
session_20260710_061220,402,WAITING_IN_PROGRESS,assets/replay/sessions/session_20260710_061220/frames/000402.jpg,crops/session_20260710_061220/000402.png,940,36,1620,100,f07b45c5f3d78568aa76f020e59c5be161f8a1f30edf0cf3cd8780b71471d7e9
session_20260710_061220,403,WAITING_IN_PROGRESS,assets/replay/sessions/session_20260710_061220/frames/000403.jpg,crops/session_20260710_061220/000403.png,940,36,1620,100,c9ddb38e8d481eb43e56f26a0b9f880178c70e59cd8267ee6e7ba19044f50775
session_20260710_061220,404,WAITING_IN_PROGRESS,assets/replay/sessions/session_20260710_061220/frames/000404.jpg,crops/session_20260710_061220/000404.png,940,36,1620,100,fa88f2f9a8c845b86894e2b3e44858108777a16a7dcb789371358e8d823ceaf4
session_20260710_061220,405,WAITING_IN_PROGRESS,assets/replay/sessions/session_20260710_061220/frames/000405.jpg,crops/session_20260710_061220/000405.png,940,36,1620,100,5fba606b932dc59c87eb7d3edd374a511bb742c602759d1bfc2e40cba56c0e0c
session_20260710_061220,406,WAITING_IN_PROGRESS,assets/replay/sessions/session_20260710_061220/frames/000406.jpg,crops/session_20260710_061220/000406.png,940,36,1620,100,f8808ee3ee61894099b707022f77619c8e23a7398c4251f6fd9515203bd73947
session_20260710_061220,407,WAITING_IN_PROGRESS,assets/replay/sessions/session_20260710_061220/frames/000407.jpg,crops/session_20260710_061220/000407.png,940,36,1620,100,21100288daed44910792be44de15047d6dc601d6a0a9f5fa7a241fd5e245100f
session_20260710_061220,408,WAITING_IN_PROGRESS,assets/replay/sessions/session_20260710_061220/frames/000408.jpg,crops/session_20260710_061220/000408.png,940,36,1620,100,2bc178f96a8193b3a5e781563dce25d7e30526b02a7595cd25f6932d184de409
session_20260710_061220,409,WAITING_IN_PROGRESS,assets/replay/sessions/session_20260710_061220/frames/000409.jpg,crops/session_20260710_061220/000409.png,940,36,1620,100,f16fe18049b9b457af297978f662c9a7edf6f6a8deed7c0887bcde1d40903127
session_20260710_061220,410,WAITING_IN_PROGRESS,assets/replay/sessions/session_20260710_061220/frames/000410.jpg,crops/session_20260710_061220/000410.png,940,36,1620,100,a1ea4bca41e72ac4fe915e517d2d0b861b7e5643ff86feeb32a7ef4770bbaa5e
session_20260710_061220,411,WAITING_IN_PROGRESS,assets/replay/sessions/session_20260710_061220/frames/000411.jpg,crops/session_20260710_061220/000411.png,940,36,1620,100,035113ab11f77fd0bf597013e3a9a7aaaf794b02321019fdc3446b3f62d98c78
session_20260710_061220,412,WAITING_IN_PROGRESS,assets/replay/sessions/session_20260710_061220/frames/000412.jpg,crops/session_20260710_061220/000412.png,940,36,1620,100,98fdb26d55dc88e30ae4d20a7c24fc5de41d73e3a9ee2cc57dffc8b72c506d3c
session_20260710_061220,413,WAITING_IN_PROGRESS,assets/replay/sessions/session_20260710_061220/frames/000413.jpg,crops/session_20260710_061220/000413.png,940,36,1620,100,3dcd1d9354ed518df6822b2ac11b814ad2f175e58dbcc8c52055045038bc708c
session_20260710_061220,414,WAITING_IN_PROGRESS,assets/replay/sessions/session_20260710_061220/frames/000414.jpg,crops/session_20260710_061220/000414.png,940,36,1620,100,67e3ca9095468f9026894d1b0ebcc0cbfed59b629604db3cf9f9f8d2ddc06f76
session_20260710_061220,415,WAITING_IN_PROGRESS,assets/replay/sessions/session_20260710_061220/frames/000415.jpg,crops/session_20260710_061220/000415.png,940,36,1620,100,950e014c96adf5edc21863baadb384e7246c84506ed42ac68c94dbcbaa5a7077
session_20260710_061220,416,WAITING_IN_PROGRESS,assets/replay/sessions/session_20260710_061220/frames/000416.jpg,crops/session_20260710_061220/000416.png,940,36,1620,100,799b56deb14989879d8f9043433ef3a3b5af1be9f0482b33b88979b2e422564d
session_20260710_061220,417,WAITING_IN_PROGRESS,assets/replay/sessions/session_20260710_061220/frames/000417.jpg,crops/session_20260710_061220/000417.png,940,36,1620,100,95f9b7be5e65e338e225adddc439fbc235a09d3f543a7a47800f5c3beb71734a
session_20260710_061220,418,WAITING_IN_PROGRESS,assets/replay/sessions/session_20260710_061220/frames/000418.jpg,crops/session_20260710_061220/000418.png,940,36,1620,100,4e2faf821831bbadf2f49888cb356623693e21e591d59238925c749f2f82b4f2
session_20260710_061220,419,WAITING_IN_PROGRESS,assets/replay/sessions/session_20260710_061220/frames/000419.jpg,crops/session_20260710_061220/000419.png,940,36,1620,100,d8af395fb5b3bc41c1fdb9c6ab67e24471c2817cde715ab90d88800f4e302230
session_20260710_061220,420,WAITING_IN_PROGRESS,assets/replay/sessions/session_20260710_061220/frames/000420.jpg,crops/session_20260710_061220/000420.png,940,36,1620,100,b49f7143993bb4e778e608b645dd33c4e5b1e843bf1f99495df5c97b140478c0
session_20260710_061220,421,WAITING_IN_PROGRESS,assets/replay/sessions/session_20260710_061220/frames/000421.jpg,crops/session_20260710_061220/000421.png,940,36,1620,100,3ebc378f81ab2bf11e0273ae45c05453bf5fd606f56133c522c8982d5788bfac
session_20260710_061220,422,WAITING_IN_PROGRESS,assets/replay/sessions/session_20260710_061220/frames/000422.jpg,crops/session_20260710_061220/000422.png,940,36,1620,100,d54b6dd4dccf5301f60e55d131e14c18131174f26e055699c03a567a8199bb7a
session_20260710_061220,423,WAITING_IN_PROGRESS,assets/replay/sessions/session_20260710_061220/frames/000423.jpg,crops/session_20260710_061220/000423.png,940,36,1620,100,0836daf2f5d04031bb8109caa5327c52cf1c38f694a0be4f032f659e62162492
session_20260710_061220,424,WAITING_IN_PROGRESS,assets/replay/sessions/session_20260710_061220/frames/000424.jpg,crops/session_20260710_061220/000424.png,940,36,1620,100,33c72421658b16d764ab48c5d489ab0923712a7e33780fa970c1200cbf0f3b06
session_20260710_061220,425,WAITING_IN_PROGRESS,assets/replay/sessions/session_20260710_061220/frames/000425.jpg,crops/session_20260710_061220/000425.png,940,36,1620,100,4aa5bb685820aeadebf51f9702c807fa3188ad4458ce05984fd951b02c7aa712
session_20260710_061220,426,WAITING_IN_PROGRESS,assets/replay/sessions/session_20260710_061220/frames/000426.jpg,crops/session_20260710_061220/000426.png,940,36,1620,100,9170476d63df20ec8e0e0a873400b200a559e8e3b8a2bf718053a833149003f3
session_20260710_061220,427,WAITING_IN_PROGRESS,assets/replay/sessions/session_20260710_061220/frames/000427.jpg,crops/session_20260710_061220/000427.png,940,36,1620,100,7f412b89d0c7af29ff4e8877ff87d23e769796df105cb2ad5ad3857711fe64b0
session_20260710_061220,428,WAITING_IN_PROGRESS,assets/replay/sessions/session_20260710_061220/frames/000428.jpg,crops/session_20260710_061220/000428.png,940,36,1620,100,9c76c5381acc4b1ceb091a3516c1244d7e1e937a926c0854cf7b045cbd4c5e43
session_20260710_061220,429,WAITING_IN_PROGRESS,assets/replay/sessions/session_20260710_061220/frames/000429.jpg,crops/session_20260710_061220/000429.png,940,36,1620,100,7269cf45e0921b36a1e4641b3cbfe45527c8938fee025459e94949d5d4c73537
session_20260710_061220,430,WAITING_IN_PROGRESS,assets/replay/sessions/session_20260710_061220/frames/000430.jpg,crops/session_20260710_061220/000430.png,940,36,1620,100,78dcd901a483ba97f2d38744817eeaf57bdd7e11b47cf390b65afba97d937e7b
session_20260710_061220,431,WAITING_IN_PROGRESS,assets/replay/sessions/session_20260710_061220/frames/000431.jpg,crops/session_20260710_061220/000431.png,940,36,1620,100,bfa038356c73df763cde00272b866d9f1f748b9be669a32f63787be615799f7e
session_20260710_061220,432,WAITING_IN_PROGRESS,assets/replay/sessions/session_20260710_061220/frames/000432.jpg,crops/session_20260710_061220/000432.png,940,36,1620,100,fb37b784927adc9f2639db5d9a845b910597f22a0b6e98c4635a64f37b372174
session_20260710_061220,433,WAITING_IN_PROGRESS,assets/replay/sessions/session_20260710_061220/frames/000433.jpg,crops/session_20260710_061220/000433.png,940,36,1620,100,d60c31b21533f33e79ea68a04cc609028b46b44fa58c6fe16ec67c47e290170a
session_20260710_061220,434,WAITING_IN_PROGRESS,assets/replay/sessions/session_20260710_061220/frames/000434.jpg,crops/session_20260710_061220/000434.png,940,36,1620,100,dbd4782f37a6edd0af38fbc9b1271fab45aafcd03ac8d96d00df4a6717c8b329
session_20260710_061220,435,WAITING_IN_PROGRESS,assets/replay/sessions/session_20260710_061220/frames/000435.jpg,crops/session_20260710_061220/000435.png,940,36,1620,100,5fea3c234f329ff5857d5f555bebb2564de08f19041a83aab668f4f575738343
session_20260710_061220,436,WAITING_IN_PROGRESS,assets/replay/sessions/session_20260710_061220/frames/000436.jpg,crops/session_20260710_061220/000436.png,940,36,1620,100,c09beef5287d073a25e42bf2e4f0c85ea2f6394288343892e762d2d95f021bef
session_20260710_061220,437,WAITING_IN_PROGRESS,assets/replay/sessions/session_20260710_061220/frames/000437.jpg,crops/session_20260710_061220/000437.png,940,36,1620,100,e2f0995785c0c0bd6ef8eecde550156ed9575ab5a163156ce70e9de9b46efc6c
session_20260710_061220,438,WAITING_IN_PROGRESS,assets/replay/sessions/session_20260710_061220/frames/000438.jpg,crops/session_20260710_061220/000438.png,940,36,1620,100,69381bbe1b398e328a94a215f12455a75709b399a71614891ddbaf20fc2dccf4
session_20260710_061220,439,WAITING_IN_PROGRESS,assets/replay/sessions/session_20260710_061220/frames/000439.jpg,crops/session_20260710_061220/000439.png,940,36,1620,100,95328b3f87efd537acba112b67c3c81a105bca2a9f2a1945d5dee6105d71c895
session_20260710_061220,440,WAITING_IN_PROGRESS,assets/replay/sessions/session_20260710_061220/frames/000440.jpg,crops/session_20260710_061220/000440.png,940,36,1620,100,bed2d73f9b312485a6b1c32864ebd04bb35e1e834ed0666c8510c89b736e54cc
session_20260710_061220,441,WAITING_IN_PROGRESS,assets/replay/sessions/session_20260710_061220/frames/000441.jpg,crops/session_20260710_061220/000441.png,940,36,1620,100,06bff661ff520c8167f2e06f3cf4ca221a9b9c44332438f44c7c9feda2c16fde
session_20260710_061220,442,WAITING_IN_PROGRESS,assets/replay/sessions/session_20260710_061220/frames/000442.jpg,crops/session_20260710_061220/000442.png,940,36,1620,100,debf9c9c55abdeb8b12d8a1fad0c9842ff6a24c15953116c058ccef33b0f3da5
session_20260710_061220,443,WAITING_IN_PROGRESS,assets/replay/sessions/session_20260710_061220/frames/000443.jpg,crops/session_20260710_061220/000443.png,940,36,1620,100,77681990e45bfcac0bf08253c818cb99ee88743de4a2473b211ff6cf18accada
session_20260710_061220,444,WAITING_IN_PROGRESS,assets/replay/sessions/session_20260710_061220/frames/000444.jpg,crops/session_20260710_061220/000444.png,940,36,1620,100,bdbd82e10c3fc873feae6ccf86046e51dd31194eaeea2d2fb1d6e01949a83f41
session_20260710_061220,445,WAITING_IN_PROGRESS,assets/replay/sessions/session_20260710_061220/frames/000445.jpg,crops/session_20260710_061220/000445.png,940,36,1620,100,a60d30d3302ea72829eacd359a015bca0886c0aedfd4e6da528f175a4323a726
session_20260710_061220,446,WAITING_IN_PROGRESS,assets/replay/sessions/session_20260710_061220/frames/000446.jpg,crops/session_20260710_061220/000446.png,940,36,1620,100,5dcfcfe1fee74d7dc501741a67e8266482b43be7f4630dc7c0e238cfd8d5740e
session_20260710_061220,447,WAITING_IN_PROGRESS,assets/replay/sessions/session_20260710_061220/frames/000447.jpg,crops/session_20260710_061220/000447.png,940,36,1620,100,c0bf0cea34d05028afe0acb83b1a7fbe2a7822ccefbc827dfe93dee99995f919
session_20260710_061220,448,WAITING_IN_PROGRESS,assets/replay/sessions/session_20260710_061220/frames/000448.jpg,crops/session_20260710_061220/000448.png,940,36,1620,100,ac368fa1ed3a19f49b9c13c4f5b32b4c283b77b3f83766101ad8b6e2e1ae11f6
session_20260710_061220,449,WAITING_IN_PROGRESS,assets/replay/sessions/session_20260710_061220/frames/000449.jpg,crops/session_20260710_061220/000449.png,940,36,1620,100,31724b368fc2a8f657300e3bbc324379809a3592654d3734b5aaea7927e5344a
session_20260710_061220,450,WAITING_IN_PROGRESS,assets/replay/sessions/session_20260710_061220/frames/000450.jpg,crops/session_20260710_061220/000450.png,940,36,1620,100,9b036235393754d9efd363f3a42fbed3640eb10c60f80d5efd904aa79df3d2a0
session_20260710_061220,451,WAITING_IN_PROGRESS,assets/replay/sessions/session_20260710_061220/frames/000451.jpg,crops/session_20260710_061220/000451.png,940,36,1620,100,c4391d6c042566856d0c3726b7a094bfa4813b4d57e27b58ca28eb6a3298998c
session_20260710_061220,452,READY_BITE,assets/replay/sessions/session_20260710_061220/frames/000452.jpg,crops/session_20260710_061220/000452.png,940,36,1620,100,ecfb2182a395f9f8ad11632b9b5d3248ef31d8986c494baa49605bdb94c9eef6
session_20260710_061220,453,READY_BITE,assets/replay/sessions/session_20260710_061220/frames/000453.jpg,crops/session_20260710_061220/000453.png,940,36,1620,100,cdb56a31c2077a9c3adfcc1fdd060fd445db5056a8f723e8cc3161dcda3c9128
session_20260710_061220,454,READY_BITE,assets/replay/sessions/session_20260710_061220/frames/000454.jpg,crops/session_20260710_061220/000454.png,940,36,1620,100,8526fac87a7ae6e0609f0199343fcb15a02e261df6f53842d58d9fcdded9a501
session_20260710_061220,455,READY_BITE,assets/replay/sessions/session_20260710_061220/frames/000455.jpg,crops/session_20260710_061220/000455.png,940,36,1620,100,8bf75c4ab63c7c6f775d3252d0af91536380bfaab235e67f18cba436ef7fbb84
session_20260710_061220,456,READY_BITE,assets/replay/sessions/session_20260710_061220/frames/000456.jpg,crops/session_20260710_061220/000456.png,940,36,1620,100,c1a4044814ea216b9b8bcc681801ffbdedcae0d8d9a1cfca37ab6138e64b2809
session_20260710_061220,457,READY_BITE,assets/replay/sessions/session_20260710_061220/frames/000457.jpg,crops/session_20260710_061220/000457.png,940,36,1620,100,0e324e51a87f6f8370028849b0cb669bc36c627080c072afd063f881a4d79c0c
session_20260710_061220,458,READY_BITE,assets/replay/sessions/session_20260710_061220/frames/000458.jpg,crops/session_20260710_061220/000458.png,940,36,1620,100,25acc726c9ba438195f71fda388462b40b466b8f16b5e143dcada031557cd8dd
session_20260710_061220,459,READY_BITE,assets/replay/sessions/session_20260710_061220/frames/000459.jpg,crops/session_20260710_061220/000459.png,940,36,1620,100,2fabe4d0b622b2c6138ff249dd132062289ac9d5e127a62feaf0ff0b1234f5c3
session_20260710_061220,460,READY_BITE,assets/replay/sessions/session_20260710_061220/frames/000460.jpg,crops/session_20260710_061220/000460.png,940,36,1620,100,8bb06e1bcb4fe677cefa4c278c379b8b5ca73c0034191d45c7502ef9643b72e2
session_20260710_061220,461,READY_BITE,assets/replay/sessions/session_20260710_061220/frames/000461.jpg,crops/session_20260710_061220/000461.png,940,36,1620,100,a6155fe73af3c05c6e90a96929a92a0145e09fb6868128cf4bd004c640c8b488
session_20260710_061220,462,READY_BITE,assets/replay/sessions/session_20260710_061220/frames/000462.jpg,crops/session_20260710_061220/000462.png,940,36,1620,100,f2bad9529e80a706e279120f6494c3b1de4df863cbcf42855711c741304efae1
session_20260710_061220,463,READY_BITE,assets/replay/sessions/session_20260710_061220/frames/000463.jpg,crops/session_20260710_061220/000463.png,940,36,1620,100,cb31f3fa09d71ae43a011011df46d7f883c7522deae0a5186164892db94f0b4f
session_20260710_061220,464,READY_BITE,assets/replay/sessions/session_20260710_061220/frames/000464.jpg,crops/session_20260710_061220/000464.png,940,36,1620,100,9f3a690ce7aefc720672bf3c200d9457496702497c62521dc670067d9de4882c
session_20260710_061220,465,READY_BITE,assets/replay/sessions/session_20260710_061220/frames/000465.jpg,crops/session_20260710_061220/000465.png,940,36,1620,100,07f9ec13684bc1f74aa539b89473b0fcacff0ad2434e0bd09bf90311cb9e13f2
session_20260710_061220,466,READY_BITE,assets/replay/sessions/session_20260710_061220/frames/000466.jpg,crops/session_20260710_061220/000466.png,940,36,1620,100,0d08df59a0c4addf2f93296443ed34933c993b625dd321603f3699d0c0da9b64
session_20260710_061220,467,READY_BITE,assets/replay/sessions/session_20260710_061220/frames/000467.jpg,crops/session_20260710_061220/000467.png,940,36,1620,100,8af1547c86082141566393bfc78c0d51a65949fdbe800758bed9fd3475ef206b
session_20260710_061220,468,READY_BITE,assets/replay/sessions/session_20260710_061220/frames/000468.jpg,crops/session_20260710_061220/000468.png,940,36,1620,100,92d53c2371171e73c85cf36d33bfca5a344ca1ab994d4d0172b17722886b694d
session_20260710_061220,469,READY_BITE,assets/replay/sessions/session_20260710_061220/frames/000469.jpg,crops/session_20260710_061220/000469.png,940,36,1620,100,968247a4b90767849aadc393cd7e45a9e11b0fab1a27d7e1333fe2348cd688db
session_20260710_061220,470,READY_BITE,assets/replay/sessions/session_20260710_061220/frames/000470.jpg,crops/session_20260710_061220/000470.png,940,36,1620,100,233117954c3730e6d128121f78f1ebe16c9a1adc8d753c77e05d42ed629b2086
session_20260710_061220,471,READY_BITE,assets/replay/sessions/session_20260710_061220/frames/000471.jpg,crops/session_20260710_061220/000471.png,940,36,1620,100,b010f89e3a666d2679648d9883f1274b1b3d312aeef8f437dbec0dcfaf200742
session_20260710_061220,472,READY_BITE,assets/replay/sessions/session_20260710_061220/frames/000472.jpg,crops/session_20260710_061220/000472.png,940,36,1620,100,6325dea1dbac9fbf15516a6849058d2829c3e9a75d171a840e7bab86c7240a77
session_20260710_061220,473,READY_BITE,assets/replay/sessions/session_20260710_061220/frames/000473.jpg,crops/session_20260710_061220/000473.png,940,36,1620,100,ac8317a33af053a3bc8206f4703ec7f4d6d225601da0ca9d28e958e26048457a
session_20260710_061220,474,READY_BITE,assets/replay/sessions/session_20260710_061220/frames/000474.jpg,crops/session_20260710_061220/000474.png,940,36,1620,100,58b47ca96d77f8b20593d88a08ceebbbbfa0b8feea812bf2a8edb1835ba524ba
session_20260710_061220,475,READY_BITE,assets/replay/sessions/session_20260710_061220/frames/000475.jpg,crops/session_20260710_061220/000475.png,940,36,1620,100,af9e3ddb9f2e660e2602fac730ae2f39bb4f68c22e5fbece8a08260e76208ae0
session_20260710_061220,476,READY_BITE,assets/replay/sessions/session_20260710_061220/frames/000476.jpg,crops/session_20260710_061220/000476.png,940,36,1620,100,720ff241daaca8b5f307d2ec6b5e9c3b98b68494df33af8ee2ebab9c84b113ba
session_20260710_061220,477,READY_BITE,assets/replay/sessions/session_20260710_061220/frames/000477.jpg,crops/session_20260710_061220/000477.png,940,36,1620,100,c502f56539656a8648f5d983423b335cd4fd7707bfbd44020172b2b7793da5e6
session_20260710_061220,478,READY_BITE,assets/replay/sessions/session_20260710_061220/frames/000478.jpg,crops/session_20260710_061220/000478.png,940,36,1620,100,c8886ec46eb1baae9152d932cf7b28ef3c35df8ef13151a384d1a5099a975f76
session_20260710_061220,479,READY_BITE,assets/replay/sessions/session_20260710_061220/frames/000479.jpg,crops/session_20260710_061220/000479.png,940,36,1620,100,526ea84e0a7e0b6a4de7d9adc3b346a903a0d8a12301cae5b04a80fe4a3d7c01
session_20260710_061220,480,HOOK_INSTRUCTION,assets/replay/sessions/session_20260710_061220/frames/000480.jpg,crops/session_20260710_061220/000480.png,940,36,1620,100,6ab317dbdb626a4912c5ef0d13da8cc6fd28cbc7383018071602513b4454f668
session_20260710_061220,481,HOOK_INSTRUCTION,assets/replay/sessions/session_20260710_061220/frames/000481.jpg,crops/session_20260710_061220/000481.png,940,36,1620,100,ca65c566622f86b3a6171edde629a24c79f4d651ba00bede96887e78adb814e8
session_20260710_061220,482,HOOK_INSTRUCTION,assets/replay/sessions/session_20260710_061220/frames/000482.jpg,crops/session_20260710_061220/000482.png,940,36,1620,100,2973447a9a8a71208710f956ce430faf3c3de75071f0460c8a6b9353592f052d
session_20260710_061220,483,HOOK_INSTRUCTION,assets/replay/sessions/session_20260710_061220/frames/000483.jpg,crops/session_20260710_061220/000483.png,940,36,1620,100,8f28e047c228ec7a92f039b2e95ea235278144c942c6d7a3415854c5f4b373a8
session_20260710_061220,484,HOOK_INSTRUCTION,assets/replay/sessions/session_20260710_061220/frames/000484.jpg,crops/session_20260710_061220/000484.png,940,36,1620,100,084552f867b7e49f7bf42eacd2dadad2fb21578b1f4b8e14e6f2065ac6ca33b5
session_20260710_061220,485,HOOK_INSTRUCTION,assets/replay/sessions/session_20260710_061220/frames/000485.jpg,crops/session_20260710_061220/000485.png,940,36,1620,100,01fd2b84ffe6b9fcd7fb0dd6ea22b03bcd86d33b6bea7fbc3447f8b22557dbd3
session_20260710_061220,486,HOOK_INSTRUCTION,assets/replay/sessions/session_20260710_061220/frames/000486.jpg,crops/session_20260710_061220/000486.png,940,36,1620,100,81a6fea4d1faf8be1172e8dc5aec2ef6ed40c8f320dd78209992675bcad1c77e
session_20260710_061220,487,HOOK_INSTRUCTION,assets/replay/sessions/session_20260710_061220/frames/000487.jpg,crops/session_20260710_061220/000487.png,940,36,1620,100,62bd6478388d7466694b5e7661d73d566be51c249c8617dd71e6ecbf9119ed9f
session_20260710_061220,488,HOOK_INSTRUCTION,assets/replay/sessions/session_20260710_061220/frames/000488.jpg,crops/session_20260710_061220/000488.png,940,36,1620,100,a15663b4837f813480a4e60bf783073de0aa2188ed8ca1ff6d7e43a8764d559d
session_20260710_061220,489,HOOK_INSTRUCTION,assets/replay/sessions/session_20260710_061220/frames/000489.jpg,crops/session_20260710_061220/000489.png,940,36,1620,100,c763db9171eab63ee2e846025e7160d723f1ae685926db20df9a84b7d30034af
session_20260710_061220,490,HOOK_INSTRUCTION,assets/replay/sessions/session_20260710_061220/frames/000490.jpg,crops/session_20260710_061220/000490.png,940,36,1620,100,30de69b60efc214246964c86301d9a07bfaa24022f21749a6c2c40e754bc29fc
session_20260710_061220,491,HOOK_INSTRUCTION,assets/replay/sessions/session_20260710_061220/frames/000491.jpg,crops/session_20260710_061220/000491.png,940,36,1620,100,7f0438571c0e6cdba8f4630587bd834d3f505b10ca37f8c37f791eb0f0bdac3f
session_20260710_061220,492,HOOK_INSTRUCTION,assets/replay/sessions/session_20260710_061220/frames/000492.jpg,crops/session_20260710_061220/000492.png,940,36,1620,100,c6d3ba4cd3483c1afafc684fb8784a61ce3354b6fa450835d2d1f126000ef5b8
session_20260710_061220,493,HOOK_INSTRUCTION,assets/replay/sessions/session_20260710_061220/frames/000493.jpg,crops/session_20260710_061220/000493.png,940,36,1620,100,6ece29f18748b597f345c27df043947aa43693a46e94f7a55ed157e37fc6318e
session_20260710_061220,494,HOOK_INSTRUCTION,assets/replay/sessions/session_20260710_061220/frames/000494.jpg,crops/session_20260710_061220/000494.png,940,36,1620,100,2500e29ec5cebd49222cd8f4e8e4de9e7894d01c911372b642e667e2111daaa0
session_20260710_061220,495,HOOK_INSTRUCTION,assets/replay/sessions/session_20260710_061220/frames/000495.jpg,crops/session_20260710_061220/000495.png,940,36,1620,100,33dae7ff46aeb21e30b591ec36615f06e605fb46f00afed48af8310271bb35a1
session_20260710_061220,496,HOOK_INSTRUCTION,assets/replay/sessions/session_20260710_061220/frames/000496.jpg,crops/session_20260710_061220/000496.png,940,36,1620,100,1306b7d571b67c5651a939c3f6c379c9cab8f8cd36555408a4076d0c7ed6ee74
session_20260710_061220,497,HOOK_INSTRUCTION,assets/replay/sessions/session_20260710_061220/frames/000497.jpg,crops/session_20260710_061220/000497.png,940,36,1620,100,c3efad46b079206f09280046dcb87fc3b29d66a3b90afb5deb81678069d93390
session_20260710_061220,498,HOOK_INSTRUCTION,assets/replay/sessions/session_20260710_061220/frames/000498.jpg,crops/session_20260710_061220/000498.png,940,36,1620,100,a8938e5a9babb6b5d09cc3747727076cd1e61dd6aa109f3743be4b3d5ca5557c
session_20260710_061220,499,HOOK_INSTRUCTION,assets/replay/sessions/session_20260710_061220/frames/000499.jpg,crops/session_20260710_061220/000499.png,940,36,1620,100,38b95897d366e8ef0fc50b48b1d50e5f835ed700ab093d132eb1fa8aaaec7527
session_20260710_061220,500,HOOK_INSTRUCTION,assets/replay/sessions/session_20260710_061220/frames/000500.jpg,crops/session_20260710_061220/000500.png,940,36,1620,100,fd8afca08de51191f54777e3ee5e68baea8b0140fbf66d7a86b79886dc614d79
session_20260710_061220,501,HOOK_INSTRUCTION,assets/replay/sessions/session_20260710_061220/frames/000501.jpg,crops/session_20260710_061220/000501.png,940,36,1620,100,de0ee68145ed89d8d189f6b6b8913b3ced268c7e64216406e5e2205eabc2843c
session_20260710_061220,502,HOOK_INSTRUCTION,assets/replay/sessions/session_20260710_061220/frames/000502.jpg,crops/session_20260710_061220/000502.png,940,36,1620,100,0bfc71b09521b9e47db527428c0479876767e9de457ae5a8fc9b546cff91319b
session_20260710_061220,503,HOOK_INSTRUCTION,assets/replay/sessions/session_20260710_061220/frames/000503.jpg,crops/session_20260710_061220/000503.png,940,36,1620,100,89f229904a4de2f2b7930a68948225af940ee65f6d0e183510b53ee93fa6c8f3
session_20260710_061220,504,HOOK_INSTRUCTION,assets/replay/sessions/session_20260710_061220/frames/000504.jpg,crops/session_20260710_061220/000504.png,940,36,1620,100,a6a701edb60c8248b2c9fc41a0f189c790a5575f9aaf03cc0174dd1a92f8341b
session_20260710_061220,505,HOOK_INSTRUCTION,assets/replay/sessions/session_20260710_061220/frames/000505.jpg,crops/session_20260710_061220/000505.png,940,36,1620,100,29ff403883edf2c53fa284d2e5d558cf06d955ff795ff9cf3345efe7face4282
session_20260710_061220,506,HOOK_INSTRUCTION,assets/replay/sessions/session_20260710_061220/frames/000506.jpg,crops/session_20260710_061220/000506.png,940,36,1620,100,05e856bc49f0e23b0a8cf4d5fd49745d05eabf01ac47a5785b26cd3cdf14b521
session_20260710_061220,507,PRESS_INSTRUCTION,assets/replay/sessions/session_20260710_061220/frames/000507.jpg,crops/session_20260710_061220/000507.png,940,36,1620,100,379f73a5cefd4a2983166f08e082802e7403bb3c9a2106e9a1a3dfedb97c67d8
session_20260710_061220,508,PRESS_INSTRUCTION,assets/replay/sessions/session_20260710_061220/frames/000508.jpg,crops/session_20260710_061220/000508.png,940,36,1620,100,85bb08737fecd9975ecb7f5633d0e08f9ce081071e07c645adee3ffa6164049a
session_20260710_061220,509,PRESS_INSTRUCTION,assets/replay/sessions/session_20260710_061220/frames/000509.jpg,crops/session_20260710_061220/000509.png,940,36,1620,100,166f0002958a40cc2712e95a34ad9faa9f5c464a0258c73b510f3b7b2d9e0803
session_20260710_061220,510,PRESS_INSTRUCTION,assets/replay/sessions/session_20260710_061220/frames/000510.jpg,crops/session_20260710_061220/000510.png,940,36,1620,100,d01b17e7db464edf6a109494ff21cc2aec06659acee564eac80bf6163e0ccc39
session_20260710_061220,511,PRESS_INSTRUCTION,assets/replay/sessions/session_20260710_061220/frames/000511.jpg,crops/session_20260710_061220/000511.png,940,36,1620,100,5e9e0135de9f40435d5ddfae5367e022eb72461af5c0a2fd0edf719f3d18b39d
session_20260710_061220,512,PRESS_INSTRUCTION,assets/replay/sessions/session_20260710_061220/frames/000512.jpg,crops/session_20260710_061220/000512.png,940,36,1620,100,0c10bf2b553b234b929e734ce3c58bfe46deeab2b7f78c80744f5a41e858aecb
session_20260710_061220,513,PRESS_INSTRUCTION,assets/replay/sessions/session_20260710_061220/frames/000513.jpg,crops/session_20260710_061220/000513.png,940,36,1620,100,e8777763d6a86596740dd3e71e1e99e40cf3b0a0cc1361e3ff4114179631707e
session_20260710_061220,514,PRESS_INSTRUCTION,assets/replay/sessions/session_20260710_061220/frames/000514.jpg,crops/session_20260710_061220/000514.png,940,36,1620,100,9d163791275a5a4b61b6b9f056900e7cfb433820576473e7e0fa3da5d3cafa0d
session_20260710_061220,515,IGNORE,assets/replay/sessions/session_20260710_061220/frames/000515.jpg,crops/session_20260710_061220/000515.png,940,36,1620,100,9d819bf3a75e5de0f385fcb53fb33cfe1aab90ff8300aa3a9401818cbe9a1d94
session_20260710_061220,516,IGNORE,assets/replay/sessions/session_20260710_061220/frames/000516.jpg,crops/session_20260710_061220/000516.png,940,36,1620,100,cc1fc37010b3309c17d6796672bb3966affa06e1cc21ac941faae773da81fee5
session_20260710_061220,517,IGNORE,assets/replay/sessions/session_20260710_061220/frames/000517.jpg,crops/session_20260710_061220/000517.png,940,36,1620,100,387a105f21fbb99111afb1a3e27e1898710016789aaa3198ec81d0d150171c32
session_20260710_061220,518,IGNORE,assets/replay/sessions/session_20260710_061220/frames/000518.jpg,crops/session_20260710_061220/000518.png,940,36,1620,100,dfc71c042855623ae1d33bd661d6af061a82024641d67152abf2b47b9db5d005
session_20260710_061220,519,IGNORE,assets/replay/sessions/session_20260710_061220/frames/000519.jpg,crops/session_20260710_061220/000519.png,940,36,1620,100,5ad1a35ee11e10c63344578ab5fb79f510a64a043d51f4bc7870fabeb64df066
session_20260710_061220,520,IGNORE,assets/replay/sessions/session_20260710_061220/frames/000520.jpg,crops/session_20260710_061220/000520.png,940,36,1620,100,26b6489f823a62a73e1ff88461910c745e5c1733117490c6e2e845d05e4b58b2
session_20260710_061220,521,IGNORE,assets/replay/sessions/session_20260710_061220/frames/000521.jpg,crops/session_20260710_061220/000521.png,940,36,1620,100,a6ccb32116c6b30721e8db23e4128569fe86c5b6489be3b93d811ead202d18d3
session_20260710_061220,522,IGNORE,assets/replay/sessions/session_20260710_061220/frames/000522.jpg,crops/session_20260710_061220/000522.png,940,36,1620,100,b458839e779a5ddd31ef859364d0098a942236f062733fec42c6b5cf6d1f0ace
session_20260710_061220,523,IGNORE,assets/replay/sessions/session_20260710_061220/frames/000523.jpg,crops/session_20260710_061220/000523.png,940,36,1620,100,bfc977e228392dd0dc2b71a3d2c82c9e383ab7d823d3efbc456a2637a4269df8
session_20260710_061220,524,IGNORE,assets/replay/sessions/session_20260710_061220/frames/000524.jpg,crops/session_20260710_061220/000524.png,940,36,1620,100,3509510acfe8a8ecb34e569aff2d0ecfaf6c6c796a56cb088f9aea791b412e32
session_20260710_061220,525,IGNORE,assets/replay/sessions/session_20260710_061220/frames/000525.jpg,crops/session_20260710_061220/000525.png,940,36,1620,100,959367d1944ecbcfcc2e73b41cdbb7ffb533a6400e214b12350e2a0b49a27544
session_20260710_061220,526,IGNORE,assets/replay/sessions/session_20260710_061220/frames/000526.jpg,crops/session_20260710_061220/000526.png,940,36,1620,100,110645d6ba583e93376cf1df81bffed0dd99b9df066f959fad26df65a3a324bb
session_20260710_061220,527,IGNORE,assets/replay/sessions/session_20260710_061220/frames/000527.jpg,crops/session_20260710_061220/000527.png,940,36,1620,100,20e79e05539354d2ca3df4f8d6f0121e50ae9f5c2c28965859d4951cd923e1d6
session_20260710_061220,528,IGNORE,assets/replay/sessions/session_20260710_061220/frames/000528.jpg,crops/session_20260710_061220/000528.png,940,36,1620,100,7ce7bf4fbb2b2f299ed14325d0528058361add0eafa1cbeb43674e695149a1c7
session_20260710_061220,529,IGNORE,assets/replay/sessions/session_20260710_061220/frames/000529.jpg,crops/session_20260710_061220/000529.png,940,36,1620,100,069a75f25c83ace4b51b0681b6bd7f7787d9a31e01af535c9d10cb5427daefb4
session_20260710_061220,530,IDLE_CAST,assets/replay/sessions/session_20260710_061220/frames/000530.jpg,crops/session_20260710_061220/000530.png,940,36,1620,100,a0d5f8055af247f49b219ec4dde2127721f0de69eb826118b50d1618440a2d1c
session_20260710_061220,531,IDLE_CAST,assets/replay/sessions/session_20260710_061220/frames/000531.jpg,crops/session_20260710_061220/000531.png,940,36,1620,100,12afc1ff9670ad413195d862af4fcdfe272acbc3eec1ed373de9416bf7de07ef
session_20260710_061220,532,IDLE_CAST,assets/replay/sessions/session_20260710_061220/frames/000532.jpg,crops/session_20260710_061220/000532.png,940,36,1620,100,8d75168dc6ea4af48fc808f878e48ad8a976c1d61ca263b24ffbf12cdd80d2ab
session_20260710_061220,533,IDLE_CAST,assets/replay/sessions/session_20260710_061220/frames/000533.jpg,crops/session_20260710_061220/000533.png,940,36,1620,100,71786b0116bcb382713ea3ee5b3a1cc53ea84066631286e79f13dda06aa1593b
session_20260710_061220,534,IDLE_CAST,assets/replay/sessions/session_20260710_061220/frames/000534.jpg,crops/session_20260710_061220/000534.png,940,36,1620,100,25b5e523df7ea65b2c18e39d21be6b05c1c5dce0a0a043eb718dda6710143e0d
session_20260710_061220,535,IDLE_CAST,assets/replay/sessions/session_20260710_061220/frames/000535.jpg,crops/session_20260710_061220/000535.png,940,36,1620,100,ca5bf0f6bfb7a3bac66a894829223905624032b9703f6c2156d4369751abfd41
session_20260710_061220,536,IDLE_CAST,assets/replay/sessions/session_20260710_061220/frames/000536.jpg,crops/session_20260710_061220/000536.png,940,36,1620,100,0e4263e9fd8cc0ce20098bb1f6e4b87990f39f5c89bec166c5ca793a75168e31
session_20260710_061220,537,IDLE_CAST,assets/replay/sessions/session_20260710_061220/frames/000537.jpg,crops/session_20260710_061220/000537.png,940,36,1620,100,407734d8430aa4eed698fd44201d7586aa830a8b1dd62890ec04ba23c852bb66
session_20260710_061220,538,IDLE_CAST,assets/replay/sessions/session_20260710_061220/frames/000538.jpg,crops/session_20260710_061220/000538.png,940,36,1620,100,317dec640e261de1027c8acc53cbb89e9ce4655bfccfee4b7fa54853a243df94
session_20260710_061220,539,IDLE_CAST,assets/replay/sessions/session_20260710_061220/frames/000539.jpg,crops/session_20260710_061220/000539.png,940,36,1620,100,23b35e5cde129a9d56442ddaad7d5a389dcb99acb9ce48a266ad02e0ada522a7
session_20260710_061220,540,IDLE_CAST,assets/replay/sessions/session_20260710_061220/frames/000540.jpg,crops/session_20260710_061220/000540.png,940,36,1620,100,62588928be043042846fa093a9b7a1e8ca7300d20a7e93b7cfdd67061c4a5234
session_20260710_061220,541,IDLE_CAST,assets/replay/sessions/session_20260710_061220/frames/000541.jpg,crops/session_20260710_061220/000541.png,940,36,1620,100,0a6d8ec884f2dfe0f0e1a0c223b90e8fa22cd8eab777f4c1c27820a056b73c3b
session_20260710_061220,542,IDLE_CAST,assets/replay/sessions/session_20260710_061220/frames/000542.jpg,crops/session_20260710_061220/000542.png,940,36,1620,100,733f0c65867dd0fb97d0529152911086357b77e7c3a595aa0a11a0de74731247
session_20260710_061220,543,IDLE_CAST,assets/replay/sessions/session_20260710_061220/frames/000543.jpg,crops/session_20260710_061220/000543.png,940,36,1620,100,27f2be16ca4b338f931697b0a1fb5b12d6af5976475f92bec8753613471ab2c7
session_20260710_061220,544,IDLE_CAST,assets/replay/sessions/session_20260710_061220/frames/000544.jpg,crops/session_20260710_061220/000544.png,940,36,1620,100,87ade4132e7a0c4dd76146863a6b5f56902acebd213684b6a9d5218da04e2948
session_20260710_061220,545,IDLE_CAST,assets/replay/sessions/session_20260710_061220/frames/000545.jpg,crops/session_20260710_061220/000545.png,940,36,1620,100,793f779341874613f05c670563d1adc7e70621d8f79ab7fcb231ce71ddbf2117
session_20260710_061220,546,IDLE_CAST,assets/replay/sessions/session_20260710_061220/frames/000546.jpg,crops/session_20260710_061220/000546.png,940,36,1620,100,fea0409e44931975359929bebc2eab32d1aa78dbf125fd780b80d36312cb3db5
session_20260710_061220,547,IDLE_CAST,assets/replay/sessions/session_20260710_061220/frames/000547.jpg,crops/session_20260710_061220/000547.png,940,36,1620,100,974a24a395f19d3d879e8ca39556331b85df1012e3de6b68a7c57bba32cae635
session_20260710_061220,548,IDLE_CAST,assets/replay/sessions/session_20260710_061220/frames/000548.jpg,crops/session_20260710_061220/000548.png,940,36,1620,100,c78d2a193670e385fc33a898a3c5d02e6170cba6eb281596164b37c0ecf7b741
session_20260710_061220,549,IDLE_CAST,assets/replay/sessions/session_20260710_061220/frames/000549.jpg,crops/session_20260710_061220/000549.png,940,36,1620,100,91cd89a14636a4a50bc22be9e22ef320a761ca27b486f76fb04fbef425954359
session_20260710_061220,550,IDLE_CAST,assets/replay/sessions/session_20260710_061220/frames/000550.jpg,crops/session_20260710_061220/000550.png,940,36,1620,100,0e4e1b10b711430473d127510b0287e89f0cf133d97d2bebdb16dc13a7873d8d
session_20260710_061220,551,IDLE_CAST,assets/replay/sessions/session_20260710_061220/frames/000551.jpg,crops/session_20260710_061220/000551.png,940,36,1620,100,089cbb6f8fe6b505af5d97d3c5abb493f357a419da5896af273e4bf34ec673c9
session_20260710_061220,552,IDLE_CAST,assets/replay/sessions/session_20260710_061220/frames/000552.jpg,crops/session_20260710_061220/000552.png,940,36,1620,100,c221a51a570208ada5193bcd780eceaa1c80b78f3857047a49a4d0effdd1b436
session_20260710_061220,553,IDLE_CAST,assets/replay/sessions/session_20260710_061220/frames/000553.jpg,crops/session_20260710_061220/000553.png,940,36,1620,100,da289707f3a0642adf0af147833ed12c47d112f6f0f8a2013f0acc007f319ca1
session_20260710_061220,554,IDLE_CAST,assets/replay/sessions/session_20260710_061220/frames/000554.jpg,crops/session_20260710_061220/000554.png,940,36,1620,100,ff77a24df9ba934751fe4f1131c07ad1bbc07d1ff1f8c9b38d906b017d748b19
session_20260710_061220,555,IDLE_CAST,assets/replay/sessions/session_20260710_061220/frames/000555.jpg,crops/session_20260710_061220/000555.png,940,36,1620,100,c044437c3921871ab0a20501b94668a67aeb76f55908e3a0a296cbe0e083db55
session_20260710_061220,556,IDLE_CAST,assets/replay/sessions/session_20260710_061220/frames/000556.jpg,crops/session_20260710_061220/000556.png,940,36,1620,100,ed562070fa87a86fe6e014af91ae5dbfb54435dc226b01b9ced3a408c80935f8
session_20260710_061220,557,IDLE_CAST,assets/replay/sessions/session_20260710_061220/frames/000557.jpg,crops/session_20260710_061220/000557.png,940,36,1620,100,44ba3dcb3a25b0e0fd46f73da757021f1ed1af2ccab9a0946951a89dd9b40ce4
session_20260710_061220,558,IDLE_CAST,assets/replay/sessions/session_20260710_061220/frames/000558.jpg,crops/session_20260710_061220/000558.png,940,36,1620,100,0bda50b1376004ecb7b1ec2efa392445b2b37620b7f86c35e3ad588b224d227c
session_20260710_061220,559,WAITING_IN_PROGRESS,assets/replay/sessions/session_20260710_061220/frames/000559.jpg,crops/session_20260710_061220/000559.png,940,36,1620,100,e7b1e81350d0baa91ffaf03289c819df74ea0db0c04ee22d14a66df7d076a028
session_20260710_061220,560,WAITING_IN_PROGRESS,assets/replay/sessions/session_20260710_061220/frames/000560.jpg,crops/session_20260710_061220/000560.png,940,36,1620,100,7ac2250df5d46d1d6848c5251fd1826f674f960013cece782dafce14aa2974a6
session_20260710_061220,561,WAITING_IN_PROGRESS,assets/replay/sessions/session_20260710_061220/frames/000561.jpg,crops/session_20260710_061220/000561.png,940,36,1620,100,cc21eb61050318ff1304e2d7ba3f78dd40ac9ff4e291158dad2707fe3c0f6b54
session_20260710_061220,562,WAITING_IN_PROGRESS,assets/replay/sessions/session_20260710_061220/frames/000562.jpg,crops/session_20260710_061220/000562.png,940,36,1620,100,7892e06a7b7f2c40fa4b57126f4756fd01676374eba792eaa0220fc061e29e2c
session_20260710_061220,563,WAITING_IN_PROGRESS,assets/replay/sessions/session_20260710_061220/frames/000563.jpg,crops/session_20260710_061220/000563.png,940,36,1620,100,45f016381910a0f1ba27f40bcb266055c582b08ea2db5ffcf188276c88d837d6
session_20260710_061220,564,WAITING_IN_PROGRESS,assets/replay/sessions/session_20260710_061220/frames/000564.jpg,crops/session_20260710_061220/000564.png,940,36,1620,100,cce6f76a6aa76bde4173d2a3fbb53323b810585f922eb94e2662d4a7f459f279
session_20260710_061220,565,WAITING_IN_PROGRESS,assets/replay/sessions/session_20260710_061220/frames/000565.jpg,crops/session_20260710_061220/000565.png,940,36,1620,100,9e0459afbb503770729735aff52fa4eda62e039eb2c193cd86df594f5eb6a7ae
session_20260710_061220,566,WAITING_IN_PROGRESS,assets/replay/sessions/session_20260710_061220/frames/000566.jpg,crops/session_20260710_061220/000566.png,940,36,1620,100,65a04f6c9cedc0a48fc6c8d672108dd9513c197023b7207bc013e6ef01365d03
session_20260710_061220,567,WAITING_IN_PROGRESS,assets/replay/sessions/session_20260710_061220/frames/000567.jpg,crops/session_20260710_061220/000567.png,940,36,1620,100,5abcd98f69d7318c6557e548d98def28b4eaefd68d99953674a2727e4739fadf
session_20260710_061220,568,WAITING_IN_PROGRESS,assets/replay/sessions/session_20260710_061220/frames/000568.jpg,crops/session_20260710_061220/000568.png,940,36,1620,100,f6e606b0c55b2016a0ef73a88cff990e10b1163df79295aa90f35b0c96611f1a
session_20260710_061220,569,WAITING_IN_PROGRESS,assets/replay/sessions/session_20260710_061220/frames/000569.jpg,crops/session_20260710_061220/000569.png,940,36,1620,100,24ccbd6d6357edb1bfaf610a25bb5e80873bad9aa68e1cfc908be9189c5f22a1
session_20260710_061220,570,WAITING_IN_PROGRESS,assets/replay/sessions/session_20260710_061220/frames/000570.jpg,crops/session_20260710_061220/000570.png,940,36,1620,100,4143ad612873bc447b9e2490d1e5c25f12178a78a6fec123af3f00ace940be55
session_20260710_061220,571,WAITING_IN_PROGRESS,assets/replay/sessions/session_20260710_061220/frames/000571.jpg,crops/session_20260710_061220/000571.png,940,36,1620,100,cefd26d3f27aca73b0b0a9d473e84b0bc180877dd3e8c63e42351367f753e254
session_20260710_061220,572,WAITING_IN_PROGRESS,assets/replay/sessions/session_20260710_061220/frames/000572.jpg,crops/session_20260710_061220/000572.png,940,36,1620,100,7641b17b584552c19890d19a142105653f207522033e0bf9fe607614e92aae38
session_20260710_061220,573,WAITING_IN_PROGRESS,assets/replay/sessions/session_20260710_061220/frames/000573.jpg,crops/session_20260710_061220/000573.png,940,36,1620,100,3a80ff8846989432284781560a16098141a01496fefb01aeb01959463cf0bc67
session_20260710_061220,574,WAITING_IN_PROGRESS,assets/replay/sessions/session_20260710_061220/frames/000574.jpg,crops/session_20260710_061220/000574.png,940,36,1620,100,ac6ec1a93f4b9943320f1df9a3b93842fd54c0cbe061e5bd2b999c41c218c9a2
session_20260710_061220,575,WAITING_IN_PROGRESS,assets/replay/sessions/session_20260710_061220/frames/000575.jpg,crops/session_20260710_061220/000575.png,940,36,1620,100,1e0c511e3355e3209a29baf3aeb6c922804f9fe8a5940d137e7cf86b10496c49
session_20260710_061220,576,WAITING_IN_PROGRESS,assets/replay/sessions/session_20260710_061220/frames/000576.jpg,crops/session_20260710_061220/000576.png,940,36,1620,100,c061a5352b94c19036559292879adbf37730c53457fe4136bf2bb6f2b06ce9bf
session_20260710_061220,577,WAITING_IN_PROGRESS,assets/replay/sessions/session_20260710_061220/frames/000577.jpg,crops/session_20260710_061220/000577.png,940,36,1620,100,e15e6aa6e1868b74a9ef655dd595154cf78ee65f41e3dfa8e55186ffafbe8713
session_20260710_061220,578,WAITING_IN_PROGRESS,assets/replay/sessions/session_20260710_061220/frames/000578.jpg,crops/session_20260710_061220/000578.png,940,36,1620,100,e53c17c8eb330744b237b3c0aa8c3cf7cae610574542d21182916b32d3e12ef8
session_20260710_061220,579,WAITING_IN_PROGRESS,assets/replay/sessions/session_20260710_061220/frames/000579.jpg,crops/session_20260710_061220/000579.png,940,36,1620,100,652ad8f5198747834d97d97d8a8252ad8c19a28618a2cad881498ab2a1d1de8c
session_20260710_061220,580,WAITING_IN_PROGRESS,assets/replay/sessions/session_20260710_061220/frames/000580.jpg,crops/session_20260710_061220/000580.png,940,36,1620,100,6cb0af5ce0fdeda467c740518e6bd89fcff0e51b926821a7de8133eaa3431fa8
session_20260710_061220,581,WAITING_IN_PROGRESS,assets/replay/sessions/session_20260710_061220/frames/000581.jpg,crops/session_20260710_061220/000581.png,940,36,1620,100,ee47d74bfae41739f26ac78fef22e84ce5c856e87fedae85ae9ad7d15368b6ef
session_20260710_061220,582,WAITING_IN_PROGRESS,assets/replay/sessions/session_20260710_061220/frames/000582.jpg,crops/session_20260710_061220/000582.png,940,36,1620,100,8f679fcf2d0f3879f1dba1396630cb02e104aa8ae08145189f8f67962fcb941d
session_20260710_061220,583,WAITING_IN_PROGRESS,assets/replay/sessions/session_20260710_061220/frames/000583.jpg,crops/session_20260710_061220/000583.png,940,36,1620,100,e8c8e8211e0ff8397255a802bda0593fa1982ce498d21f224c3f42e42a58d7bf
session_20260710_061220,584,WAITING_IN_PROGRESS,assets/replay/sessions/session_20260710_061220/frames/000584.jpg,crops/session_20260710_061220/000584.png,940,36,1620,100,24e18fd137584f9dbc8792f081e622418cb3a61399e88559a915292e0497c457
session_20260710_061220,585,WAITING_IN_PROGRESS,assets/replay/sessions/session_20260710_061220/frames/000585.jpg,crops/session_20260710_061220/000585.png,940,36,1620,100,8cc6dfebde7d26c3d04ebd7c6d776c806ad9b2f12bea71a38f4ec882a52ad195
session_20260710_061220,586,WAITING_IN_PROGRESS,assets/replay/sessions/session_20260710_061220/frames/000586.jpg,crops/session_20260710_061220/000586.png,940,36,1620,100,ffe91b6e5ba8e2f51ff5da243314acad3073a1e3e116882323c13e0cfcf264b4
session_20260710_061220,587,WAITING_IN_PROGRESS,assets/replay/sessions/session_20260710_061220/frames/000587.jpg,crops/session_20260710_061220/000587.png,940,36,1620,100,1a9b0a88b3686f8e54553e1429680cd475cbd32c2fc89606dc0743aef53f46e8
session_20260710_061220,588,WAITING_IN_PROGRESS,assets/replay/sessions/session_20260710_061220/frames/000588.jpg,crops/session_20260710_061220/000588.png,940,36,1620,100,68bb99e82ac91ec1a7441d5243c7eb4834fcad82ed85665d0c51745fe31b9cb2
session_20260710_061220,589,WAITING_IN_PROGRESS,assets/replay/sessions/session_20260710_061220/frames/000589.jpg,crops/session_20260710_061220/000589.png,940,36,1620,100,b01fa6aed95a9f66a031d9ece889438216ca5a188e76d877c82b751108cedadf
session_20260710_061220,590,WAITING_IN_PROGRESS,assets/replay/sessions/session_20260710_061220/frames/000590.jpg,crops/session_20260710_061220/000590.png,940,36,1620,100,cf97672bba6e6653f5305ae579882342dcff91e17982f25757cf5b72b9d7c3ab
session_20260710_061220,591,WAITING_IN_PROGRESS,assets/replay/sessions/session_20260710_061220/frames/000591.jpg,crops/session_20260710_061220/000591.png,940,36,1620,100,fb07424857e0e5677cfbfb676a3533ba1f78ec33d39f56be99dd465b9c7ad0cd
session_20260710_061220,592,WAITING_IN_PROGRESS,assets/replay/sessions/session_20260710_061220/frames/000592.jpg,crops/session_20260710_061220/000592.png,940,36,1620,100,201960c7c6636636635a08fcf8a280f71f050eee73e5c068644a712b7eb315d8
session_20260710_061220,593,WAITING_IN_PROGRESS,assets/replay/sessions/session_20260710_061220/frames/000593.jpg,crops/session_20260710_061220/000593.png,940,36,1620,100,69c8353adaecaadd708bfcd19e2804d41d44ab72a6e561bc30ffdbcb8b483b4a
session_20260710_061220,594,WAITING_IN_PROGRESS,assets/replay/sessions/session_20260710_061220/frames/000594.jpg,crops/session_20260710_061220/000594.png,940,36,1620,100,448abc65bba5214bd5537608cce2e6108e3ab1e29db6a05be40add03c7c4e0c2
session_20260710_061220,595,WAITING_IN_PROGRESS,assets/replay/sessions/session_20260710_061220/frames/000595.jpg,crops/session_20260710_061220/000595.png,940,36,1620,100,ff265e588e017134da54acd7cf0a210e4ed70192c40f05ecf5efa1de2abf309b
session_20260710_061220,596,WAITING_IN_PROGRESS,assets/replay/sessions/session_20260710_061220/frames/000596.jpg,crops/session_20260710_061220/000596.png,940,36,1620,100,f3f1dfc478e81fe2293c4678ecd78d888990607fc5109292fbf83851b01f4618
session_20260710_061220,597,WAITING_IN_PROGRESS,assets/replay/sessions/session_20260710_061220/frames/000597.jpg,crops/session_20260710_061220/000597.png,940,36,1620,100,1bafdf947f029a76a405017b32a8bfb641f34a5dc3047e882069d384ec3b90df
session_20260710_061220,598,WAITING_IN_PROGRESS,assets/replay/sessions/session_20260710_061220/frames/000598.jpg,crops/session_20260710_061220/000598.png,940,36,1620,100,bd10b3c4169b0db736b4f5b96e72b0e9e8596cb0228a7d82fbd6820aa4a84709
session_20260710_061220,599,WAITING_IN_PROGRESS,assets/replay/sessions/session_20260710_061220/frames/000599.jpg,crops/session_20260710_061220/000599.png,940,36,1620,100,19b9f3160d20ffd3ecca0e1e84fce35bf9de3b5e21ddb270a9c1629f054b173e
session_20260710_061220,600,WAITING_IN_PROGRESS,assets/replay/sessions/session_20260710_061220/frames/000600.jpg,crops/session_20260710_061220/000600.png,940,36,1620,100,e12bbb47e1d5692626d21e915ed9967a315f1d1a96fc437db32f62277371810b
session_20260710_123210,1,IDLE_CAST,assets/replay/sessions/session_20260710_123210/frames/000001.jpg,crops/session_20260710_123210/000001.png,940,36,1620,100,c09b69b275314d95102e50fc6fd95c15f62b7e46433d994255af0e9a67daa3a7
session_20260710_123210,2,IDLE_CAST,assets/replay/sessions/session_20260710_123210/frames/000002.jpg,crops/session_20260710_123210/000002.png,940,36,1620,100,1ffc8dd510db655de6762913ef9d92c8ab8c5ad275a4ed15a3598b67b334852a
session_20260710_123210,3,IDLE_CAST,assets/replay/sessions/session_20260710_123210/frames/000003.jpg,crops/session_20260710_123210/000003.png,940,36,1620,100,20844d7f85b7f40457f722f1acf5494d59a3ab0e3f288027c92d6741f5e539ee
session_20260710_123210,4,IDLE_CAST,assets/replay/sessions/session_20260710_123210/frames/000004.jpg,crops/session_20260710_123210/000004.png,940,36,1620,100,5e404ecc2f5f117e061f19ad210872772e4479191b505ca197352ddc1f782e25
session_20260710_123210,5,IDLE_CAST,assets/replay/sessions/session_20260710_123210/frames/000005.jpg,crops/session_20260710_123210/000005.png,940,36,1620,100,d95b59dafd7295c9d3507b4e94641ab6bbda9c2ed021d42071c027b4e024094a
session_20260710_123210,6,IDLE_CAST,assets/replay/sessions/session_20260710_123210/frames/000006.jpg,crops/session_20260710_123210/000006.png,940,36,1620,100,bc1446406b74a7be0627ff66ecb23e7bcc268950529c0713fb92de4132e4e87f
session_20260710_123210,7,IDLE_CAST,assets/replay/sessions/session_20260710_123210/frames/000007.jpg,crops/session_20260710_123210/000007.png,940,36,1620,100,2a1f4f1708657264edb4ce793aaf3002ac2b455fe663d5099bffdb14e91362c2
session_20260710_123210,8,IDLE_CAST,assets/replay/sessions/session_20260710_123210/frames/000008.jpg,crops/session_20260710_123210/000008.png,940,36,1620,100,4bbd8149857a3f294452cb2765ffae3ff2e79fd0a18026454a1079fc3494b13f
session_20260710_123210,9,IDLE_CAST,assets/replay/sessions/session_20260710_123210/frames/000009.jpg,crops/session_20260710_123210/000009.png,940,36,1620,100,a1dee94360ca0984a664fe6769b62f5dc7bad6cb6364aa770eb941294afc87e2
session_20260710_123210,10,IDLE_CAST,assets/replay/sessions/session_20260710_123210/frames/000010.jpg,crops/session_20260710_123210/000010.png,940,36,1620,100,5ee9a55a5d23ec2c542092e957f91671c2cbe2dc99e01513396a5dc82971b161
session_20260710_123210,11,IDLE_CAST,assets/replay/sessions/session_20260710_123210/frames/000011.jpg,crops/session_20260710_123210/000011.png,940,36,1620,100,6e69f34819394b5e2e6dbb2a5ddee7f665ce99426d21e67020da3e29e1ad47af
session_20260710_123210,12,IDLE_CAST,assets/replay/sessions/session_20260710_123210/frames/000012.jpg,crops/session_20260710_123210/000012.png,940,36,1620,100,b2bc3976b0b402285ebede4b12f044334a215739bfcecfb43693ab878ac3d0db
session_20260710_123210,13,IDLE_CAST,assets/replay/sessions/session_20260710_123210/frames/000013.jpg,crops/session_20260710_123210/000013.png,940,36,1620,100,3e2844a96fd4d9b1f2dcb145a5b4b9f71e19876c994a4f6be2804e69fac1e086
session_20260710_123210,14,IDLE_CAST,assets/replay/sessions/session_20260710_123210/frames/000014.jpg,crops/session_20260710_123210/000014.png,940,36,1620,100,8cb5d11f431b3f1dff970683fc55d590f2132fd19dfb54b9823b3904a1b35969
session_20260710_123210,15,IDLE_CAST,assets/replay/sessions/session_20260710_123210/frames/000015.jpg,crops/session_20260710_123210/000015.png,940,36,1620,100,72ebf4e0ee94211aada7e0a3294055e2e53d4e1058eb133c0b1910a30f304c80
session_20260710_123210,16,IDLE_CAST,assets/replay/sessions/session_20260710_123210/frames/000016.jpg,crops/session_20260710_123210/000016.png,940,36,1620,100,f84b6e982fe38b4d4cd9afb0014b113e82efdcf11db79798bbd58fa3d1eeea10
session_20260710_123210,17,IDLE_CAST,assets/replay/sessions/session_20260710_123210/frames/000017.jpg,crops/session_20260710_123210/000017.png,940,36,1620,100,708eda944383effd088c10e49851a80b8052a699c0611ce37595caafccd1c88d
session_20260710_123210,18,IDLE_CAST,assets/replay/sessions/session_20260710_123210/frames/000018.jpg,crops/session_20260710_123210/000018.png,940,36,1620,100,be6c840495362a24ee99c4db4dc903afe3b3444ab80a6546e0443b41b64f7511
session_20260710_123210,19,IDLE_CAST,assets/replay/sessions/session_20260710_123210/frames/000019.jpg,crops/session_20260710_123210/000019.png,940,36,1620,100,50ef28b4813af70a03a85b366f2308d2b3bd197413f42651606798d117e94f0d
session_20260710_123210,20,IDLE_CAST,assets/replay/sessions/session_20260710_123210/frames/000020.jpg,crops/session_20260710_123210/000020.png,940,36,1620,100,7213d9add8c7c4c52f792ae535f0eb2f3a8124f80ac87d93f35d416bb6b91d4c
session_20260710_123210,21,IDLE_CAST,assets/replay/sessions/session_20260710_123210/frames/000021.jpg,crops/session_20260710_123210/000021.png,940,36,1620,100,f941e722de86c60caed9198eaeb003b8af1f4f5299bd184f4424bd11210975e7
session_20260710_123210,22,IDLE_CAST,assets/replay/sessions/session_20260710_123210/frames/000022.jpg,crops/session_20260710_123210/000022.png,940,36,1620,100,0e1da3b25ddc3f727b03340b9771d55376b9f18d19281a535f22d48bb40da6a4
session_20260710_123210,23,IDLE_CAST,assets/replay/sessions/session_20260710_123210/frames/000023.jpg,crops/session_20260710_123210/000023.png,940,36,1620,100,e7bd3ed99fc843a40457d678b13b3352b5835ba4fb66d31107d7dc471f1d5b16
session_20260710_123210,24,IDLE_CAST,assets/replay/sessions/session_20260710_123210/frames/000024.jpg,crops/session_20260710_123210/000024.png,940,36,1620,100,ac84f24431ac4d2c6d731f55fbdbc927731d9d92d4fac47f59b68e53f1e6d799
session_20260710_123210,25,IDLE_CAST,assets/replay/sessions/session_20260710_123210/frames/000025.jpg,crops/session_20260710_123210/000025.png,940,36,1620,100,efa30ce832b03f83e0ca1557e6902a9d9f0f24823ef6cc9021618297d8798211
session_20260710_123210,26,IDLE_CAST,assets/replay/sessions/session_20260710_123210/frames/000026.jpg,crops/session_20260710_123210/000026.png,940,36,1620,100,af8923402b99721aa905e4c26b12a0d39d63be148db267a4c576a0dcc6dce3a3
session_20260710_123210,27,IDLE_CAST,assets/replay/sessions/session_20260710_123210/frames/000027.jpg,crops/session_20260710_123210/000027.png,940,36,1620,100,12e508b51f8ba6800a700b45e9c81ddf4bcf618910582bce7f38b20d226cf0ab
session_20260710_123210,28,IDLE_CAST,assets/replay/sessions/session_20260710_123210/frames/000028.jpg,crops/session_20260710_123210/000028.png,940,36,1620,100,86882cbf5de66c8e8441d766f9d28ad564bd0effd0efe2006701cee300d87da2
session_20260710_123210,29,IDLE_CAST,assets/replay/sessions/session_20260710_123210/frames/000029.jpg,crops/session_20260710_123210/000029.png,940,36,1620,100,99bd209a7f53dd45b97a1bc27dd93497956f4357a998ba6df50d88766a366107
session_20260710_123210,30,IDLE_CAST,assets/replay/sessions/session_20260710_123210/frames/000030.jpg,crops/session_20260710_123210/000030.png,940,36,1620,100,b8342bfe40f869c0041330f98e52c85902ffa43186e8db7fe7e3a64523a3bfbc
session_20260710_123210,31,IDLE_CAST,assets/replay/sessions/session_20260710_123210/frames/000031.jpg,crops/session_20260710_123210/000031.png,940,36,1620,100,3d428685aa5e6fa18659adcd510883d8706ef2b8a7473814ed4b8544f8a25b51
session_20260710_123210,32,IDLE_CAST,assets/replay/sessions/session_20260710_123210/frames/000032.jpg,crops/session_20260710_123210/000032.png,940,36,1620,100,aea720da640437d99b722122d49fa23bf5206bd955229b2d92b025e870ab8121
session_20260710_123210,33,IDLE_CAST,assets/replay/sessions/session_20260710_123210/frames/000033.jpg,crops/session_20260710_123210/000033.png,940,36,1620,100,41e0a03baa7dee8b6932a02d810a2d3d08eadf4db770782ce5272ee80b3fac56
session_20260710_123210,34,IDLE_CAST,assets/replay/sessions/session_20260710_123210/frames/000034.jpg,crops/session_20260710_123210/000034.png,940,36,1620,100,8ec5a35e16e08f13d13259d933714524a1ed883f3e3a239a40387ad6ad7e9067
session_20260710_123210,35,IDLE_CAST,assets/replay/sessions/session_20260710_123210/frames/000035.jpg,crops/session_20260710_123210/000035.png,940,36,1620,100,d0f4210523c04f0e35edb09fea11bbd55e88a6057ac9762a29a86befdca6f924
session_20260710_123210,36,IDLE_CAST,assets/replay/sessions/session_20260710_123210/frames/000036.jpg,crops/session_20260710_123210/000036.png,940,36,1620,100,f08e39c7353c5cb02ee214c58fdcea4de297c8b50e1579acff8a2b59f6e71428
session_20260710_123210,37,IDLE_CAST,assets/replay/sessions/session_20260710_123210/frames/000037.jpg,crops/session_20260710_123210/000037.png,940,36,1620,100,7b3e2cb1134ff70666a6633cca25c1e71d1bc9d83eb994b9301070fc9b830efa
session_20260710_123210,38,IDLE_CAST,assets/replay/sessions/session_20260710_123210/frames/000038.jpg,crops/session_20260710_123210/000038.png,940,36,1620,100,10df44388ea12a11693af96bf0bf10038b2efcfddb32fcbc7174e82050ea0dda
session_20260710_123210,39,IDLE_CAST,assets/replay/sessions/session_20260710_123210/frames/000039.jpg,crops/session_20260710_123210/000039.png,940,36,1620,100,e5304f3ce012c7038c344c86b6a9ff43a49be52411f57314c52c8f5e34a43880
session_20260710_123210,40,IDLE_CAST,assets/replay/sessions/session_20260710_123210/frames/000040.jpg,crops/session_20260710_123210/000040.png,940,36,1620,100,db1e449ae444c1b104c975b60653832e9157ce5855898a7407cb6e1ebb5a0ff2
session_20260710_123210,41,IDLE_CAST,assets/replay/sessions/session_20260710_123210/frames/000041.jpg,crops/session_20260710_123210/000041.png,940,36,1620,100,253b324a2a3ff56a8582c9f003c39ef0f99f634729a24e575aac342acea53d9b
session_20260710_123210,42,IDLE_CAST,assets/replay/sessions/session_20260710_123210/frames/000042.jpg,crops/session_20260710_123210/000042.png,940,36,1620,100,b9cc23cf0ede8f7c10023815dff0de453757aa19974e79b55e5fa30f5255aa89
session_20260710_123210,43,IDLE_CAST,assets/replay/sessions/session_20260710_123210/frames/000043.jpg,crops/session_20260710_123210/000043.png,940,36,1620,100,ad5ed805d4cff955037b41c1db4d6220e66ecee997e1773ca3fd16436cb19569
session_20260710_123210,44,IDLE_CAST,assets/replay/sessions/session_20260710_123210/frames/000044.jpg,crops/session_20260710_123210/000044.png,940,36,1620,100,a9a76900bacab7f7406551131976365aa02112de63dc08ba9d0de7aff2182649
session_20260710_123210,45,IDLE_CAST,assets/replay/sessions/session_20260710_123210/frames/000045.jpg,crops/session_20260710_123210/000045.png,940,36,1620,100,ef762bd50ab1605807b76dd2c7e72413bf046e7b850d7ef5a974dba97638265e
session_20260710_123210,46,IDLE_CAST,assets/replay/sessions/session_20260710_123210/frames/000046.jpg,crops/session_20260710_123210/000046.png,940,36,1620,100,e1f8a55337ff38bb2a8e79f1eee0ca5806309cc3b119f0e182fc25b654b56850
session_20260710_123210,47,IDLE_CAST,assets/replay/sessions/session_20260710_123210/frames/000047.jpg,crops/session_20260710_123210/000047.png,940,36,1620,100,24ce2e2f725fb503bcefe0df99dbc00dcb07711891f44e465badb34153d564bb
session_20260710_123210,48,IDLE_CAST,assets/replay/sessions/session_20260710_123210/frames/000048.jpg,crops/session_20260710_123210/000048.png,940,36,1620,100,71fe7667c52130c799155627fd74ede8661e92bc9e10f04affbf04b99511c0f2
session_20260710_123210,49,WAITING_IN_PROGRESS,assets/replay/sessions/session_20260710_123210/frames/000049.jpg,crops/session_20260710_123210/000049.png,940,36,1620,100,ad29419a7fe135abc944e902c9714e21027f9512e006bac2e7e3b1300e658ab6
session_20260710_123210,50,WAITING_IN_PROGRESS,assets/replay/sessions/session_20260710_123210/frames/000050.jpg,crops/session_20260710_123210/000050.png,940,36,1620,100,f87363fe5989bb0cbfcfd220e0b9f42fdb2533f719f3e7afcce8d6077770c681
session_20260710_123210,51,WAITING_IN_PROGRESS,assets/replay/sessions/session_20260710_123210/frames/000051.jpg,crops/session_20260710_123210/000051.png,940,36,1620,100,9e7d06fd56e057a764f081c80ef239397223315f3720cd4ac1292cb2cf9d994d
session_20260710_123210,52,WAITING_IN_PROGRESS,assets/replay/sessions/session_20260710_123210/frames/000052.jpg,crops/session_20260710_123210/000052.png,940,36,1620,100,2ccc198bde42a319a76458a91ac57ce0b9951c5b977c55ba5fbe7a69f0bb3e5c
session_20260710_123210,53,WAITING_IN_PROGRESS,assets/replay/sessions/session_20260710_123210/frames/000053.jpg,crops/session_20260710_123210/000053.png,940,36,1620,100,d32fd7d30e0e3d3c43c55cd23a61e2721f9910bb71b809d1b422d724232601f9
session_20260710_123210,54,WAITING_IN_PROGRESS,assets/replay/sessions/session_20260710_123210/frames/000054.jpg,crops/session_20260710_123210/000054.png,940,36,1620,100,44aba828d4b708d50bfcd5f46dae6985f1d30602fdd171534af609327c70ac47
session_20260710_123210,55,WAITING_IN_PROGRESS,assets/replay/sessions/session_20260710_123210/frames/000055.jpg,crops/session_20260710_123210/000055.png,940,36,1620,100,5d11426ad16ea92698662d9c73ff0cc573187c1f9ed8481471e8fa143194b106
session_20260710_123210,56,WAITING_IN_PROGRESS,assets/replay/sessions/session_20260710_123210/frames/000056.jpg,crops/session_20260710_123210/000056.png,940,36,1620,100,69843d94413a5bcb042d3c12310709e20e829484e046450ab24f5961c8572cb2
session_20260710_123210,57,WAITING_IN_PROGRESS,assets/replay/sessions/session_20260710_123210/frames/000057.jpg,crops/session_20260710_123210/000057.png,940,36,1620,100,72a0471139a443cd725180cac62186cb9dd64f6781a80d23e1efc822764533f5
session_20260710_123210,58,WAITING_IN_PROGRESS,assets/replay/sessions/session_20260710_123210/frames/000058.jpg,crops/session_20260710_123210/000058.png,940,36,1620,100,39921aa30c8a0c2d8ce574abb280e85f8cafbe1eecd9a846e597a2137f0e5f17
session_20260710_123210,59,WAITING_IN_PROGRESS,assets/replay/sessions/session_20260710_123210/frames/000059.jpg,crops/session_20260710_123210/000059.png,940,36,1620,100,81fe1affb3ec16a361fdc40cbe2089ebc1f9d1a8da14ce3bc3f3c67d6d69d0f3
session_20260710_123210,60,WAITING_IN_PROGRESS,assets/replay/sessions/session_20260710_123210/frames/000060.jpg,crops/session_20260710_123210/000060.png,940,36,1620,100,1f692bde2cc64e4ce1020bbdbf9a924547ee2273bf8b6fbab57dd8e0087ecda4
session_20260710_123210,61,WAITING_IN_PROGRESS,assets/replay/sessions/session_20260710_123210/frames/000061.jpg,crops/session_20260710_123210/000061.png,940,36,1620,100,32f7b67e3c4987a9a37ce4a79742d5c9ab2cc1245418458615455e466c5d9f1c
session_20260710_123210,62,WAITING_IN_PROGRESS,assets/replay/sessions/session_20260710_123210/frames/000062.jpg,crops/session_20260710_123210/000062.png,940,36,1620,100,cf98542f8aabf10d02517b4c50098dec9f1eae8d3c67caa0923d4f405560bb73
session_20260710_123210,63,WAITING_IN_PROGRESS,assets/replay/sessions/session_20260710_123210/frames/000063.jpg,crops/session_20260710_123210/000063.png,940,36,1620,100,1bf3c0ab34b9dcd8de06194784ac441551eea43abba61ad6d81c123dd668acb5
session_20260710_123210,64,WAITING_IN_PROGRESS,assets/replay/sessions/session_20260710_123210/frames/000064.jpg,crops/session_20260710_123210/000064.png,940,36,1620,100,1567855beda89b55d6940ece1909fae1da267cbe1e3e057b0e79e05ac98666f6
session_20260710_123210,65,WAITING_IN_PROGRESS,assets/replay/sessions/session_20260710_123210/frames/000065.jpg,crops/session_20260710_123210/000065.png,940,36,1620,100,f1f0dad4c45bbf7baad44185bd828c565947f7b59a9962b0d24cbebd664c73d1
session_20260710_123210,66,WAITING_IN_PROGRESS,assets/replay/sessions/session_20260710_123210/frames/000066.jpg,crops/session_20260710_123210/000066.png,940,36,1620,100,c2aa4884a954001f34b978ff437e4ef7364794f7bdd9cb2bd6513da6c5d8f175
session_20260710_123210,67,WAITING_IN_PROGRESS,assets/replay/sessions/session_20260710_123210/frames/000067.jpg,crops/session_20260710_123210/000067.png,940,36,1620,100,c13f319dd9a5d5f8c5215d0b8599cb87767dc862d1d603f549ee0291785a0b92
session_20260710_123210,68,WAITING_IN_PROGRESS,assets/replay/sessions/session_20260710_123210/frames/000068.jpg,crops/session_20260710_123210/000068.png,940,36,1620,100,c0df197365905b7167621fc89dfe64ec33d2bdb164340f2d0e98f33c135b9d01
session_20260710_123210,69,WAITING_IN_PROGRESS,assets/replay/sessions/session_20260710_123210/frames/000069.jpg,crops/session_20260710_123210/000069.png,940,36,1620,100,c0b394d998db5388793a9afc9eb4ca5a759d224ecd93601c5b8ca0d97b0055f1
session_20260710_123210,70,WAITING_IN_PROGRESS,assets/replay/sessions/session_20260710_123210/frames/000070.jpg,crops/session_20260710_123210/000070.png,940,36,1620,100,ebaca631fe1960d32146db4d3bb506c9c21c799137874150f702235c8ebaa911
session_20260710_123210,71,WAITING_IN_PROGRESS,assets/replay/sessions/session_20260710_123210/frames/000071.jpg,crops/session_20260710_123210/000071.png,940,36,1620,100,1caa9019a334bb11b00590def95359b72e11f23a1d581f998682c1da81c391da
session_20260710_123210,72,WAITING_IN_PROGRESS,assets/replay/sessions/session_20260710_123210/frames/000072.jpg,crops/session_20260710_123210/000072.png,940,36,1620,100,44caed9652bcfc4996d492f323525d867b6ac9f9f9953babf84fc6c259396473
session_20260710_123210,73,WAITING_IN_PROGRESS,assets/replay/sessions/session_20260710_123210/frames/000073.jpg,crops/session_20260710_123210/000073.png,940,36,1620,100,a0f9ed5d38c442b67d0488ad366f958929efb702e3481c77829970d4b90d1e96
session_20260710_123210,74,WAITING_IN_PROGRESS,assets/replay/sessions/session_20260710_123210/frames/000074.jpg,crops/session_20260710_123210/000074.png,940,36,1620,100,c6a96df64ab3b8320dcbd9b3ce40ea40bb56099cfc23bf5b0d5ccf7e99760ff3
session_20260710_123210,75,WAITING_IN_PROGRESS,assets/replay/sessions/session_20260710_123210/frames/000075.jpg,crops/session_20260710_123210/000075.png,940,36,1620,100,81db175ef1dd8ee29c3789aef27435ff9348baba52f17db082a5e0d2fd592617
session_20260710_123210,76,WAITING_IN_PROGRESS,assets/replay/sessions/session_20260710_123210/frames/000076.jpg,crops/session_20260710_123210/000076.png,940,36,1620,100,a9384c62ed7a43f33df23ecf59b50ee2ce755391191c5a9eaa5c5837b58af8cd
session_20260710_123210,77,WAITING_IN_PROGRESS,assets/replay/sessions/session_20260710_123210/frames/000077.jpg,crops/session_20260710_123210/000077.png,940,36,1620,100,55189bba187d296aa87216065aa64d4c3ce9ffa6ab45863da1a6902261027bb3
session_20260710_123210,78,WAITING_IN_PROGRESS,assets/replay/sessions/session_20260710_123210/frames/000078.jpg,crops/session_20260710_123210/000078.png,940,36,1620,100,681562b80bed5680eea2c1e900dce69e40f049618b268ffc1c4efaab88240be9
session_20260710_123210,79,WAITING_IN_PROGRESS,assets/replay/sessions/session_20260710_123210/frames/000079.jpg,crops/session_20260710_123210/000079.png,940,36,1620,100,2c3d77810dcaa735ca4f34e305108360de1f44602b168545cff7704cfb2a0bd7
session_20260710_123210,80,WAITING_IN_PROGRESS,assets/replay/sessions/session_20260710_123210/frames/000080.jpg,crops/session_20260710_123210/000080.png,940,36,1620,100,8f38a0414728be2a845687feb7a44d34a130c884100068d37ffdaea0a91b76e8
session_20260710_123210,81,WAITING_IN_PROGRESS,assets/replay/sessions/session_20260710_123210/frames/000081.jpg,crops/session_20260710_123210/000081.png,940,36,1620,100,6cf8345a069763e51391c187b0a3d5c474bd882ccd24b74e8664bb3aea1dcef7
session_20260710_123210,82,WAITING_IN_PROGRESS,assets/replay/sessions/session_20260710_123210/frames/000082.jpg,crops/session_20260710_123210/000082.png,940,36,1620,100,ef602d199950e6194445bd4f005a3ecd3c12818c8b542f2d39454554e38a789a
session_20260710_123210,83,WAITING_IN_PROGRESS,assets/replay/sessions/session_20260710_123210/frames/000083.jpg,crops/session_20260710_123210/000083.png,940,36,1620,100,014baa15aa6f3762d57ea91ed4fcb765762fbee9226b2e61da9b128f7977513f
session_20260710_123210,84,WAITING_IN_PROGRESS,assets/replay/sessions/session_20260710_123210/frames/000084.jpg,crops/session_20260710_123210/000084.png,940,36,1620,100,c5d5c67edab765c0db95a4e71b669ad8218de1fa3b249596ad92eb4ecd5069f8
session_20260710_123210,85,WAITING_IN_PROGRESS,assets/replay/sessions/session_20260710_123210/frames/000085.jpg,crops/session_20260710_123210/000085.png,940,36,1620,100,1cc5a29a476bdfb03386810045b8e63d6e708aa6377e0f064b3b2a1ed67f9319
session_20260710_123210,86,WAITING_IN_PROGRESS,assets/replay/sessions/session_20260710_123210/frames/000086.jpg,crops/session_20260710_123210/000086.png,940,36,1620,100,3707c805c349f60f70d66d5d5b293f00a1c9bdaca03ed269ca810c5b2afb9d88
session_20260710_123210,87,WAITING_IN_PROGRESS,assets/replay/sessions/session_20260710_123210/frames/000087.jpg,crops/session_20260710_123210/000087.png,940,36,1620,100,afa1c01c48600cf6d6ea7dd41f9980f096f09b7e4d1a5e6ff9529adadf04004e
session_20260710_123210,88,WAITING_IN_PROGRESS,assets/replay/sessions/session_20260710_123210/frames/000088.jpg,crops/session_20260710_123210/000088.png,940,36,1620,100,4e7f11dd8cba01c87e0e581737d8445fe4e6fdf5f69f988af99284acd6767dfb
session_20260710_123210,89,WAITING_IN_PROGRESS,assets/replay/sessions/session_20260710_123210/frames/000089.jpg,crops/session_20260710_123210/000089.png,940,36,1620,100,52383625efc9ee2fbd8f5ada3b8a6182dd60dad46845c71dab350c9e97070ef6
session_20260710_123210,90,WAITING_IN_PROGRESS,assets/replay/sessions/session_20260710_123210/frames/000090.jpg,crops/session_20260710_123210/000090.png,940,36,1620,100,e412c84b082e0f8e16591125f93fd1764edbcf55437a07f0697edbf30d996541
session_20260710_123210,91,WAITING_IN_PROGRESS,assets/replay/sessions/session_20260710_123210/frames/000091.jpg,crops/session_20260710_123210/000091.png,940,36,1620,100,8bfbea58311c5ad9e7dd0d476e3393f480b36955e09163a8a762e8758fc6bcf6
session_20260710_123210,92,WAITING_IN_PROGRESS,assets/replay/sessions/session_20260710_123210/frames/000092.jpg,crops/session_20260710_123210/000092.png,940,36,1620,100,2883d3476831b90ccf6b278dd93445c2f16831ab38bbcb596b9fae5e2990932a
session_20260710_123210,93,WAITING_IN_PROGRESS,assets/replay/sessions/session_20260710_123210/frames/000093.jpg,crops/session_20260710_123210/000093.png,940,36,1620,100,6ec7015b87df094368856ee79dc2975a7f3fe1e9ecf53ed5a11d3f7bcce5e97c
session_20260710_123210,94,WAITING_IN_PROGRESS,assets/replay/sessions/session_20260710_123210/frames/000094.jpg,crops/session_20260710_123210/000094.png,940,36,1620,100,d15cda1fd81fc4b2f4e272dea5e4f204e88ecea55b17c72eef9360060e01be72
session_20260710_123210,95,WAITING_IN_PROGRESS,assets/replay/sessions/session_20260710_123210/frames/000095.jpg,crops/session_20260710_123210/000095.png,940,36,1620,100,5c10d6fcbc45c9989c3f3f320905666a00ed91b8616df07a10822bf18785992d
session_20260710_123210,96,WAITING_IN_PROGRESS,assets/replay/sessions/session_20260710_123210/frames/000096.jpg,crops/session_20260710_123210/000096.png,940,36,1620,100,8a079eb8e1b3748a3e94e86f69aa4a040ac0496cc0eda4c3aa8bc7683852f2ba
session_20260710_123210,97,WAITING_IN_PROGRESS,assets/replay/sessions/session_20260710_123210/frames/000097.jpg,crops/session_20260710_123210/000097.png,940,36,1620,100,8a77b57c3f92ec5ce202970f5a5787dafa71db99f028a91dd940d6b4034ec0c7
session_20260710_123210,98,WAITING_IN_PROGRESS,assets/replay/sessions/session_20260710_123210/frames/000098.jpg,crops/session_20260710_123210/000098.png,940,36,1620,100,fef42bd7bc7d027b4f108fa3fd84673ee35bae7ce68e665110e4de9a2fc2585a
session_20260710_123210,99,WAITING_IN_PROGRESS,assets/replay/sessions/session_20260710_123210/frames/000099.jpg,crops/session_20260710_123210/000099.png,940,36,1620,100,9106fcd1613ec100546b94921c5c333a2e029cd9cd854d1ede5f74e99f9190e8
session_20260710_123210,100,WAITING_IN_PROGRESS,assets/replay/sessions/session_20260710_123210/frames/000100.jpg,crops/session_20260710_123210/000100.png,940,36,1620,100,0fbc085f1081c737d64f4c27af12637f37fa8e3e5284b83c6e1760094b72f8fb
session_20260710_123210,101,WAITING_IN_PROGRESS,assets/replay/sessions/session_20260710_123210/frames/000101.jpg,crops/session_20260710_123210/000101.png,940,36,1620,100,2a4beffeb7dd84e049806e908efdcefd6b804f9788658916640ca1bd7a1d03d2
session_20260710_123210,102,WAITING_IN_PROGRESS,assets/replay/sessions/session_20260710_123210/frames/000102.jpg,crops/session_20260710_123210/000102.png,940,36,1620,100,289ed6442a8eb71c1c2edddc683ca9397e5a5ba8dbcfdf915e658d1ed4f67c77
session_20260710_123210,103,WAITING_IN_PROGRESS,assets/replay/sessions/session_20260710_123210/frames/000103.jpg,crops/session_20260710_123210/000103.png,940,36,1620,100,bd1464965402c373cedb5f54cf04628ccc42732472e6279de82827c9992389f9
session_20260710_123210,104,WAITING_IN_PROGRESS,assets/replay/sessions/session_20260710_123210/frames/000104.jpg,crops/session_20260710_123210/000104.png,940,36,1620,100,02f1d8af80406543ba85cc5f63ad9703329fcfaf95916ef672ca2c05586b1a20
session_20260710_123210,105,WAITING_IN_PROGRESS,assets/replay/sessions/session_20260710_123210/frames/000105.jpg,crops/session_20260710_123210/000105.png,940,36,1620,100,3f826a21c96a2b35386d277adcf5cacccd63e213909149e87a0538a8129d9dc6
session_20260710_123210,106,WAITING_IN_PROGRESS,assets/replay/sessions/session_20260710_123210/frames/000106.jpg,crops/session_20260710_123210/000106.png,940,36,1620,100,903e3a45d99efa213b21decd74b318051b6dfdf090f2406f41d9c0e63b5f68f0
session_20260710_123210,107,WAITING_IN_PROGRESS,assets/replay/sessions/session_20260710_123210/frames/000107.jpg,crops/session_20260710_123210/000107.png,940,36,1620,100,c26c69c521c509fa8daedfa7484f674e3a14b66d6adfe9c328525499ec4dc75c
session_20260710_123210,108,WAITING_IN_PROGRESS,assets/replay/sessions/session_20260710_123210/frames/000108.jpg,crops/session_20260710_123210/000108.png,940,36,1620,100,6555deb80b2af34c701f25ba310e8230247d28f838ad23ca3f4ae84483e1a9cb
session_20260710_123210,109,WAITING_IN_PROGRESS,assets/replay/sessions/session_20260710_123210/frames/000109.jpg,crops/session_20260710_123210/000109.png,940,36,1620,100,e6ff9ecf4c75ee38883b51390557b8bdd6bf09187cb3d510314d60d87034a621
session_20260710_123210,110,WAITING_IN_PROGRESS,assets/replay/sessions/session_20260710_123210/frames/000110.jpg,crops/session_20260710_123210/000110.png,940,36,1620,100,18ea7231e030774c18033972a83d4ece14b95791f902f2985fd43945da6ddcbc
session_20260710_123210,111,WAITING_IN_PROGRESS,assets/replay/sessions/session_20260710_123210/frames/000111.jpg,crops/session_20260710_123210/000111.png,940,36,1620,100,8857296e81f96e7c568cd598071e7b14020c371ec0fdb610ae71bc12a544fb96
session_20260710_123210,112,WAITING_IN_PROGRESS,assets/replay/sessions/session_20260710_123210/frames/000112.jpg,crops/session_20260710_123210/000112.png,940,36,1620,100,0938c62db6e872ccdacc78ecab8a1a9e2edc681c200ed3a678a67cae3c58b47f
session_20260710_123210,113,WAITING_IN_PROGRESS,assets/replay/sessions/session_20260710_123210/frames/000113.jpg,crops/session_20260710_123210/000113.png,940,36,1620,100,8f40bece262eff2018ed13867bcc6d90b16ea6527c206f1cc4d8b0bbadf53056
session_20260710_123210,114,WAITING_IN_PROGRESS,assets/replay/sessions/session_20260710_123210/frames/000114.jpg,crops/session_20260710_123210/000114.png,940,36,1620,100,1470a440bb12c7e8456bdfffa0bb15a748fd597552689d6c43c7d5335a324a57
session_20260710_123210,115,WAITING_IN_PROGRESS,assets/replay/sessions/session_20260710_123210/frames/000115.jpg,crops/session_20260710_123210/000115.png,940,36,1620,100,935d2227f703019353e0e2968940f8adc70fb25806e5d965878d2eb185736ed4
session_20260710_123210,116,WAITING_IN_PROGRESS,assets/replay/sessions/session_20260710_123210/frames/000116.jpg,crops/session_20260710_123210/000116.png,940,36,1620,100,70a3406a95177b85126e9963352a67b0b5105d53e6812ad2ed28bc8616d8d279
session_20260710_123210,117,WAITING_IN_PROGRESS,assets/replay/sessions/session_20260710_123210/frames/000117.jpg,crops/session_20260710_123210/000117.png,940,36,1620,100,e9838d98772566b75edf2adc8c0cb0ad391fc36b1d575f5b6dbe9fc7ea14fe9d
session_20260710_123210,118,WAITING_IN_PROGRESS,assets/replay/sessions/session_20260710_123210/frames/000118.jpg,crops/session_20260710_123210/000118.png,940,36,1620,100,0da3fbc2b3682fe3685c938d0e57b382124a02c963d51561990c638d0dd3be10
session_20260710_123210,119,WAITING_IN_PROGRESS,assets/replay/sessions/session_20260710_123210/frames/000119.jpg,crops/session_20260710_123210/000119.png,940,36,1620,100,500b478e306d0c89536cd78c00a49a3a72c6bb3e924ec64eb0a2d66a143f101f
session_20260710_123210,120,WAITING_IN_PROGRESS,assets/replay/sessions/session_20260710_123210/frames/000120.jpg,crops/session_20260710_123210/000120.png,940,36,1620,100,676aa3162b3d690db1bb7103fc442012a550c6e3d763083e1ae23a5e57c4d830
session_20260710_123210,121,WAITING_IN_PROGRESS,assets/replay/sessions/session_20260710_123210/frames/000121.jpg,crops/session_20260710_123210/000121.png,940,36,1620,100,db503ed729ea58a7bf2501b78919e852ca18fc052baa13305a537daeb963c37c
session_20260710_123210,122,WAITING_IN_PROGRESS,assets/replay/sessions/session_20260710_123210/frames/000122.jpg,crops/session_20260710_123210/000122.png,940,36,1620,100,66d690f48ec501d209f2bb5d056d43179a3610f783babb5f7f19f779c4bf0621
session_20260710_123210,123,WAITING_IN_PROGRESS,assets/replay/sessions/session_20260710_123210/frames/000123.jpg,crops/session_20260710_123210/000123.png,940,36,1620,100,e0d0475d4da908794755908277c5871b44f95d882ce16184a7f515592d76c313
session_20260710_123210,124,WAITING_IN_PROGRESS,assets/replay/sessions/session_20260710_123210/frames/000124.jpg,crops/session_20260710_123210/000124.png,940,36,1620,100,4a80ef31edd3b0daf5980325013a767870ee40f5402a3f77eecfa08054e09d9b
session_20260710_123210,125,WAITING_IN_PROGRESS,assets/replay/sessions/session_20260710_123210/frames/000125.jpg,crops/session_20260710_123210/000125.png,940,36,1620,100,41f8f424b94acb359cff9548e20066e35402e5c1c9af2c86c73c4a3c3ffbdaf9
session_20260710_123210,126,WAITING_IN_PROGRESS,assets/replay/sessions/session_20260710_123210/frames/000126.jpg,crops/session_20260710_123210/000126.png,940,36,1620,100,25bde6d79865daf414e1118685c9781f26e0a52f87d56e5728d4ebe5ecea78d6
session_20260710_123210,127,WAITING_IN_PROGRESS,assets/replay/sessions/session_20260710_123210/frames/000127.jpg,crops/session_20260710_123210/000127.png,940,36,1620,100,2dcbba7e8fab851a4e8c2158179dde606b7c902c4b8be8063e032320b6539ade
session_20260710_123210,128,WAITING_IN_PROGRESS,assets/replay/sessions/session_20260710_123210/frames/000128.jpg,crops/session_20260710_123210/000128.png,940,36,1620,100,8aff020702c7b70187cf7c39dda1527f9851a779115fefa0b8df6067fb98340a
session_20260710_123210,129,WAITING_IN_PROGRESS,assets/replay/sessions/session_20260710_123210/frames/000129.jpg,crops/session_20260710_123210/000129.png,940,36,1620,100,e1180c0630e3d66b403485fc089a51b32fa550ae4d74140d184bd9b3591117a9
session_20260710_123210,130,WAITING_IN_PROGRESS,assets/replay/sessions/session_20260710_123210/frames/000130.jpg,crops/session_20260710_123210/000130.png,940,36,1620,100,8f582d8d51ba9333177b7bdccad9c8cb98a29fc4728f789ae512f75416cf2fc1
session_20260710_123210,131,WAITING_IN_PROGRESS,assets/replay/sessions/session_20260710_123210/frames/000131.jpg,crops/session_20260710_123210/000131.png,940,36,1620,100,4d7c9b309a719f403675486fa7b8ff9bad9b674c4ff2fb1ed7f3c1f1fe970e2f
session_20260710_123210,132,WAITING_IN_PROGRESS,assets/replay/sessions/session_20260710_123210/frames/000132.jpg,crops/session_20260710_123210/000132.png,940,36,1620,100,b353a69b83695bfcfe2d4a5e540ff6a6a1ce44dce477df37769099889843841b
session_20260710_123210,133,WAITING_IN_PROGRESS,assets/replay/sessions/session_20260710_123210/frames/000133.jpg,crops/session_20260710_123210/000133.png,940,36,1620,100,2cd8c9256c8dd665692407a6aa93c38b4bfa7de78ff307d62b9c64e1082e0e7c
session_20260710_123210,134,WAITING_IN_PROGRESS,assets/replay/sessions/session_20260710_123210/frames/000134.jpg,crops/session_20260710_123210/000134.png,940,36,1620,100,388e2f69e1201ae12dfb7e6fc1429334c1a0d328f9cfc253d574b103ecd1dc2a
session_20260710_123210,135,WAITING_IN_PROGRESS,assets/replay/sessions/session_20260710_123210/frames/000135.jpg,crops/session_20260710_123210/000135.png,940,36,1620,100,86e6897c3a32efbfd8dca6de3a8857a77c7be463f4805a62263d5bccf0f46863
session_20260710_123210,136,WAITING_IN_PROGRESS,assets/replay/sessions/session_20260710_123210/frames/000136.jpg,crops/session_20260710_123210/000136.png,940,36,1620,100,23d3361544cf793d602f3591e769d623f663da6ade261df224bc5ce7c53fb5f7
session_20260710_123210,137,WAITING_IN_PROGRESS,assets/replay/sessions/session_20260710_123210/frames/000137.jpg,crops/session_20260710_123210/000137.png,940,36,1620,100,334db91ead37d199f75ad4e19ad88d0ba7d1f73b464334e8b7cb651053898dc0
session_20260710_123210,138,WAITING_IN_PROGRESS,assets/replay/sessions/session_20260710_123210/frames/000138.jpg,crops/session_20260710_123210/000138.png,940,36,1620,100,49f427d3d88052971547649dc7123d0f46f920304c3e93b2abf0bcc89e221199
session_20260710_123210,139,WAITING_IN_PROGRESS,assets/replay/sessions/session_20260710_123210/frames/000139.jpg,crops/session_20260710_123210/000139.png,940,36,1620,100,02e53b0cb3e5b4702995d2b4df4a890bd7848981fb711614517b7398abca525b
session_20260710_123210,140,WAITING_IN_PROGRESS,assets/replay/sessions/session_20260710_123210/frames/000140.jpg,crops/session_20260710_123210/000140.png,940,36,1620,100,1eaf402e98f91841c7f605d90c2db4e6c4a7482071a21fd2a78b925db02e883d
session_20260710_123210,141,WAITING_IN_PROGRESS,assets/replay/sessions/session_20260710_123210/frames/000141.jpg,crops/session_20260710_123210/000141.png,940,36,1620,100,d7dab627108980995d73c340b8447afd28e78b3a52c0bd3f53ec9f77864ed222
session_20260710_123210,142,WAITING_IN_PROGRESS,assets/replay/sessions/session_20260710_123210/frames/000142.jpg,crops/session_20260710_123210/000142.png,940,36,1620,100,b7c71d37bef521b5f175c6bde2b9dc651e49b19aff2b11927fc95b559d5fa63f
session_20260710_123210,143,WAITING_IN_PROGRESS,assets/replay/sessions/session_20260710_123210/frames/000143.jpg,crops/session_20260710_123210/000143.png,940,36,1620,100,30cbf50d240fe9002e7731bd27a850d4953f8719e300df173dd92b77013acb7f
session_20260710_123210,144,WAITING_IN_PROGRESS,assets/replay/sessions/session_20260710_123210/frames/000144.jpg,crops/session_20260710_123210/000144.png,940,36,1620,100,61fd1f7f550fef256aa26e7275f829e6c70617cb6a1267c4b3d020f353062ee8
session_20260710_123210,145,WAITING_IN_PROGRESS,assets/replay/sessions/session_20260710_123210/frames/000145.jpg,crops/session_20260710_123210/000145.png,940,36,1620,100,39df08a5f4fb674e5e13ad7a642750a7e62abfada4e2994c1678e730eb354fae
session_20260710_123210,146,WAITING_IN_PROGRESS,assets/replay/sessions/session_20260710_123210/frames/000146.jpg,crops/session_20260710_123210/000146.png,940,36,1620,100,d06a7e1494b4113346ed23f20c92ed8163f562f490b106141de2e4fc1c6a4113
session_20260710_123210,147,WAITING_IN_PROGRESS,assets/replay/sessions/session_20260710_123210/frames/000147.jpg,crops/session_20260710_123210/000147.png,940,36,1620,100,8e6af18122a34bd4f9f72358c2e564a3135762a700a27f9b52f5ce969a88d02e
session_20260710_123210,148,WAITING_IN_PROGRESS,assets/replay/sessions/session_20260710_123210/frames/000148.jpg,crops/session_20260710_123210/000148.png,940,36,1620,100,33cdcbc9229bc28c6f0c40b6463c49c39cd7d425274d45001da53c990e086031
session_20260710_123210,149,WAITING_IN_PROGRESS,assets/replay/sessions/session_20260710_123210/frames/000149.jpg,crops/session_20260710_123210/000149.png,940,36,1620,100,4798639fb5ab2a67122bdf5ab1db51bed3f6d97d99e0145123e230af95b88176
session_20260710_123210,150,WAITING_IN_PROGRESS,assets/replay/sessions/session_20260710_123210/frames/000150.jpg,crops/session_20260710_123210/000150.png,940,36,1620,100,d0992cc6e6a2ea8537f4436c756835c09481c69979da1023efafe2563337b0e4
session_20260710_123210,151,WAITING_IN_PROGRESS,assets/replay/sessions/session_20260710_123210/frames/000151.jpg,crops/session_20260710_123210/000151.png,940,36,1620,100,84f33506dd54fb251d78e67d1131fe6fcebfb74b29b4e1f3636be6c0dc99c058
session_20260710_123210,152,WAITING_IN_PROGRESS,assets/replay/sessions/session_20260710_123210/frames/000152.jpg,crops/session_20260710_123210/000152.png,940,36,1620,100,6d11047c35eff04a32c60a96710c8bdf97b2993688f3d3bd729e8909744e31e1
session_20260710_123210,153,WAITING_IN_PROGRESS,assets/replay/sessions/session_20260710_123210/frames/000153.jpg,crops/session_20260710_123210/000153.png,940,36,1620,100,46176b7f20afad5f03508d5729c354112281a775762e4e6554f7163a01ee85ae
session_20260710_123210,154,WAITING_IN_PROGRESS,assets/replay/sessions/session_20260710_123210/frames/000154.jpg,crops/session_20260710_123210/000154.png,940,36,1620,100,70b71d6e2343095b0f8bb8080550d84c1c4c16721816aa285eb7744231c801f0
session_20260710_123210,155,WAITING_IN_PROGRESS,assets/replay/sessions/session_20260710_123210/frames/000155.jpg,crops/session_20260710_123210/000155.png,940,36,1620,100,5f5f89a6722baf7b2f5ac113520d5c6ac7099c8dbf2f8064c79f5d8f15416e95
session_20260710_123210,156,WAITING_IN_PROGRESS,assets/replay/sessions/session_20260710_123210/frames/000156.jpg,crops/session_20260710_123210/000156.png,940,36,1620,100,efc6e4b3e577211f249d6dacbebda67f3a12136562851a76512aae6d8cc35502
session_20260710_123210,157,WAITING_IN_PROGRESS,assets/replay/sessions/session_20260710_123210/frames/000157.jpg,crops/session_20260710_123210/000157.png,940,36,1620,100,21d77ff86d0d7534f4b75c27727e18ff57e4f232bfb689d99eb82b92d384bd91
session_20260710_123210,158,WAITING_IN_PROGRESS,assets/replay/sessions/session_20260710_123210/frames/000158.jpg,crops/session_20260710_123210/000158.png,940,36,1620,100,03e4e04c1d63c859f7e0470f8b235c1ee42bb1ebb42f35574f2da4b7724980ce
session_20260710_123210,159,WAITING_IN_PROGRESS,assets/replay/sessions/session_20260710_123210/frames/000159.jpg,crops/session_20260710_123210/000159.png,940,36,1620,100,35d94ed053967f052ae5fbef4ab853b0798f7b30378e2e90fd294815d26aa2b0
session_20260710_123210,160,WAITING_IN_PROGRESS,assets/replay/sessions/session_20260710_123210/frames/000160.jpg,crops/session_20260710_123210/000160.png,940,36,1620,100,a1e01166bd6a3f610ff87465b2f63d90a8e2daed33dbf21756d37f3a2cf68db4
session_20260710_123210,161,WAITING_IN_PROGRESS,assets/replay/sessions/session_20260710_123210/frames/000161.jpg,crops/session_20260710_123210/000161.png,940,36,1620,100,b11d78099bb36ddd908e1e734b06f55390cca662500eaa63c35720f51038e5be
session_20260710_123210,162,WAITING_IN_PROGRESS,assets/replay/sessions/session_20260710_123210/frames/000162.jpg,crops/session_20260710_123210/000162.png,940,36,1620,100,bfc809870f41a43b5738c140bea11ca3ece6b7fabb1b35d3962623f910938427
session_20260710_123210,163,WAITING_IN_PROGRESS,assets/replay/sessions/session_20260710_123210/frames/000163.jpg,crops/session_20260710_123210/000163.png,940,36,1620,100,fe408cacb1016fc8beb6e234e8eee0d0f519bb22a2492d88dfe1d1023797bab3
session_20260710_123210,164,WAITING_IN_PROGRESS,assets/replay/sessions/session_20260710_123210/frames/000164.jpg,crops/session_20260710_123210/000164.png,940,36,1620,100,42aac3e040abb18f12f5507e041aab41ed295de050f845a731d66e7aa6522045
session_20260710_123210,165,WAITING_IN_PROGRESS,assets/replay/sessions/session_20260710_123210/frames/000165.jpg,crops/session_20260710_123210/000165.png,940,36,1620,100,fc9da784b48e568cd4da7b756de432d94b20f2961cf99e90fe7f82479bf99d29
session_20260710_123210,166,WAITING_IN_PROGRESS,assets/replay/sessions/session_20260710_123210/frames/000166.jpg,crops/session_20260710_123210/000166.png,940,36,1620,100,6dad596f22846b1b52a6213765f1d78cdc8d6bfc554f791998a6109ee98981d3
session_20260710_123210,167,WAITING_IN_PROGRESS,assets/replay/sessions/session_20260710_123210/frames/000167.jpg,crops/session_20260710_123210/000167.png,940,36,1620,100,167043b1c19473d473304e3be2e88d6b549d311a207c9bcf35708fe3fde92677
session_20260710_123210,168,WAITING_IN_PROGRESS,assets/replay/sessions/session_20260710_123210/frames/000168.jpg,crops/session_20260710_123210/000168.png,940,36,1620,100,9ae2b46e7205b81b1d4fdad8a2ce7c002c574ebc62404ac06388da7d6acebf7f
session_20260710_123210,169,WAITING_IN_PROGRESS,assets/replay/sessions/session_20260710_123210/frames/000169.jpg,crops/session_20260710_123210/000169.png,940,36,1620,100,a10fa0f0d2b5e536d9e19d2b69ef388cf876b7c4db24bca6196d827b1805a9d7
session_20260710_123210,170,WAITING_IN_PROGRESS,assets/replay/sessions/session_20260710_123210/frames/000170.jpg,crops/session_20260710_123210/000170.png,940,36,1620,100,0fc11e43ba21c1409140201fc2db3a861a64f57e4dac6c22aeae727d80297391
session_20260710_123210,171,WAITING_IN_PROGRESS,assets/replay/sessions/session_20260710_123210/frames/000171.jpg,crops/session_20260710_123210/000171.png,940,36,1620,100,cb75d24013a67901c9cc9e7daf75e9efa770b107a0951b9c945139e88fde63ee
session_20260710_123210,172,WAITING_IN_PROGRESS,assets/replay/sessions/session_20260710_123210/frames/000172.jpg,crops/session_20260710_123210/000172.png,940,36,1620,100,a751e03138668fa0d1713f78dcdca58f21a0c9c381aee489bb97549497b42fb2
session_20260710_123210,173,WAITING_IN_PROGRESS,assets/replay/sessions/session_20260710_123210/frames/000173.jpg,crops/session_20260710_123210/000173.png,940,36,1620,100,441138d3dd41e8504f3ea41e6e8dbabc4a8a26f45cba3bff23530bb30b680a15
session_20260710_123210,174,WAITING_IN_PROGRESS,assets/replay/sessions/session_20260710_123210/frames/000174.jpg,crops/session_20260710_123210/000174.png,940,36,1620,100,2922afecde62dd56a5ea3903c4955fc4292997e2ff16d82053a662d3cd4b8c85
session_20260710_123210,175,WAITING_IN_PROGRESS,assets/replay/sessions/session_20260710_123210/frames/000175.jpg,crops/session_20260710_123210/000175.png,940,36,1620,100,b29ac50f27df17e20e1e54d7f933c6bf008089849d881d42bc3be0dc0b688277
session_20260710_123210,176,WAITING_IN_PROGRESS,assets/replay/sessions/session_20260710_123210/frames/000176.jpg,crops/session_20260710_123210/000176.png,940,36,1620,100,969ab2bdba0fe068d0f8798fb7b4ca51f4ff0f8f942a1dcee3ae247d6d9109cd
session_20260710_123210,177,WAITING_IN_PROGRESS,assets/replay/sessions/session_20260710_123210/frames/000177.jpg,crops/session_20260710_123210/000177.png,940,36,1620,100,c0ff31ce24f99e63572c97108af209213298a59594fd24674d1a2984c3f5eca1
session_20260710_123210,178,WAITING_IN_PROGRESS,assets/replay/sessions/session_20260710_123210/frames/000178.jpg,crops/session_20260710_123210/000178.png,940,36,1620,100,ad286e6cfb084571ad2bc028e5da985294c163702d0cc9bcae77bc2482166614
session_20260710_123210,179,WAITING_IN_PROGRESS,assets/replay/sessions/session_20260710_123210/frames/000179.jpg,crops/session_20260710_123210/000179.png,940,36,1620,100,2e2fbd87bfbdd088d20645014d6ac41a0753449f001949be37bf4c1b4050b6b6
session_20260710_123210,180,WAITING_IN_PROGRESS,assets/replay/sessions/session_20260710_123210/frames/000180.jpg,crops/session_20260710_123210/000180.png,940,36,1620,100,0688f37d58ba613d6e0139afdd587acb76560c5b031f38bc6db2ae02c6c74001
session_20260710_123210,181,WAITING_IN_PROGRESS,assets/replay/sessions/session_20260710_123210/frames/000181.jpg,crops/session_20260710_123210/000181.png,940,36,1620,100,8d92c27ce322711cd8f40f6ab5529990547039a15198da31ed5a2fd811f03dc0
session_20260710_123210,182,WAITING_IN_PROGRESS,assets/replay/sessions/session_20260710_123210/frames/000182.jpg,crops/session_20260710_123210/000182.png,940,36,1620,100,dd6ce43d72f11bb653240c654e75d5e43f25a330b71f2bcbcec5f8b01d8da0ad
session_20260710_123210,183,WAITING_IN_PROGRESS,assets/replay/sessions/session_20260710_123210/frames/000183.jpg,crops/session_20260710_123210/000183.png,940,36,1620,100,093e29e7a132ff85a604433553b469b34f92bf7c0d47423ec9a37db67fa8b22f
session_20260710_123210,184,WAITING_IN_PROGRESS,assets/replay/sessions/session_20260710_123210/frames/000184.jpg,crops/session_20260710_123210/000184.png,940,36,1620,100,2bc12eb9a4eea569d8cdcdad78e723bd8ed924357e4bfaf7799f5f0454a9869d
session_20260710_123210,185,WAITING_IN_PROGRESS,assets/replay/sessions/session_20260710_123210/frames/000185.jpg,crops/session_20260710_123210/000185.png,940,36,1620,100,7a410c37bcccbf0421e0f346a1ffb4abd32a7dd67c344216f91815926df4c73f
session_20260710_123210,186,WAITING_IN_PROGRESS,assets/replay/sessions/session_20260710_123210/frames/000186.jpg,crops/session_20260710_123210/000186.png,940,36,1620,100,79cc4ae3f707ae5a291824af3ddd11c42f6875313b0091835fbc08e1101c8e64
session_20260710_123210,187,WAITING_IN_PROGRESS,assets/replay/sessions/session_20260710_123210/frames/000187.jpg,crops/session_20260710_123210/000187.png,940,36,1620,100,bf761d9d8e34fde8a598f053cfd7b5f7583a7cd2c55efe833c5063a50dfb6bb9
session_20260710_123210,188,WAITING_IN_PROGRESS,assets/replay/sessions/session_20260710_123210/frames/000188.jpg,crops/session_20260710_123210/000188.png,940,36,1620,100,cfe948fe214d1e6dd5c56ab90224ab03dea1b7b2c9dce603412c838123fca16c
session_20260710_123210,189,WAITING_IN_PROGRESS,assets/replay/sessions/session_20260710_123210/frames/000189.jpg,crops/session_20260710_123210/000189.png,940,36,1620,100,65fcee547070fbb7fac025ec2b17ebd1424f9019dd8150b156b00fc5b1df8516
session_20260710_123210,190,WAITING_IN_PROGRESS,assets/replay/sessions/session_20260710_123210/frames/000190.jpg,crops/session_20260710_123210/000190.png,940,36,1620,100,5286cc575144881a03208c5b91f6f28def2a8b1066408b237707f6ff05d3bf8b
session_20260710_123210,191,WAITING_IN_PROGRESS,assets/replay/sessions/session_20260710_123210/frames/000191.jpg,crops/session_20260710_123210/000191.png,940,36,1620,100,991c068d7552e2ae78fdf7f838d017de92733f379cf9b9b1edf2706b7ffd394c
session_20260710_123210,192,WAITING_IN_PROGRESS,assets/replay/sessions/session_20260710_123210/frames/000192.jpg,crops/session_20260710_123210/000192.png,940,36,1620,100,bcbd4728cbd26d67ff273e4cd9eddfb59ff4e66268456a14e69279437061dd08
session_20260710_123210,193,WAITING_IN_PROGRESS,assets/replay/sessions/session_20260710_123210/frames/000193.jpg,crops/session_20260710_123210/000193.png,940,36,1620,100,c762c43afaef1108b62abee5156ddc5afc88b3f8a9d22c13a62c27603b29f21c
session_20260710_123210,194,WAITING_IN_PROGRESS,assets/replay/sessions/session_20260710_123210/frames/000194.jpg,crops/session_20260710_123210/000194.png,940,36,1620,100,20afbb62003876c250078d388e8c77dbe5d2200516c5c020de5a246e66d0ffef
session_20260710_123210,195,WAITING_IN_PROGRESS,assets/replay/sessions/session_20260710_123210/frames/000195.jpg,crops/session_20260710_123210/000195.png,940,36,1620,100,d74b87cb652c9efa0974af0f97e33896a78dce80d4eb52a8e23915b0902a1b6c
session_20260710_123210,196,WAITING_IN_PROGRESS,assets/replay/sessions/session_20260710_123210/frames/000196.jpg,crops/session_20260710_123210/000196.png,940,36,1620,100,7cf5f777cd3bd4c831ee0aded1da257be3d701aedcad3ea0192d108c8467769b
session_20260710_123210,197,WAITING_IN_PROGRESS,assets/replay/sessions/session_20260710_123210/frames/000197.jpg,crops/session_20260710_123210/000197.png,940,36,1620,100,89f2259f95b44494a975777f46e7caf5fff67e2f8e6815ba964a2b14c84f0809
session_20260710_123210,198,WAITING_IN_PROGRESS,assets/replay/sessions/session_20260710_123210/frames/000198.jpg,crops/session_20260710_123210/000198.png,940,36,1620,100,94e549c844644a1a8eae9d0f3a670dc95875abec052688a17ba0f3dfa2ebd682
session_20260710_123210,199,WAITING_IN_PROGRESS,assets/replay/sessions/session_20260710_123210/frames/000199.jpg,crops/session_20260710_123210/000199.png,940,36,1620,100,0147f8e16a0b6ff7de59d9cbf26eb339aed1235cad6383b39d88a834ee29f7fd
session_20260710_123210,200,WAITING_IN_PROGRESS,assets/replay/sessions/session_20260710_123210/frames/000200.jpg,crops/session_20260710_123210/000200.png,940,36,1620,100,08e840d7019f66f6d52374c2fca7cca9d8bac052b8833d9f987ceda0cbf1ab60
session_20260710_123210,201,WAITING_IN_PROGRESS,assets/replay/sessions/session_20260710_123210/frames/000201.jpg,crops/session_20260710_123210/000201.png,940,36,1620,100,94174d3d76f67a8e77a032691f23457c7953b99da371d41553ea50b84f615a09
session_20260710_123210,202,WAITING_IN_PROGRESS,assets/replay/sessions/session_20260710_123210/frames/000202.jpg,crops/session_20260710_123210/000202.png,940,36,1620,100,dc13fad9b2e44f8015895bc5927453e391b1ca00634ba48bd270fdea52a29eb5
session_20260710_123210,203,WAITING_IN_PROGRESS,assets/replay/sessions/session_20260710_123210/frames/000203.jpg,crops/session_20260710_123210/000203.png,940,36,1620,100,23d2e3de1eca4bf4797f73050aa54a628d26fa3b0c18fd23c94e538621d0edbe
session_20260710_123210,204,WAITING_IN_PROGRESS,assets/replay/sessions/session_20260710_123210/frames/000204.jpg,crops/session_20260710_123210/000204.png,940,36,1620,100,23e6ff387b870edf3335dbaa481ef0944f7281338b4e4025f1bd99138c456dca
session_20260710_123210,205,WAITING_IN_PROGRESS,assets/replay/sessions/session_20260710_123210/frames/000205.jpg,crops/session_20260710_123210/000205.png,940,36,1620,100,41001f9a48b61c696dfee3849f8db2b829a95f43b59baa04b1a9e4b12cbd8c3a
session_20260710_123210,206,WAITING_IN_PROGRESS,assets/replay/sessions/session_20260710_123210/frames/000206.jpg,crops/session_20260710_123210/000206.png,940,36,1620,100,931486f10c20daeed14815ff6faa2c0939690e0b75e74de277513455c72047bc
session_20260710_123210,207,WAITING_IN_PROGRESS,assets/replay/sessions/session_20260710_123210/frames/000207.jpg,crops/session_20260710_123210/000207.png,940,36,1620,100,d233d12bf2dadd7191b500c34769eade1a7d12906577adc23daf34f4fbeb7152
session_20260710_123210,208,WAITING_IN_PROGRESS,assets/replay/sessions/session_20260710_123210/frames/000208.jpg,crops/session_20260710_123210/000208.png,940,36,1620,100,a70acc914b9ffb28589d141fcc95ce7d2268299fce94ef22c11c3ec207ba2ec3
session_20260710_123210,209,WAITING_IN_PROGRESS,assets/replay/sessions/session_20260710_123210/frames/000209.jpg,crops/session_20260710_123210/000209.png,940,36,1620,100,63c846f3390273abfc071a34c867f0b8e6fcf5d0ca80b39ac56041c11843f875
session_20260710_123210,210,WAITING_IN_PROGRESS,assets/replay/sessions/session_20260710_123210/frames/000210.jpg,crops/session_20260710_123210/000210.png,940,36,1620,100,0879b72c0482e72ec738ab08dd68a941f7bfed80146b35b2803bdb2628fe9523
session_20260710_123210,211,WAITING_IN_PROGRESS,assets/replay/sessions/session_20260710_123210/frames/000211.jpg,crops/session_20260710_123210/000211.png,940,36,1620,100,0620710251bc87fa127a3da6b571bde38af55ba0ba97e145db3acf719a1d1bda
session_20260710_123210,212,WAITING_IN_PROGRESS,assets/replay/sessions/session_20260710_123210/frames/000212.jpg,crops/session_20260710_123210/000212.png,940,36,1620,100,6cb756b014405fb65dd9f8ad6c335b7467814250eb40a9072cdcb0ea12bbc100
session_20260710_123210,213,WAITING_IN_PROGRESS,assets/replay/sessions/session_20260710_123210/frames/000213.jpg,crops/session_20260710_123210/000213.png,940,36,1620,100,843092029fab341da89a97cdb1880fb722f6728e328d71d949ee14ed6cc492e5
session_20260710_123210,214,WAITING_IN_PROGRESS,assets/replay/sessions/session_20260710_123210/frames/000214.jpg,crops/session_20260710_123210/000214.png,940,36,1620,100,0e32cd8f85a5e41b7f9274e7e84b428fd33d14353a653e01fb415ceeaf8575ea
session_20260710_123210,215,WAITING_IN_PROGRESS,assets/replay/sessions/session_20260710_123210/frames/000215.jpg,crops/session_20260710_123210/000215.png,940,36,1620,100,20f9dfa2c1655fb78854b873244917d20d702a9dc63974f7d08ed9d02c47ce82
session_20260710_123210,216,WAITING_IN_PROGRESS,assets/replay/sessions/session_20260710_123210/frames/000216.jpg,crops/session_20260710_123210/000216.png,940,36,1620,100,12056400b41a04d0c92a9050c2664d701605cfbca6bc96a3ff34215a568aa544
session_20260710_123210,217,WAITING_IN_PROGRESS,assets/replay/sessions/session_20260710_123210/frames/000217.jpg,crops/session_20260710_123210/000217.png,940,36,1620,100,4374a390517029f84e4c3fddb1be46f4fba700a687408bf1dcf1afa38123baf9
session_20260710_123210,218,WAITING_IN_PROGRESS,assets/replay/sessions/session_20260710_123210/frames/000218.jpg,crops/session_20260710_123210/000218.png,940,36,1620,100,9995b60d19cf96b6b9b9dd3a5d29ea8f3c3ad0e8c0495706d6b9eb45177f40fd
session_20260710_123210,219,WAITING_IN_PROGRESS,assets/replay/sessions/session_20260710_123210/frames/000219.jpg,crops/session_20260710_123210/000219.png,940,36,1620,100,0c7c24df29ab1498deafd67b6b2213a499e829a173b9997761be0b09f6f0a13a
session_20260710_123210,220,WAITING_IN_PROGRESS,assets/replay/sessions/session_20260710_123210/frames/000220.jpg,crops/session_20260710_123210/000220.png,940,36,1620,100,35876aff8c9a779d7e2e0dd740e141b240dc4eea8792cefebf0682418a5e3e05
session_20260710_123210,221,WAITING_IN_PROGRESS,assets/replay/sessions/session_20260710_123210/frames/000221.jpg,crops/session_20260710_123210/000221.png,940,36,1620,100,490c910a356db697081977a9b0ec2de857f811113f91c941197236a50cd71aa6
session_20260710_123210,222,WAITING_IN_PROGRESS,assets/replay/sessions/session_20260710_123210/frames/000222.jpg,crops/session_20260710_123210/000222.png,940,36,1620,100,d1ee3a2a8a36f0fe12f0bb3a7bff1e29349dee52d6fe5f33c4958d73da00b978
session_20260710_123210,223,WAITING_IN_PROGRESS,assets/replay/sessions/session_20260710_123210/frames/000223.jpg,crops/session_20260710_123210/000223.png,940,36,1620,100,b86e00e984da18c8a7b4ebc818c274e08e8cb586f36ae8b7797cf97f3de6282b
session_20260710_123210,224,WAITING_IN_PROGRESS,assets/replay/sessions/session_20260710_123210/frames/000224.jpg,crops/session_20260710_123210/000224.png,940,36,1620,100,9c6052fccd4e7a4d60bad18c31b3ba5d98e63d654fd96bb21049aeac1b1e7999
session_20260710_123210,225,WAITING_IN_PROGRESS,assets/replay/sessions/session_20260710_123210/frames/000225.jpg,crops/session_20260710_123210/000225.png,940,36,1620,100,e484bc67cb04947ec81a4c3f3766d57f3d3132e53a9c9da6fa6258b3d063eaf8
session_20260710_123210,226,WAITING_IN_PROGRESS,assets/replay/sessions/session_20260710_123210/frames/000226.jpg,crops/session_20260710_123210/000226.png,940,36,1620,100,d5b65075146ea1fe1ed52a7202fa76cf5ec21776dedf99036c9654a4d242e5f2
session_20260710_123210,227,WAITING_IN_PROGRESS,assets/replay/sessions/session_20260710_123210/frames/000227.jpg,crops/session_20260710_123210/000227.png,940,36,1620,100,4f5321cdd8a3aaf3e17a75c4309384f19861ff9bb11d159e6ec5a595ff75e036
session_20260710_123210,228,WAITING_IN_PROGRESS,assets/replay/sessions/session_20260710_123210/frames/000228.jpg,crops/session_20260710_123210/000228.png,940,36,1620,100,92d88fd39d340c3631cf0495aae4a3401b550bb96586a132fa86b743eb2d9062
session_20260710_123210,229,WAITING_IN_PROGRESS,assets/replay/sessions/session_20260710_123210/frames/000229.jpg,crops/session_20260710_123210/000229.png,940,36,1620,100,1e5959cf9acd22cabe343db02e8063bc0f849cb64bea25668c27e36782678f50
session_20260710_123210,230,WAITING_IN_PROGRESS,assets/replay/sessions/session_20260710_123210/frames/000230.jpg,crops/session_20260710_123210/000230.png,940,36,1620,100,edf4a28746d69d52a1c9e8fb0489afde662c64887ce88ff4fe283c518c703047
session_20260710_123210,231,WAITING_IN_PROGRESS,assets/replay/sessions/session_20260710_123210/frames/000231.jpg,crops/session_20260710_123210/000231.png,940,36,1620,100,dc7092e50b14b7b8a97af060fb8d54a863874299c8e05879d38fdd8483605e51
session_20260710_123210,232,WAITING_IN_PROGRESS,assets/replay/sessions/session_20260710_123210/frames/000232.jpg,crops/session_20260710_123210/000232.png,940,36,1620,100,fbdd2e1b1d95c1b714b79a822211369d6bc9284880c4c2207a2d55732757f0af
session_20260710_123210,233,WAITING_IN_PROGRESS,assets/replay/sessions/session_20260710_123210/frames/000233.jpg,crops/session_20260710_123210/000233.png,940,36,1620,100,e6a88d5bfdb326e37a53202ea3afdae146a81f2b4f811e1f0440f497dbfa0db6
session_20260710_123210,234,WAITING_IN_PROGRESS,assets/replay/sessions/session_20260710_123210/frames/000234.jpg,crops/session_20260710_123210/000234.png,940,36,1620,100,a622659a0b2d6d9d6702c8d511adf3903f1035b68536d169a50819c6898c7bc1
session_20260710_123210,235,WAITING_IN_PROGRESS,assets/replay/sessions/session_20260710_123210/frames/000235.jpg,crops/session_20260710_123210/000235.png,940,36,1620,100,02a846b2d510125c9f915f59b21fc9bb1162c11657169302a7b4aac1ba8c5415
session_20260710_123210,236,WAITING_IN_PROGRESS,assets/replay/sessions/session_20260710_123210/frames/000236.jpg,crops/session_20260710_123210/000236.png,940,36,1620,100,2c823a6afb6a96c57950955014f4e57ec9052bb25ef240e0a1c9e1a9040d0558
session_20260710_123210,237,WAITING_IN_PROGRESS,assets/replay/sessions/session_20260710_123210/frames/000237.jpg,crops/session_20260710_123210/000237.png,940,36,1620,100,ebd09bfa84f9914251cff0303f3d6cc2b8895ee95a4bba8807261f81cdb07e49
session_20260710_123210,238,WAITING_IN_PROGRESS,assets/replay/sessions/session_20260710_123210/frames/000238.jpg,crops/session_20260710_123210/000238.png,940,36,1620,100,aa67032a30b303fe5befb7c2759bde6e145335cc6097fb47069f2127b8a7f872
session_20260710_123210,239,WAITING_IN_PROGRESS,assets/replay/sessions/session_20260710_123210/frames/000239.jpg,crops/session_20260710_123210/000239.png,940,36,1620,100,4a7869e9ac655c9ab2a010c69f3f3b0facaa657a8cc52c41416dd2a79fd06e49
session_20260710_123210,240,WAITING_IN_PROGRESS,assets/replay/sessions/session_20260710_123210/frames/000240.jpg,crops/session_20260710_123210/000240.png,940,36,1620,100,8568931bb17998d588863d3c12ae9c8fb0a9119c5455fc7e335aee50e360a256
session_20260710_123210,241,WAITING_IN_PROGRESS,assets/replay/sessions/session_20260710_123210/frames/000241.jpg,crops/session_20260710_123210/000241.png,940,36,1620,100,1bb6ff060ab93ad4a7b817f84e2ae376583fef3e06ff239bc93f84fc151f67d6
session_20260710_123210,242,WAITING_IN_PROGRESS,assets/replay/sessions/session_20260710_123210/frames/000242.jpg,crops/session_20260710_123210/000242.png,940,36,1620,100,837fd9b09f2a4dc3ab473a494f1631b50f048f674449e2c107a09dcd9baf23fb
session_20260710_123210,243,WAITING_IN_PROGRESS,assets/replay/sessions/session_20260710_123210/frames/000243.jpg,crops/session_20260710_123210/000243.png,940,36,1620,100,50ef3ecd6a3500b2106e830e7a1aad5e321b9058a9a9036d650002562dd130b4
session_20260710_123210,244,WAITING_IN_PROGRESS,assets/replay/sessions/session_20260710_123210/frames/000244.jpg,crops/session_20260710_123210/000244.png,940,36,1620,100,fd6543a580bf875ead29e965f50cf69ea62e76b936318104e343e59a9d99f961
session_20260710_123210,245,WAITING_IN_PROGRESS,assets/replay/sessions/session_20260710_123210/frames/000245.jpg,crops/session_20260710_123210/000245.png,940,36,1620,100,acdfef9eb1c0479caf8ff7e8ec43bda01ce7c7d77deb04ff06bf7d1a3fb0d3b4
session_20260710_123210,246,WAITING_IN_PROGRESS,assets/replay/sessions/session_20260710_123210/frames/000246.jpg,crops/session_20260710_123210/000246.png,940,36,1620,100,c13c49a633318bd52e5438908fc97719bb9b99aefaffebe45300fc57fe9a09ea
session_20260710_123210,247,WAITING_IN_PROGRESS,assets/replay/sessions/session_20260710_123210/frames/000247.jpg,crops/session_20260710_123210/000247.png,940,36,1620,100,7ad256d91775c9ebb38e5feda5ee6835420376d9bd04f55c215184561f47ee05
session_20260710_123210,248,WAITING_IN_PROGRESS,assets/replay/sessions/session_20260710_123210/frames/000248.jpg,crops/session_20260710_123210/000248.png,940,36,1620,100,c0b42f9346f2b1e7ab4477a8099add8e22b9b13e7a6f04320af79a4daec8ca3f
session_20260710_123210,249,WAITING_IN_PROGRESS,assets/replay/sessions/session_20260710_123210/frames/000249.jpg,crops/session_20260710_123210/000249.png,940,36,1620,100,27046a741777b6b3eb8c57c3665e2e4272b653208be1db5aeb5baeb54b10dbca
session_20260710_123210,250,WAITING_IN_PROGRESS,assets/replay/sessions/session_20260710_123210/frames/000250.jpg,crops/session_20260710_123210/000250.png,940,36,1620,100,64a79bdc65271cab3b53229bb41e4cf411439e05fd2bd26b9842e01324d15d86
session_20260710_123210,251,WAITING_IN_PROGRESS,assets/replay/sessions/session_20260710_123210/frames/000251.jpg,crops/session_20260710_123210/000251.png,940,36,1620,100,a6e75c0d307c4933bebbd30793f1010ecebef664ce57afbbd5accfc132952f5b
session_20260710_123210,252,WAITING_IN_PROGRESS,assets/replay/sessions/session_20260710_123210/frames/000252.jpg,crops/session_20260710_123210/000252.png,940,36,1620,100,dfa879031ed6d0bf01e376cf9084bfac1219b34ce1dfb2b7fbb06502d5bd040d
session_20260710_123210,253,WAITING_IN_PROGRESS,assets/replay/sessions/session_20260710_123210/frames/000253.jpg,crops/session_20260710_123210/000253.png,940,36,1620,100,254c28ecfba970aeb58089273a37510f28f6ae52764e541e417523db94963fb2
session_20260710_123210,254,WAITING_IN_PROGRESS,assets/replay/sessions/session_20260710_123210/frames/000254.jpg,crops/session_20260710_123210/000254.png,940,36,1620,100,eb74254382387fd75000e40cf5a38b9695377733597f1090035786d3055fd52a
session_20260710_123210,255,WAITING_IN_PROGRESS,assets/replay/sessions/session_20260710_123210/frames/000255.jpg,crops/session_20260710_123210/000255.png,940,36,1620,100,2e65b9ef206e7239ededbeaaf36dd1e165e6a99394f9daa3817a1396481b49f9
session_20260710_123210,256,WAITING_IN_PROGRESS,assets/replay/sessions/session_20260710_123210/frames/000256.jpg,crops/session_20260710_123210/000256.png,940,36,1620,100,39e6d5b909b41234669a592a5d77f713894d068ae325641ddd694e3ed3df3315
session_20260710_123210,257,WAITING_IN_PROGRESS,assets/replay/sessions/session_20260710_123210/frames/000257.jpg,crops/session_20260710_123210/000257.png,940,36,1620,100,51c2d70c1de004cbe006868b086c964459b722dfe1ed3ac24fb4d00a1a81a74e
session_20260710_123210,258,WAITING_IN_PROGRESS,assets/replay/sessions/session_20260710_123210/frames/000258.jpg,crops/session_20260710_123210/000258.png,940,36,1620,100,e8f7bd61c39bc48c2082338bd31d22c9e79b2609392a3fb3041bf6401a7016cd
session_20260710_123210,259,WAITING_IN_PROGRESS,assets/replay/sessions/session_20260710_123210/frames/000259.jpg,crops/session_20260710_123210/000259.png,940,36,1620,100,940387f1c4e44e0ebeebfd3529dd4224714dce8115088c5006788bf26a17ad83
session_20260710_123210,260,WAITING_IN_PROGRESS,assets/replay/sessions/session_20260710_123210/frames/000260.jpg,crops/session_20260710_123210/000260.png,940,36,1620,100,37be4ab437c66c5235346c0d79f988343e645b4a42e1a2b8dcc2339a598ed16c
session_20260710_123210,261,WAITING_IN_PROGRESS,assets/replay/sessions/session_20260710_123210/frames/000261.jpg,crops/session_20260710_123210/000261.png,940,36,1620,100,09b8429a644b00618e023e8cd9218f3c7335af3b6078879c74032c7061a59522
session_20260710_123210,262,WAITING_IN_PROGRESS,assets/replay/sessions/session_20260710_123210/frames/000262.jpg,crops/session_20260710_123210/000262.png,940,36,1620,100,dab4fc8defb3808034d51f2f5c02a738a770e47ab4a92f89d7b21765d270c1ea
session_20260710_123210,263,WAITING_IN_PROGRESS,assets/replay/sessions/session_20260710_123210/frames/000263.jpg,crops/session_20260710_123210/000263.png,940,36,1620,100,eebe3baa10c26ae45c925320ace21f9dd710d4efceea5782c47f0086388d28b7
session_20260710_123210,264,WAITING_IN_PROGRESS,assets/replay/sessions/session_20260710_123210/frames/000264.jpg,crops/session_20260710_123210/000264.png,940,36,1620,100,cda7c5e32c1271ffd51bf0a841cf0d3b6fe99cbcdef0b4efb9b1fe3af4be0f57
session_20260710_123210,265,WAITING_IN_PROGRESS,assets/replay/sessions/session_20260710_123210/frames/000265.jpg,crops/session_20260710_123210/000265.png,940,36,1620,100,f3004c7baf9a875307d9cdda3898d0f19807cc56c9c20bc679267fc85dd0edef
session_20260710_123210,266,WAITING_IN_PROGRESS,assets/replay/sessions/session_20260710_123210/frames/000266.jpg,crops/session_20260710_123210/000266.png,940,36,1620,100,16d363c61e8cbe3ef6cedd141de392b18ee61556446507f9d9aaed4bc7e928ab
session_20260710_123210,267,WAITING_IN_PROGRESS,assets/replay/sessions/session_20260710_123210/frames/000267.jpg,crops/session_20260710_123210/000267.png,940,36,1620,100,6c9279263dc6d5e525f432761d5d3c045093b098b27b0e6bad897f7c2771eab2
session_20260710_123210,268,WAITING_IN_PROGRESS,assets/replay/sessions/session_20260710_123210/frames/000268.jpg,crops/session_20260710_123210/000268.png,940,36,1620,100,beb60cf6445906e1b0a39485cc151afacb3003441fea258c0da67d05a8b13d1e
session_20260710_123210,269,WAITING_IN_PROGRESS,assets/replay/sessions/session_20260710_123210/frames/000269.jpg,crops/session_20260710_123210/000269.png,940,36,1620,100,5d4a41e13fb9dafe670d55e67f4fb0139c34c39d9a0f8a3899d80e0328cc74be
session_20260710_123210,270,WAITING_IN_PROGRESS,assets/replay/sessions/session_20260710_123210/frames/000270.jpg,crops/session_20260710_123210/000270.png,940,36,1620,100,75222680e62e540a49868886032d81b8424ecd49091e0c5fdb0a8edaa7f74df3
session_20260710_123210,271,WAITING_IN_PROGRESS,assets/replay/sessions/session_20260710_123210/frames/000271.jpg,crops/session_20260710_123210/000271.png,940,36,1620,100,46e31c7323ccc34d2c2b7247134e7e478ef25f54dbc33efa282c9ffd3d7172ce
session_20260710_123210,272,WAITING_IN_PROGRESS,assets/replay/sessions/session_20260710_123210/frames/000272.jpg,crops/session_20260710_123210/000272.png,940,36,1620,100,b983ce9975b2c07fb6281d371625a9b8f4be1102d5b1729aeb1e6bbd46544129
session_20260710_123210,273,WAITING_IN_PROGRESS,assets/replay/sessions/session_20260710_123210/frames/000273.jpg,crops/session_20260710_123210/000273.png,940,36,1620,100,9c92421f9c2bb1310365633304686773d78f0db98c7fda600d060b1918892c30
session_20260710_123210,274,WAITING_IN_PROGRESS,assets/replay/sessions/session_20260710_123210/frames/000274.jpg,crops/session_20260710_123210/000274.png,940,36,1620,100,97a5872d7d288b8bcd3c60c2465267a94024a616c4a4d7cf99504f3acbed155a
session_20260710_123210,275,WAITING_IN_PROGRESS,assets/replay/sessions/session_20260710_123210/frames/000275.jpg,crops/session_20260710_123210/000275.png,940,36,1620,100,18f7f782389a92f7157013d1afd4b474508e4c7f613d44ebbb048bc152d89474
session_20260710_123210,276,WAITING_IN_PROGRESS,assets/replay/sessions/session_20260710_123210/frames/000276.jpg,crops/session_20260710_123210/000276.png,940,36,1620,100,5426b3d8dfc57460f79d7e8b0526b389169bffc3f876bb291a2f6d0dd311342a
session_20260710_123210,277,WAITING_IN_PROGRESS,assets/replay/sessions/session_20260710_123210/frames/000277.jpg,crops/session_20260710_123210/000277.png,940,36,1620,100,fabcc16ee1f90bcb395c72b0926f586096960daf36ecc39cd9d2801593732ac6
session_20260710_123210,278,WAITING_IN_PROGRESS,assets/replay/sessions/session_20260710_123210/frames/000278.jpg,crops/session_20260710_123210/000278.png,940,36,1620,100,1f8ae3db9464608a2befe722cae6ae31c591c2a701c302f6eb7cfa3b6f4fda90
session_20260710_123210,279,WAITING_IN_PROGRESS,assets/replay/sessions/session_20260710_123210/frames/000279.jpg,crops/session_20260710_123210/000279.png,940,36,1620,100,e1b5741685ea01154a73edae1c6da3099f66c0b5bbe7f756551b46d71373da9d
session_20260710_123210,280,WAITING_IN_PROGRESS,assets/replay/sessions/session_20260710_123210/frames/000280.jpg,crops/session_20260710_123210/000280.png,940,36,1620,100,4b29702c0bf76a8dc0b5dd646f12bb37725b5a085776d268f9ca625ad4d9a8ce
session_20260710_123210,281,WAITING_IN_PROGRESS,assets/replay/sessions/session_20260710_123210/frames/000281.jpg,crops/session_20260710_123210/000281.png,940,36,1620,100,033a708d1c1658f63ed34e5fe37bc61d3fe6f1e6e72c943dd38383af3ef2d72f
session_20260710_123210,282,WAITING_IN_PROGRESS,assets/replay/sessions/session_20260710_123210/frames/000282.jpg,crops/session_20260710_123210/000282.png,940,36,1620,100,ccb406298f3012fa721bba16468d2757a406a2e9c804c54a93f4d25668d0593d
session_20260710_123210,283,WAITING_IN_PROGRESS,assets/replay/sessions/session_20260710_123210/frames/000283.jpg,crops/session_20260710_123210/000283.png,940,36,1620,100,bb9a86977574db7d17d768ead31b9ffc77f0b11308fb589d159568ca8d15b948
session_20260710_123210,284,WAITING_IN_PROGRESS,assets/replay/sessions/session_20260710_123210/frames/000284.jpg,crops/session_20260710_123210/000284.png,940,36,1620,100,38b34a1ec5a96796954c78f73744b0455eaab5e9403546f2c4cfb51e0cdf0f25
session_20260710_123210,285,WAITING_IN_PROGRESS,assets/replay/sessions/session_20260710_123210/frames/000285.jpg,crops/session_20260710_123210/000285.png,940,36,1620,100,9d973b318fd226d0aa8d03a3c5247b0e945558ee9371a9516fbe4a21c075912a
session_20260710_123210,286,WAITING_IN_PROGRESS,assets/replay/sessions/session_20260710_123210/frames/000286.jpg,crops/session_20260710_123210/000286.png,940,36,1620,100,e21906c6d859dd1ab939c005a5142ca14ff1bbc9142bf91ddf8a7463f466f424
session_20260710_123210,287,WAITING_IN_PROGRESS,assets/replay/sessions/session_20260710_123210/frames/000287.jpg,crops/session_20260710_123210/000287.png,940,36,1620,100,fe513420e4c9f6386859190332acba59631442261bee7954aa590d71f7ce34e8
session_20260710_123210,288,WAITING_IN_PROGRESS,assets/replay/sessions/session_20260710_123210/frames/000288.jpg,crops/session_20260710_123210/000288.png,940,36,1620,100,de82f5c6f06ada70ec569fd3287932d6233665828466e3a47fd440f39e72000a
session_20260710_123210,289,WAITING_IN_PROGRESS,assets/replay/sessions/session_20260710_123210/frames/000289.jpg,crops/session_20260710_123210/000289.png,940,36,1620,100,5beb6c428404864c7a522a3b360b12af9753ceaff5c5748abf9085e5aeab23b4
session_20260710_123210,290,WAITING_IN_PROGRESS,assets/replay/sessions/session_20260710_123210/frames/000290.jpg,crops/session_20260710_123210/000290.png,940,36,1620,100,4db91f9f43194bed633d7e20ed4a82be420f67c50034c636ac8566052c886142
session_20260710_123210,291,WAITING_IN_PROGRESS,assets/replay/sessions/session_20260710_123210/frames/000291.jpg,crops/session_20260710_123210/000291.png,940,36,1620,100,bf2f1597f8442d9910fd7b415542f0ffbdb819585bff95b1352b0d4150a23032
session_20260710_123210,292,WAITING_IN_PROGRESS,assets/replay/sessions/session_20260710_123210/frames/000292.jpg,crops/session_20260710_123210/000292.png,940,36,1620,100,8933f6324b7c9a65f1a705da35f1af3e73cc53cdc11c8bb85f89590752a6bd54
session_20260710_123210,293,WAITING_IN_PROGRESS,assets/replay/sessions/session_20260710_123210/frames/000293.jpg,crops/session_20260710_123210/000293.png,940,36,1620,100,77e8fa02223d130a66670e01f6bab8c7e645f69775eead7e03c1d03e900570c0
session_20260710_123210,294,WAITING_IN_PROGRESS,assets/replay/sessions/session_20260710_123210/frames/000294.jpg,crops/session_20260710_123210/000294.png,940,36,1620,100,d4ac7446219ec126e072286b1b882e4a56548163c4983644e981e5a47e448de5
session_20260710_123210,295,WAITING_IN_PROGRESS,assets/replay/sessions/session_20260710_123210/frames/000295.jpg,crops/session_20260710_123210/000295.png,940,36,1620,100,d64050ac9136f690cb41881fd341c4495250fd89e08260b6ba459e99e0474729
session_20260710_123210,296,WAITING_IN_PROGRESS,assets/replay/sessions/session_20260710_123210/frames/000296.jpg,crops/session_20260710_123210/000296.png,940,36,1620,100,842349bcff84e465aa4ad1db825db833da85d5ecf1d4fc39d7c22616c34773f0
session_20260710_123210,297,WAITING_IN_PROGRESS,assets/replay/sessions/session_20260710_123210/frames/000297.jpg,crops/session_20260710_123210/000297.png,940,36,1620,100,3d53428a1eef180bcfb0637d03b06a61cc54ac4c85c53422b4ddb23de4c3bd1c
session_20260710_123210,298,WAITING_IN_PROGRESS,assets/replay/sessions/session_20260710_123210/frames/000298.jpg,crops/session_20260710_123210/000298.png,940,36,1620,100,1769d0244a5b8dbc6b608f7b40b300316950bdb7385f9e9bd97fa8ddf30321ad
session_20260710_123210,299,WAITING_IN_PROGRESS,assets/replay/sessions/session_20260710_123210/frames/000299.jpg,crops/session_20260710_123210/000299.png,940,36,1620,100,e44fb12e2cf5367918e0dc10c4b8814c9d247b95f131341a3e0bfa16729ce014
session_20260710_123210,300,WAITING_IN_PROGRESS,assets/replay/sessions/session_20260710_123210/frames/000300.jpg,crops/session_20260710_123210/000300.png,940,36,1620,100,278cd7bb26752683d37c0cd5481061cc47c96d805765a50bb5a0b02e70141c0a
session_20260710_123210,301,WAITING_IN_PROGRESS,assets/replay/sessions/session_20260710_123210/frames/000301.jpg,crops/session_20260710_123210/000301.png,940,36,1620,100,393e48b6b89509c0dc19d1ffef48b5bad11c9b6b3871adbbb2f8240347388a24
session_20260710_123210,302,WAITING_IN_PROGRESS,assets/replay/sessions/session_20260710_123210/frames/000302.jpg,crops/session_20260710_123210/000302.png,940,36,1620,100,60eff34c8cb3458a0721320e5ed7a31595f9a194232653d4d328d8c5ad1bf5ed
session_20260710_123210,303,WAITING_IN_PROGRESS,assets/replay/sessions/session_20260710_123210/frames/000303.jpg,crops/session_20260710_123210/000303.png,940,36,1620,100,38b5ea289ff8b0f50d98eb8663cf6336e090911a32ca28e4e078fda53815014a
session_20260710_123210,304,WAITING_IN_PROGRESS,assets/replay/sessions/session_20260710_123210/frames/000304.jpg,crops/session_20260710_123210/000304.png,940,36,1620,100,5bebd4f6dae0a3d593c1c45688e23fbb1c500331eb123fb050fa0be6ccd16ab5
session_20260710_123210,305,WAITING_IN_PROGRESS,assets/replay/sessions/session_20260710_123210/frames/000305.jpg,crops/session_20260710_123210/000305.png,940,36,1620,100,7c56a448f82914f85a87345b54822fadd3eac3ef54d1809c0f43bae69f4bb890
session_20260710_123210,306,WAITING_IN_PROGRESS,assets/replay/sessions/session_20260710_123210/frames/000306.jpg,crops/session_20260710_123210/000306.png,940,36,1620,100,f93716c6f40c96a1e8794367569fdc16f0941a43a31979b4b2360d8958216950
session_20260710_123210,307,WAITING_IN_PROGRESS,assets/replay/sessions/session_20260710_123210/frames/000307.jpg,crops/session_20260710_123210/000307.png,940,36,1620,100,df49c748b922a277549493ebd76b34836537398bea5f909ab165c8b033c22fb0
session_20260710_123210,308,WAITING_IN_PROGRESS,assets/replay/sessions/session_20260710_123210/frames/000308.jpg,crops/session_20260710_123210/000308.png,940,36,1620,100,dfe2412929ee30c69a77a8be6e6e0a30b4b41004b5a3ac942a6a1c05c3896786
session_20260710_123210,309,WAITING_IN_PROGRESS,assets/replay/sessions/session_20260710_123210/frames/000309.jpg,crops/session_20260710_123210/000309.png,940,36,1620,100,1ed174223f2c0d982801c26c1068631438972cebe5b999d3a04044438c8c73e7
session_20260710_123210,310,WAITING_IN_PROGRESS,assets/replay/sessions/session_20260710_123210/frames/000310.jpg,crops/session_20260710_123210/000310.png,940,36,1620,100,59ed05f1a597077b158d58276a1a8631b15d76cda0215e15b612381507c0ba2c
session_20260710_123210,311,WAITING_IN_PROGRESS,assets/replay/sessions/session_20260710_123210/frames/000311.jpg,crops/session_20260710_123210/000311.png,940,36,1620,100,72a312f1d9da60ef41a0e29bec9cbaa3e4dc7df3b6d5473ded84ed12cd950257
session_20260710_123210,312,WAITING_IN_PROGRESS,assets/replay/sessions/session_20260710_123210/frames/000312.jpg,crops/session_20260710_123210/000312.png,940,36,1620,100,38fe92479131555ab4f70ab6c908be0bea2796be8f0cc11907bdd0f3a3b0fd21
session_20260710_123210,313,WAITING_IN_PROGRESS,assets/replay/sessions/session_20260710_123210/frames/000313.jpg,crops/session_20260710_123210/000313.png,940,36,1620,100,7c67a0a70e5a1ae3b2b0a6e4fc83a016018e704e77b88cad35e4f0a96c2748ac
session_20260710_123210,314,WAITING_IN_PROGRESS,assets/replay/sessions/session_20260710_123210/frames/000314.jpg,crops/session_20260710_123210/000314.png,940,36,1620,100,4a8916fdddb41d911ad8ff23c8a029128dd568cd07388d5c8905bc3c34712717
session_20260710_123210,315,WAITING_IN_PROGRESS,assets/replay/sessions/session_20260710_123210/frames/000315.jpg,crops/session_20260710_123210/000315.png,940,36,1620,100,df09b8d394db2ac6fc5c8ddcfbc0fb328d998a869f15f8b6547739b705e97111
session_20260710_123210,316,WAITING_IN_PROGRESS,assets/replay/sessions/session_20260710_123210/frames/000316.jpg,crops/session_20260710_123210/000316.png,940,36,1620,100,ed9e9fecde301abdd31f9df0a8ea987236a9e39121c7875464735a4741201536
session_20260710_123210,317,WAITING_IN_PROGRESS,assets/replay/sessions/session_20260710_123210/frames/000317.jpg,crops/session_20260710_123210/000317.png,940,36,1620,100,445542498d95dc43af704b596b372e913a39c7e1371afe3512ca15ebbf4b16cb
session_20260710_123210,318,WAITING_IN_PROGRESS,assets/replay/sessions/session_20260710_123210/frames/000318.jpg,crops/session_20260710_123210/000318.png,940,36,1620,100,d2d1d02a468c2f0243cac92a958695d486a3f976ba61f8dbd6c25c829d73f880
session_20260710_123210,319,WAITING_IN_PROGRESS,assets/replay/sessions/session_20260710_123210/frames/000319.jpg,crops/session_20260710_123210/000319.png,940,36,1620,100,24aef887d98240c0677201a5c7feee179f601e2d08006f8c102fe9fd271cbdfa
session_20260710_123210,320,WAITING_IN_PROGRESS,assets/replay/sessions/session_20260710_123210/frames/000320.jpg,crops/session_20260710_123210/000320.png,940,36,1620,100,48faff3a86ed3f428054a2645f6ecb05f14975cd675fa286a3fb1606a5f5e0ec
session_20260710_123210,321,WAITING_IN_PROGRESS,assets/replay/sessions/session_20260710_123210/frames/000321.jpg,crops/session_20260710_123210/000321.png,940,36,1620,100,902f7773394bfa932fca61dc0232600bc87acf1f9b96822cc4e24ff2feed4c48
session_20260710_123210,322,WAITING_IN_PROGRESS,assets/replay/sessions/session_20260710_123210/frames/000322.jpg,crops/session_20260710_123210/000322.png,940,36,1620,100,1f3810e685655e36c4e26a3ae9e79d7d30a02c87ff09dc2239ec1ab1fc6da318
session_20260710_123210,323,WAITING_IN_PROGRESS,assets/replay/sessions/session_20260710_123210/frames/000323.jpg,crops/session_20260710_123210/000323.png,940,36,1620,100,9ba2e548186fb020ca4c9a1e8ebe37afd06bc510b7db97b33f48336cd2aa2a79
session_20260710_123210,324,WAITING_IN_PROGRESS,assets/replay/sessions/session_20260710_123210/frames/000324.jpg,crops/session_20260710_123210/000324.png,940,36,1620,100,f1668b28f42c1c69c04d82295f28fb9735d84390bb75d3d4d45f40779a752091
session_20260710_123210,325,WAITING_IN_PROGRESS,assets/replay/sessions/session_20260710_123210/frames/000325.jpg,crops/session_20260710_123210/000325.png,940,36,1620,100,ef3f51c6271efd2ff9d402973f9d65abfaddfc8069d46a5f550b2d1fbf0b7fc3
session_20260710_123210,326,WAITING_IN_PROGRESS,assets/replay/sessions/session_20260710_123210/frames/000326.jpg,crops/session_20260710_123210/000326.png,940,36,1620,100,0430ca9f2ae513a21b2aa92ccd62b36020165a32999d4777c28ddba2a9603d71
session_20260710_123210,327,WAITING_IN_PROGRESS,assets/replay/sessions/session_20260710_123210/frames/000327.jpg,crops/session_20260710_123210/000327.png,940,36,1620,100,8825c657df73ac3258e88b547ce69e65e225890fd19eb9b26a2009e89e49ec7c
session_20260710_123210,328,WAITING_IN_PROGRESS,assets/replay/sessions/session_20260710_123210/frames/000328.jpg,crops/session_20260710_123210/000328.png,940,36,1620,100,29574349370cfd0f2ead98ca197a0a0f1aeefbc616b9e8ade1f1a0e45308061d
session_20260710_123210,329,WAITING_IN_PROGRESS,assets/replay/sessions/session_20260710_123210/frames/000329.jpg,crops/session_20260710_123210/000329.png,940,36,1620,100,2d42548b10fcb3f12610d48dfceee0921a31e8deb77ad97f18499fc63292e885
session_20260710_123210,330,WAITING_IN_PROGRESS,assets/replay/sessions/session_20260710_123210/frames/000330.jpg,crops/session_20260710_123210/000330.png,940,36,1620,100,a4e2fbfb3c25de25ffefb3420b2ca196c7014b6464e4a8457598bb5beb7c3890
session_20260710_123210,331,WAITING_IN_PROGRESS,assets/replay/sessions/session_20260710_123210/frames/000331.jpg,crops/session_20260710_123210/000331.png,940,36,1620,100,3d4e0c96789a2d2a127581355667fd39f279978d8ee8e82970db93e88a00ea56
session_20260710_123210,332,WAITING_IN_PROGRESS,assets/replay/sessions/session_20260710_123210/frames/000332.jpg,crops/session_20260710_123210/000332.png,940,36,1620,100,56ad08e4535f1f572c2a284b261a6e90b45918792946577a4fe153c05c8e912e
session_20260710_123210,333,WAITING_IN_PROGRESS,assets/replay/sessions/session_20260710_123210/frames/000333.jpg,crops/session_20260710_123210/000333.png,940,36,1620,100,7091aa2645e0bfbb8fc6307b9044e22256850dd1885273ab0696c4a3668e5292
session_20260710_123210,334,WAITING_IN_PROGRESS,assets/replay/sessions/session_20260710_123210/frames/000334.jpg,crops/session_20260710_123210/000334.png,940,36,1620,100,14a625b9ec6d0586026c2a142e469edb3bc78be1ab7243ba8888ad29c723534a
session_20260710_123210,335,WAITING_IN_PROGRESS,assets/replay/sessions/session_20260710_123210/frames/000335.jpg,crops/session_20260710_123210/000335.png,940,36,1620,100,c773232dda769cf3a1ca15c6d146799ac9eba02f746f63f8a03730e0136a7827
session_20260710_123210,336,WAITING_IN_PROGRESS,assets/replay/sessions/session_20260710_123210/frames/000336.jpg,crops/session_20260710_123210/000336.png,940,36,1620,100,2f5f5aa3f5c53e80bb404d2edbc7853be50737fb3f7f7e39896cd6e2c8846b90
session_20260710_123210,337,WAITING_IN_PROGRESS,assets/replay/sessions/session_20260710_123210/frames/000337.jpg,crops/session_20260710_123210/000337.png,940,36,1620,100,384a0f0e7ef717793812053ae85aca4562a28640a3a28542491fba1e88cebafb
session_20260710_123210,338,WAITING_IN_PROGRESS,assets/replay/sessions/session_20260710_123210/frames/000338.jpg,crops/session_20260710_123210/000338.png,940,36,1620,100,7eaaef69ab8eb3d477f10e9d00e7567834cdfd231540f0bb8565bd2da85fcf9f
session_20260710_123210,339,WAITING_IN_PROGRESS,assets/replay/sessions/session_20260710_123210/frames/000339.jpg,crops/session_20260710_123210/000339.png,940,36,1620,100,184e19e8b04af9ba9677b4897e23a359a29676bf2e52e14dbdd30c836a8527e3
session_20260710_123210,340,WAITING_IN_PROGRESS,assets/replay/sessions/session_20260710_123210/frames/000340.jpg,crops/session_20260710_123210/000340.png,940,36,1620,100,1b52df52420ca04242bd5f7ab7d57add25488366ab72fb2d2de7b40f2e31276b
session_20260710_123210,341,WAITING_IN_PROGRESS,assets/replay/sessions/session_20260710_123210/frames/000341.jpg,crops/session_20260710_123210/000341.png,940,36,1620,100,20fbfdba1e81625d459151eefc8ec3653090ab742cc6f6befcbf869eb234db9f
session_20260710_123210,342,WAITING_IN_PROGRESS,assets/replay/sessions/session_20260710_123210/frames/000342.jpg,crops/session_20260710_123210/000342.png,940,36,1620,100,68e707cd1f179638d744142d1cb9478c14353744adf9b65f8a54bfb8aad0b09d
session_20260710_123210,343,WAITING_IN_PROGRESS,assets/replay/sessions/session_20260710_123210/frames/000343.jpg,crops/session_20260710_123210/000343.png,940,36,1620,100,e4cad6007fcedd7746fefd41041c2cab48daec92fcc07c3199da36d21dae5584
session_20260710_123210,344,WAITING_IN_PROGRESS,assets/replay/sessions/session_20260710_123210/frames/000344.jpg,crops/session_20260710_123210/000344.png,940,36,1620,100,06c58b78252d55eb16d93543360cd25722392d3f52582ac830b82d2aae947f9c
session_20260710_123210,345,WAITING_IN_PROGRESS,assets/replay/sessions/session_20260710_123210/frames/000345.jpg,crops/session_20260710_123210/000345.png,940,36,1620,100,f4fe561414adf82b4eb27034157920848cfc0605279af21b7e81da8a410a70f8
session_20260710_123210,346,WAITING_IN_PROGRESS,assets/replay/sessions/session_20260710_123210/frames/000346.jpg,crops/session_20260710_123210/000346.png,940,36,1620,100,66bfc4ed2b6438231415640cf5adb50006e7cd28a6e464a9e9dd559f06d34d90
session_20260710_123210,347,WAITING_IN_PROGRESS,assets/replay/sessions/session_20260710_123210/frames/000347.jpg,crops/session_20260710_123210/000347.png,940,36,1620,100,336b4b0cc6126117190ffea14789a2e0a224a910f26961aca9d1e9e487746175
session_20260710_123210,348,WAITING_IN_PROGRESS,assets/replay/sessions/session_20260710_123210/frames/000348.jpg,crops/session_20260710_123210/000348.png,940,36,1620,100,6de5e4bb5f4bb75aae34616f6ba35a05ca41a16a8f80019c04bc7d8762b78f8b
session_20260710_123210,349,WAITING_IN_PROGRESS,assets/replay/sessions/session_20260710_123210/frames/000349.jpg,crops/session_20260710_123210/000349.png,940,36,1620,100,6937f0a50021e780db00aa80ce02cde760ea19c1823990008b09d202b848a255
session_20260710_123210,350,WAITING_IN_PROGRESS,assets/replay/sessions/session_20260710_123210/frames/000350.jpg,crops/session_20260710_123210/000350.png,940,36,1620,100,eb2f2ac8e9b8f53277e14aa11daa300581c0c0e109eccec78fb3b39b244bba8b
session_20260710_123210,351,WAITING_IN_PROGRESS,assets/replay/sessions/session_20260710_123210/frames/000351.jpg,crops/session_20260710_123210/000351.png,940,36,1620,100,7ee8f67747bb65c7c63457e7914e5bf6de5e83617adc50a62b134d0d10179eb6
session_20260710_123210,352,WAITING_IN_PROGRESS,assets/replay/sessions/session_20260710_123210/frames/000352.jpg,crops/session_20260710_123210/000352.png,940,36,1620,100,7d476531f3eb2e9b9aa3887452fe50376dbf4df3bec25357d339e0153dfebf61
session_20260710_123210,353,WAITING_IN_PROGRESS,assets/replay/sessions/session_20260710_123210/frames/000353.jpg,crops/session_20260710_123210/000353.png,940,36,1620,100,09ef377ae56a0b2a130f462bbc2b30abffe448b3c1125476b63c2c6eeffd8527
session_20260710_123210,354,WAITING_IN_PROGRESS,assets/replay/sessions/session_20260710_123210/frames/000354.jpg,crops/session_20260710_123210/000354.png,940,36,1620,100,bdc884ebc3248e3bce4a9dd708e9c3a846ade3965ad4a5b3997b8d9502ddc98e
session_20260710_123210,355,WAITING_IN_PROGRESS,assets/replay/sessions/session_20260710_123210/frames/000355.jpg,crops/session_20260710_123210/000355.png,940,36,1620,100,c260130f4bd00e174c3dc5a16667e9ec55b12ec853ab8314901c18df67fb0c39
session_20260710_123210,356,WAITING_IN_PROGRESS,assets/replay/sessions/session_20260710_123210/frames/000356.jpg,crops/session_20260710_123210/000356.png,940,36,1620,100,3e896cf9f9596179b72284cc30b73fb920a7bc6dfe94433bf12fe59c0a80fb57
session_20260710_123210,357,WAITING_IN_PROGRESS,assets/replay/sessions/session_20260710_123210/frames/000357.jpg,crops/session_20260710_123210/000357.png,940,36,1620,100,fb8cc16e02f6adae5165a07519b815129ec7d1424c6da4c0cb720eee900c6202
session_20260710_123210,358,WAITING_IN_PROGRESS,assets/replay/sessions/session_20260710_123210/frames/000358.jpg,crops/session_20260710_123210/000358.png,940,36,1620,100,3805539a7f8ffaf5aad91350de5d3ef924023f73dc8a288fb777b2b51e5c4c06
session_20260710_123210,359,WAITING_IN_PROGRESS,assets/replay/sessions/session_20260710_123210/frames/000359.jpg,crops/session_20260710_123210/000359.png,940,36,1620,100,3eb467090859dbea1e4bc060d8b5400db9904973b76ea76ca44a755422fb1c85
session_20260710_123210,360,WAITING_IN_PROGRESS,assets/replay/sessions/session_20260710_123210/frames/000360.jpg,crops/session_20260710_123210/000360.png,940,36,1620,100,88e47cdaa21ac4f5a8ac5c7dfaed577809d82428f3ac94048ef323d12098b128
session_20260710_123210,361,WAITING_IN_PROGRESS,assets/replay/sessions/session_20260710_123210/frames/000361.jpg,crops/session_20260710_123210/000361.png,940,36,1620,100,7dc12ad878e813f0da83628d9a984d2acd0157bcdfdfe768818e3b3bd2124fdd
session_20260710_123210,362,WAITING_IN_PROGRESS,assets/replay/sessions/session_20260710_123210/frames/000362.jpg,crops/session_20260710_123210/000362.png,940,36,1620,100,e97294e5652607e6386cc318ff85cb80d83663ad1d532381398d06b33f5bd69a
session_20260710_123210,363,WAITING_IN_PROGRESS,assets/replay/sessions/session_20260710_123210/frames/000363.jpg,crops/session_20260710_123210/000363.png,940,36,1620,100,f06d07bfe50d79aee452ca336e2a17aa16cce0302030b36b5a3b1e2fa10a52d2
session_20260710_123210,364,WAITING_IN_PROGRESS,assets/replay/sessions/session_20260710_123210/frames/000364.jpg,crops/session_20260710_123210/000364.png,940,36,1620,100,f957786b8b1f9d3af443e391fe8878d7bb141cc6cede9a3c98affe49d82cb26b
session_20260710_123210,365,WAITING_IN_PROGRESS,assets/replay/sessions/session_20260710_123210/frames/000365.jpg,crops/session_20260710_123210/000365.png,940,36,1620,100,0d9704bb685458655a2be117d2e37b808bf754251dda4626d806a2ef01e91b7b
session_20260710_123210,366,WAITING_IN_PROGRESS,assets/replay/sessions/session_20260710_123210/frames/000366.jpg,crops/session_20260710_123210/000366.png,940,36,1620,100,1ab727a12eb10114b43abab1ab45937d2347e938c784b6ad7c1b096c648079c8
session_20260710_123210,367,WAITING_IN_PROGRESS,assets/replay/sessions/session_20260710_123210/frames/000367.jpg,crops/session_20260710_123210/000367.png,940,36,1620,100,741f44506f3dca55107e6776baababb330c479d27129d10f3ac6ce0152c68a88
session_20260710_123210,368,WAITING_IN_PROGRESS,assets/replay/sessions/session_20260710_123210/frames/000368.jpg,crops/session_20260710_123210/000368.png,940,36,1620,100,68945e943d810965ac3724d575f163f1c0305ed30d9f04d7a99a83c6707ceb3b
session_20260710_123210,369,WAITING_IN_PROGRESS,assets/replay/sessions/session_20260710_123210/frames/000369.jpg,crops/session_20260710_123210/000369.png,940,36,1620,100,286ae276beae17a596422e1f0f51db55cc99a60dd12843d32e6660f87087dc4d
session_20260710_123210,370,WAITING_IN_PROGRESS,assets/replay/sessions/session_20260710_123210/frames/000370.jpg,crops/session_20260710_123210/000370.png,940,36,1620,100,0e256af7c6f40ab3b453bd02b8c6865d7ba7d2ce02c45bfef407adea82897a30
session_20260710_123210,371,WAITING_IN_PROGRESS,assets/replay/sessions/session_20260710_123210/frames/000371.jpg,crops/session_20260710_123210/000371.png,940,36,1620,100,415f74f4b8573e7cbf4a1bec0ade0262464ec6dd9c1dc4091d30abeae5e503f7
session_20260710_123210,372,WAITING_IN_PROGRESS,assets/replay/sessions/session_20260710_123210/frames/000372.jpg,crops/session_20260710_123210/000372.png,940,36,1620,100,86b5b7cf8c640ff7baaf81d15a888a6c3e45ddd2cc08fd884bd6910868423077
session_20260710_123210,373,WAITING_IN_PROGRESS,assets/replay/sessions/session_20260710_123210/frames/000373.jpg,crops/session_20260710_123210/000373.png,940,36,1620,100,d64303c925d291007ded4fe03aefd501e1c7c7a48a565be7f373ddedcc0f7c92
session_20260710_123210,374,WAITING_IN_PROGRESS,assets/replay/sessions/session_20260710_123210/frames/000374.jpg,crops/session_20260710_123210/000374.png,940,36,1620,100,ea4e9da2973afc23f0e4a11270c1cb1343a18548bb6c5b14bc867e97438e747d
session_20260710_123210,375,WAITING_IN_PROGRESS,assets/replay/sessions/session_20260710_123210/frames/000375.jpg,crops/session_20260710_123210/000375.png,940,36,1620,100,bca36fb697daa0ce74dfc3961c76c3137c49bb974c2f056a412675578e697e03
session_20260710_123210,376,WAITING_IN_PROGRESS,assets/replay/sessions/session_20260710_123210/frames/000376.jpg,crops/session_20260710_123210/000376.png,940,36,1620,100,659ed50028d1b7b5a5752ca50819876336713150879091d24c7c608107b058cc
session_20260710_123210,377,WAITING_IN_PROGRESS,assets/replay/sessions/session_20260710_123210/frames/000377.jpg,crops/session_20260710_123210/000377.png,940,36,1620,100,425e8245198115588aee9216ee2036e59f281e10f1477a90f1843fe027ff8740
session_20260710_123210,378,WAITING_IN_PROGRESS,assets/replay/sessions/session_20260710_123210/frames/000378.jpg,crops/session_20260710_123210/000378.png,940,36,1620,100,2ea1395994cf2045dead1109a3b45610133ec13604eba59969592a56105cc338
session_20260710_123210,379,WAITING_IN_PROGRESS,assets/replay/sessions/session_20260710_123210/frames/000379.jpg,crops/session_20260710_123210/000379.png,940,36,1620,100,f25d232eb97fd7a9cf95609ff8c3253d6eeb3f9f2ae00fa33818672274e3746e
session_20260710_123210,380,WAITING_IN_PROGRESS,assets/replay/sessions/session_20260710_123210/frames/000380.jpg,crops/session_20260710_123210/000380.png,940,36,1620,100,7403191fd928db30d4fa2f8019122f8cc297663045001f1d2c75444da227d579
session_20260710_123210,381,WAITING_IN_PROGRESS,assets/replay/sessions/session_20260710_123210/frames/000381.jpg,crops/session_20260710_123210/000381.png,940,36,1620,100,578b6028591bded81646bf8832db58d468ba0ebe649b0629002432aa12a6f8b7
session_20260710_123210,382,WAITING_IN_PROGRESS,assets/replay/sessions/session_20260710_123210/frames/000382.jpg,crops/session_20260710_123210/000382.png,940,36,1620,100,33fa15bc7f70edaf3acf24e47bef5ab40074d38a32e0e331c7e05294408b4c16
session_20260710_123210,383,WAITING_IN_PROGRESS,assets/replay/sessions/session_20260710_123210/frames/000383.jpg,crops/session_20260710_123210/000383.png,940,36,1620,100,54044dc495458bc19015d5c6f12488c78b8d1fedf1dcbf43f9edd567f54cacd1
session_20260710_123210,384,WAITING_IN_PROGRESS,assets/replay/sessions/session_20260710_123210/frames/000384.jpg,crops/session_20260710_123210/000384.png,940,36,1620,100,b228d927d353929ffbd41cba34cfba13d0e2168b1b7b36d79737170c118fab21
session_20260710_123210,385,WAITING_IN_PROGRESS,assets/replay/sessions/session_20260710_123210/frames/000385.jpg,crops/session_20260710_123210/000385.png,940,36,1620,100,ac0696a61480c12c23f7f125b3e27435a533f7a50ef3c2450703b843b1c2b73d
session_20260710_123210,386,WAITING_IN_PROGRESS,assets/replay/sessions/session_20260710_123210/frames/000386.jpg,crops/session_20260710_123210/000386.png,940,36,1620,100,0c4bff29c4f130ce3f837f4b2694c23e6493de169e286b2f70cb2589ee285f75
session_20260710_123210,387,WAITING_IN_PROGRESS,assets/replay/sessions/session_20260710_123210/frames/000387.jpg,crops/session_20260710_123210/000387.png,940,36,1620,100,64042729d25f6ff94da36910efcb9bf15318afe9105a5b631a6a3c0a8f8e62e5
session_20260710_123210,388,WAITING_IN_PROGRESS,assets/replay/sessions/session_20260710_123210/frames/000388.jpg,crops/session_20260710_123210/000388.png,940,36,1620,100,b2db1247610b545b3a152576af0a4c1c6f58098d07d5c42cb6220ff83b50833d
session_20260710_123210,389,WAITING_IN_PROGRESS,assets/replay/sessions/session_20260710_123210/frames/000389.jpg,crops/session_20260710_123210/000389.png,940,36,1620,100,c16c79e016a6ccde790cb7eec06de20fb07fe6e09d40eaed98011934d4b55319
session_20260710_123210,390,WAITING_IN_PROGRESS,assets/replay/sessions/session_20260710_123210/frames/000390.jpg,crops/session_20260710_123210/000390.png,940,36,1620,100,0147c147b3cdc8126f42cccae3443aa20f34baa9ecdcf5cef20b3139cc0400d3
session_20260710_123210,391,WAITING_IN_PROGRESS,assets/replay/sessions/session_20260710_123210/frames/000391.jpg,crops/session_20260710_123210/000391.png,940,36,1620,100,8f9718067f6bf1ef3e6cc374e800280988faebfbfdf7e07ec2998902ca2c6234
session_20260710_123210,392,WAITING_IN_PROGRESS,assets/replay/sessions/session_20260710_123210/frames/000392.jpg,crops/session_20260710_123210/000392.png,940,36,1620,100,0a3cfe0f4c9f690f6d148718da1c28c5b4fe46b413175d7baefc025f7d8d45bd
session_20260710_123210,393,WAITING_IN_PROGRESS,assets/replay/sessions/session_20260710_123210/frames/000393.jpg,crops/session_20260710_123210/000393.png,940,36,1620,100,486464fcdb991ebd10481483ac114f8ea792f87790b5cbea3df13ae17fb224a5
session_20260710_123210,394,WAITING_IN_PROGRESS,assets/replay/sessions/session_20260710_123210/frames/000394.jpg,crops/session_20260710_123210/000394.png,940,36,1620,100,a4ae0ba3c3e50a6032dfe2a41c892f77b7537571165022cd1e5930176fd982f2
session_20260710_123210,395,WAITING_IN_PROGRESS,assets/replay/sessions/session_20260710_123210/frames/000395.jpg,crops/session_20260710_123210/000395.png,940,36,1620,100,8d64a614c1503ef3e838a8d284982f74732f3eadf7aa86cd1513e564f2b90d18
session_20260710_123210,396,WAITING_IN_PROGRESS,assets/replay/sessions/session_20260710_123210/frames/000396.jpg,crops/session_20260710_123210/000396.png,940,36,1620,100,bcd50692d217c5d6e0be864b7029d58e00c6cb4d87f940b6883178aa92ba657d
session_20260710_123210,397,WAITING_IN_PROGRESS,assets/replay/sessions/session_20260710_123210/frames/000397.jpg,crops/session_20260710_123210/000397.png,940,36,1620,100,fb090029771fccb5200a2bd90279c90602c10a50092523c3532a57b52e37bbd0
session_20260710_123210,398,WAITING_IN_PROGRESS,assets/replay/sessions/session_20260710_123210/frames/000398.jpg,crops/session_20260710_123210/000398.png,940,36,1620,100,c4711da9869e63447d39e9ca9f0778d71572558230d3053527094b951ebf35bd
session_20260710_123210,399,WAITING_IN_PROGRESS,assets/replay/sessions/session_20260710_123210/frames/000399.jpg,crops/session_20260710_123210/000399.png,940,36,1620,100,aa94d4422f04957e99c4496edc8b1a94efc0aa15fe475f233b062fe288f6aae7
session_20260710_123210,400,WAITING_IN_PROGRESS,assets/replay/sessions/session_20260710_123210/frames/000400.jpg,crops/session_20260710_123210/000400.png,940,36,1620,100,be0633ea9b92ff3eee7cfb7ddf0abbb843777d401fb0cdf1aff030d9dd18115e
session_20260710_123210,401,WAITING_IN_PROGRESS,assets/replay/sessions/session_20260710_123210/frames/000401.jpg,crops/session_20260710_123210/000401.png,940,36,1620,100,d32eb1af5f599f5a888cafb2527b82ebe7a5c9f6fa767bd92818dc034e6234e9
session_20260710_123210,402,WAITING_IN_PROGRESS,assets/replay/sessions/session_20260710_123210/frames/000402.jpg,crops/session_20260710_123210/000402.png,940,36,1620,100,644b1e432568d24b94883687456fae15087658691040d776a17ede8c383e5018
session_20260710_123210,403,WAITING_IN_PROGRESS,assets/replay/sessions/session_20260710_123210/frames/000403.jpg,crops/session_20260710_123210/000403.png,940,36,1620,100,4ba2a276f8684e826a56c8963d82f077c8c020593487bcbed16c5922ca83bef6
session_20260710_123210,404,WAITING_IN_PROGRESS,assets/replay/sessions/session_20260710_123210/frames/000404.jpg,crops/session_20260710_123210/000404.png,940,36,1620,100,b75b766283fa14de98d0c5248f823260c49ece9cedb26770c8a4b7234902e73c
session_20260710_123210,405,WAITING_IN_PROGRESS,assets/replay/sessions/session_20260710_123210/frames/000405.jpg,crops/session_20260710_123210/000405.png,940,36,1620,100,c38cc9c14a5e1ac8f7fd64b8f9f66435350f445a09f467f5972c7d2ed46ccf84
session_20260710_123210,406,WAITING_IN_PROGRESS,assets/replay/sessions/session_20260710_123210/frames/000406.jpg,crops/session_20260710_123210/000406.png,940,36,1620,100,151bbf0abbdafbcd59f1a2632bbc6d42196a43ac876b975831263a4d5be017c5
session_20260710_123210,407,WAITING_IN_PROGRESS,assets/replay/sessions/session_20260710_123210/frames/000407.jpg,crops/session_20260710_123210/000407.png,940,36,1620,100,235f6022e8cf98ebce16511c5a554d15cbbdb672f86eddad43dfabb97304479f
session_20260710_123210,408,WAITING_IN_PROGRESS,assets/replay/sessions/session_20260710_123210/frames/000408.jpg,crops/session_20260710_123210/000408.png,940,36,1620,100,1cb50a01e21747c151772c42cc654d809dd79c94349f007fab8d785bf4b84207
session_20260710_123210,409,WAITING_IN_PROGRESS,assets/replay/sessions/session_20260710_123210/frames/000409.jpg,crops/session_20260710_123210/000409.png,940,36,1620,100,962b9bebc91981c1e253ad9c1b3c1605ba350a6a0342af9acb9a85e999cbd266
session_20260710_123210,410,WAITING_IN_PROGRESS,assets/replay/sessions/session_20260710_123210/frames/000410.jpg,crops/session_20260710_123210/000410.png,940,36,1620,100,d28419e4abcd66943797ab05c81d5029a86937ddee62d5588c6b392b6e6b26d4
session_20260710_123210,411,WAITING_IN_PROGRESS,assets/replay/sessions/session_20260710_123210/frames/000411.jpg,crops/session_20260710_123210/000411.png,940,36,1620,100,f3f34d3ad717482ea33f8050ebf0ddbdd8dce6274cd21b75f4a25ada382dbb60
session_20260710_123210,412,WAITING_IN_PROGRESS,assets/replay/sessions/session_20260710_123210/frames/000412.jpg,crops/session_20260710_123210/000412.png,940,36,1620,100,06319aa534a7246242453b81cca989fb5e303612dae8275e68c6538f87bf1eeb
session_20260710_123210,413,WAITING_IN_PROGRESS,assets/replay/sessions/session_20260710_123210/frames/000413.jpg,crops/session_20260710_123210/000413.png,940,36,1620,100,c1c59173318aa0625a8a289f5df179188d7f803e13c59b09ddc62e6923d0ac47
session_20260710_123210,414,WAITING_IN_PROGRESS,assets/replay/sessions/session_20260710_123210/frames/000414.jpg,crops/session_20260710_123210/000414.png,940,36,1620,100,47c4c04fb8b256a8681eabddbe8cf5b4ff13ab412f6ccafabbf87701cb3e6808
session_20260710_123210,415,WAITING_IN_PROGRESS,assets/replay/sessions/session_20260710_123210/frames/000415.jpg,crops/session_20260710_123210/000415.png,940,36,1620,100,61647c0d1749cb928b7cdf1853851b0f1adc48c30438d4e06aaac525f422f18a
session_20260710_123210,416,WAITING_IN_PROGRESS,assets/replay/sessions/session_20260710_123210/frames/000416.jpg,crops/session_20260710_123210/000416.png,940,36,1620,100,4731b59ce611a729a96b2f513945062eff0f532bdd8d81144156b042296d9871
session_20260710_123210,417,WAITING_IN_PROGRESS,assets/replay/sessions/session_20260710_123210/frames/000417.jpg,crops/session_20260710_123210/000417.png,940,36,1620,100,b2d1d2f9f24f984703ef5911dca6ecda5b995d9a55de1edbf5f58a10b1811a2a
session_20260710_123210,418,WAITING_IN_PROGRESS,assets/replay/sessions/session_20260710_123210/frames/000418.jpg,crops/session_20260710_123210/000418.png,940,36,1620,100,306445831c75b7331999a74bf5858c76069e4490daaf87966456503af2ddfe6b
session_20260710_123210,419,WAITING_IN_PROGRESS,assets/replay/sessions/session_20260710_123210/frames/000419.jpg,crops/session_20260710_123210/000419.png,940,36,1620,100,bd0169c47fc9440c8fc0b470119d72c96947b13a1baa65f67049c232c249e5fa
session_20260710_123210,420,WAITING_IN_PROGRESS,assets/replay/sessions/session_20260710_123210/frames/000420.jpg,crops/session_20260710_123210/000420.png,940,36,1620,100,0fbee4aba0a178d71d73be5407ea341f388d9d7cb807c8cadeeb37fb1e94347e
session_20260710_123210,421,WAITING_IN_PROGRESS,assets/replay/sessions/session_20260710_123210/frames/000421.jpg,crops/session_20260710_123210/000421.png,940,36,1620,100,f1b1ee22859c416d40bc4b11968353253dc6cd17309997369f7876362d7e99e0
session_20260710_123210,422,WAITING_IN_PROGRESS,assets/replay/sessions/session_20260710_123210/frames/000422.jpg,crops/session_20260710_123210/000422.png,940,36,1620,100,5bfeeb9272bd8361bb94fec7afe8b4520083a92cb962775bbe92057cc0f2a39d
session_20260710_123210,423,WAITING_IN_PROGRESS,assets/replay/sessions/session_20260710_123210/frames/000423.jpg,crops/session_20260710_123210/000423.png,940,36,1620,100,07fc2fcf253acccb48185a0613116e4aca76675ed697fa28afe3fab6018ae0f0
session_20260710_123210,424,WAITING_IN_PROGRESS,assets/replay/sessions/session_20260710_123210/frames/000424.jpg,crops/session_20260710_123210/000424.png,940,36,1620,100,2f6c165f99cf28c718db69546b1c6ae4b48424fa9afd8d3f94afdb5b514ce879
session_20260710_123210,425,WAITING_IN_PROGRESS,assets/replay/sessions/session_20260710_123210/frames/000425.jpg,crops/session_20260710_123210/000425.png,940,36,1620,100,440d52203768b46415fce8db891ca91556bcc7020bb2c64422960a3a4192e820
session_20260710_123210,426,WAITING_IN_PROGRESS,assets/replay/sessions/session_20260710_123210/frames/000426.jpg,crops/session_20260710_123210/000426.png,940,36,1620,100,67ff48e8d49c32e38ae714a631ab6adcbf6fcdf85c18df0d841fb9dbb5965ee4
session_20260710_123210,427,WAITING_IN_PROGRESS,assets/replay/sessions/session_20260710_123210/frames/000427.jpg,crops/session_20260710_123210/000427.png,940,36,1620,100,fc6d88892ea569aa3a2c7390a5d2aece6ec7322001e56d5cff47ec273a7a65ab
session_20260710_123210,428,WAITING_IN_PROGRESS,assets/replay/sessions/session_20260710_123210/frames/000428.jpg,crops/session_20260710_123210/000428.png,940,36,1620,100,0ec771986c4dcb227402f0375cb8e9018024e79749801a299580eeec8c89c235
session_20260710_123210,429,WAITING_IN_PROGRESS,assets/replay/sessions/session_20260710_123210/frames/000429.jpg,crops/session_20260710_123210/000429.png,940,36,1620,100,91d10d6237d1bf6c4293981a9645dff28ede640d595e92b624da128e41cc9848
session_20260710_123210,430,WAITING_IN_PROGRESS,assets/replay/sessions/session_20260710_123210/frames/000430.jpg,crops/session_20260710_123210/000430.png,940,36,1620,100,d24d8e519def5d1be1f00c939b8e93366ae636a2510cf41208a2b92992247353
session_20260710_123210,431,WAITING_IN_PROGRESS,assets/replay/sessions/session_20260710_123210/frames/000431.jpg,crops/session_20260710_123210/000431.png,940,36,1620,100,ea07785bf3d2ecee7f7c2fa1f195164b28e4cf12c45bc51aeea3eac4d39952e3
session_20260710_123210,432,WAITING_IN_PROGRESS,assets/replay/sessions/session_20260710_123210/frames/000432.jpg,crops/session_20260710_123210/000432.png,940,36,1620,100,ee2278473b366b9f59bb69808fd22ce891ccce040d12ea65d64a73818b491440
session_20260710_123210,433,WAITING_IN_PROGRESS,assets/replay/sessions/session_20260710_123210/frames/000433.jpg,crops/session_20260710_123210/000433.png,940,36,1620,100,99e484ce057de27a0b1a35c914fe17d64dc0e64b1cb69b08a9d70bdfb8afa7ea
session_20260710_123210,434,WAITING_IN_PROGRESS,assets/replay/sessions/session_20260710_123210/frames/000434.jpg,crops/session_20260710_123210/000434.png,940,36,1620,100,e5b83c94c6a6188300c70d18970865735729c46ca7904be4c1724875f7913fd7
session_20260710_123210,435,WAITING_IN_PROGRESS,assets/replay/sessions/session_20260710_123210/frames/000435.jpg,crops/session_20260710_123210/000435.png,940,36,1620,100,4125540ae2e22f7ce039274b4ec2d872bb87a0289442fccbe6c679a7bf118393
session_20260710_123210,436,WAITING_IN_PROGRESS,assets/replay/sessions/session_20260710_123210/frames/000436.jpg,crops/session_20260710_123210/000436.png,940,36,1620,100,50f040d3c4d5dca1c1740c7cf2c28d00a7f35756e6def74550b30fd3f5530cd2
session_20260710_123210,437,WAITING_IN_PROGRESS,assets/replay/sessions/session_20260710_123210/frames/000437.jpg,crops/session_20260710_123210/000437.png,940,36,1620,100,35bb7c096499e00f17ff60ba361bc3417b8c6be154812ec812cffa0a4b3b4f49
session_20260710_123210,438,WAITING_IN_PROGRESS,assets/replay/sessions/session_20260710_123210/frames/000438.jpg,crops/session_20260710_123210/000438.png,940,36,1620,100,8355e3b0ea6d26bc21227cd7df2c3c429688de038fd80fa156948a1bdf0c96a6
session_20260710_123210,439,WAITING_IN_PROGRESS,assets/replay/sessions/session_20260710_123210/frames/000439.jpg,crops/session_20260710_123210/000439.png,940,36,1620,100,9aaaf7e0e8ebfde3717c11e00916c04fe57ad2fd2d210d06d447bca85827a2bb
session_20260710_123210,440,WAITING_IN_PROGRESS,assets/replay/sessions/session_20260710_123210/frames/000440.jpg,crops/session_20260710_123210/000440.png,940,36,1620,100,492bc6be3cb89f51d78a18b7c9e0c366a911673660c3260aa596162104a3686c
session_20260710_123210,441,WAITING_IN_PROGRESS,assets/replay/sessions/session_20260710_123210/frames/000441.jpg,crops/session_20260710_123210/000441.png,940,36,1620,100,e34bbc7f26204cb571cea6c8b4f35665eff26ff069e7a199c566b9a7a9a16930
session_20260710_123210,442,WAITING_IN_PROGRESS,assets/replay/sessions/session_20260710_123210/frames/000442.jpg,crops/session_20260710_123210/000442.png,940,36,1620,100,c2975be9b381aaba36929fc76d61240a02e4227e09f06e6577acdfdeb0637375
session_20260710_123210,443,WAITING_IN_PROGRESS,assets/replay/sessions/session_20260710_123210/frames/000443.jpg,crops/session_20260710_123210/000443.png,940,36,1620,100,c34887ad393c030e296a9e8c82066e14caaf07e1c4224febc9749b1844d7a024
session_20260710_123210,444,WAITING_IN_PROGRESS,assets/replay/sessions/session_20260710_123210/frames/000444.jpg,crops/session_20260710_123210/000444.png,940,36,1620,100,576dc47a6295116df8ecbbdd3cf0fa3f1af1419c84903eb0131e3afb1f95190f
session_20260710_123210,445,WAITING_IN_PROGRESS,assets/replay/sessions/session_20260710_123210/frames/000445.jpg,crops/session_20260710_123210/000445.png,940,36,1620,100,7369ae9f753e66f22fdbed9e3c6305eee2ec21dc9a59bdf77dff57677165560d
session_20260710_123210,446,WAITING_IN_PROGRESS,assets/replay/sessions/session_20260710_123210/frames/000446.jpg,crops/session_20260710_123210/000446.png,940,36,1620,100,a0b01cc79550f049ce1f8ab237dccb19867b9d173885fcde8ea7a5945a215758
session_20260710_123210,447,WAITING_IN_PROGRESS,assets/replay/sessions/session_20260710_123210/frames/000447.jpg,crops/session_20260710_123210/000447.png,940,36,1620,100,5689909c09f534384f2b8f06d413d192ffb5f2fac8985cc7772af91f4c3bea3c
session_20260710_123210,448,WAITING_IN_PROGRESS,assets/replay/sessions/session_20260710_123210/frames/000448.jpg,crops/session_20260710_123210/000448.png,940,36,1620,100,7af53d828e60800a4ffeab835e4bda7b20f8bb40ae4aee1a6f3bc04eb69680ff
session_20260710_123210,449,WAITING_IN_PROGRESS,assets/replay/sessions/session_20260710_123210/frames/000449.jpg,crops/session_20260710_123210/000449.png,940,36,1620,100,ce2b9664866be27979409d12bb8cd63b13aca5af33098865b62a16650d467bcb
session_20260710_123210,450,WAITING_IN_PROGRESS,assets/replay/sessions/session_20260710_123210/frames/000450.jpg,crops/session_20260710_123210/000450.png,940,36,1620,100,897e3b8b9ebb2603a52ab1c2401944c7ae5e8ccb07606864ccd2656e78da4047
session_20260710_123210,451,WAITING_IN_PROGRESS,assets/replay/sessions/session_20260710_123210/frames/000451.jpg,crops/session_20260710_123210/000451.png,940,36,1620,100,fbd6cceb20798aba04c1c7d1584c89744672ba22de33d762c8f78a99d32c7815
session_20260710_123210,452,WAITING_IN_PROGRESS,assets/replay/sessions/session_20260710_123210/frames/000452.jpg,crops/session_20260710_123210/000452.png,940,36,1620,100,b6999da39319d277ed8e134946cb2aa182c5726dc726421518253d21f7077183
session_20260710_123210,453,WAITING_IN_PROGRESS,assets/replay/sessions/session_20260710_123210/frames/000453.jpg,crops/session_20260710_123210/000453.png,940,36,1620,100,46ba4cb63a67faf878ac69af885e6d98ee922f43081a2ee7bcd78403d17dde55
session_20260710_123210,454,WAITING_IN_PROGRESS,assets/replay/sessions/session_20260710_123210/frames/000454.jpg,crops/session_20260710_123210/000454.png,940,36,1620,100,0710ec9d851886657d1043b6cccd7d581b8f08aee7181c22e9c0842ec8cdf8c5
session_20260710_123210,455,WAITING_IN_PROGRESS,assets/replay/sessions/session_20260710_123210/frames/000455.jpg,crops/session_20260710_123210/000455.png,940,36,1620,100,ea48389fb88c1842916d4300d4740df81d52e62c9e4d3bab5d41ddd2eb707577
session_20260710_123210,456,WAITING_IN_PROGRESS,assets/replay/sessions/session_20260710_123210/frames/000456.jpg,crops/session_20260710_123210/000456.png,940,36,1620,100,8ebd8f076342b03385e59ff48536fc2aff9e84a0982f9db4f08c7697542777b9
session_20260710_123210,457,WAITING_IN_PROGRESS,assets/replay/sessions/session_20260710_123210/frames/000457.jpg,crops/session_20260710_123210/000457.png,940,36,1620,100,d17bfd532074b9b71103d87346023753f03cf30631d2f8bde7dfa05900b5c77c
session_20260710_123210,458,WAITING_IN_PROGRESS,assets/replay/sessions/session_20260710_123210/frames/000458.jpg,crops/session_20260710_123210/000458.png,940,36,1620,100,2573d3029a3eb7d181b2131b1ac36bd78a96c245a7c78faedc73e637542bdd68
session_20260710_123210,459,WAITING_IN_PROGRESS,assets/replay/sessions/session_20260710_123210/frames/000459.jpg,crops/session_20260710_123210/000459.png,940,36,1620,100,ee2b78aae0db4d9e74b7478890b7c03ccc3610a1ad708f782ad9164802eba14d
session_20260710_123210,460,WAITING_IN_PROGRESS,assets/replay/sessions/session_20260710_123210/frames/000460.jpg,crops/session_20260710_123210/000460.png,940,36,1620,100,b5ac106e52f0365cf264da46742fb9da03bcc9b810fd7397cc244d57b24becd2
session_20260710_123210,461,WAITING_IN_PROGRESS,assets/replay/sessions/session_20260710_123210/frames/000461.jpg,crops/session_20260710_123210/000461.png,940,36,1620,100,099f6263099064a934340a2dcf689c1eb42f75a817208903bdd639e18929cd73
session_20260710_123210,462,WAITING_IN_PROGRESS,assets/replay/sessions/session_20260710_123210/frames/000462.jpg,crops/session_20260710_123210/000462.png,940,36,1620,100,969697c74c0e4dc87284c21ba68ce1ce8dd069fa2ac89e816a90e985be6e3b6d
session_20260710_123210,463,WAITING_IN_PROGRESS,assets/replay/sessions/session_20260710_123210/frames/000463.jpg,crops/session_20260710_123210/000463.png,940,36,1620,100,7a1326ac8ca1ff33d06091f5272da8a72d6590dd9342e741a7074e4506ec3b87
session_20260710_123210,464,WAITING_IN_PROGRESS,assets/replay/sessions/session_20260710_123210/frames/000464.jpg,crops/session_20260710_123210/000464.png,940,36,1620,100,c41108618adf260344d1d32ff8a9b684a23666c177aa82604b11785f5dd5cb0e
session_20260710_123210,465,WAITING_IN_PROGRESS,assets/replay/sessions/session_20260710_123210/frames/000465.jpg,crops/session_20260710_123210/000465.png,940,36,1620,100,27be14167fc5b1e801a27b0baabba0e782321e00e042dfd46180f019b42cb671
session_20260710_123210,466,WAITING_IN_PROGRESS,assets/replay/sessions/session_20260710_123210/frames/000466.jpg,crops/session_20260710_123210/000466.png,940,36,1620,100,c7d065e9e174d6ba82f756b3d019e73565d3f550bd91818a1178cc4c5e461164
session_20260710_123210,467,WAITING_IN_PROGRESS,assets/replay/sessions/session_20260710_123210/frames/000467.jpg,crops/session_20260710_123210/000467.png,940,36,1620,100,5edc35118d5c440b8c5ae3e638dbf9f626e9617805d15202c91a23311a962fe2
session_20260710_123210,468,WAITING_IN_PROGRESS,assets/replay/sessions/session_20260710_123210/frames/000468.jpg,crops/session_20260710_123210/000468.png,940,36,1620,100,fe81ae44108895c5bb5419f992365de590325d6a4b366fdaff988042abe4e116
session_20260710_123210,469,WAITING_IN_PROGRESS,assets/replay/sessions/session_20260710_123210/frames/000469.jpg,crops/session_20260710_123210/000469.png,940,36,1620,100,55f4be79e7dbc1a881b4d580026430646fc7f62024b6b1300a40d044150e304b
session_20260710_123210,470,WAITING_IN_PROGRESS,assets/replay/sessions/session_20260710_123210/frames/000470.jpg,crops/session_20260710_123210/000470.png,940,36,1620,100,463c8c4bd3150ba7cda4c4ad405ec124b766ec5758452277ce61003ea682a1db
session_20260710_123210,471,WAITING_IN_PROGRESS,assets/replay/sessions/session_20260710_123210/frames/000471.jpg,crops/session_20260710_123210/000471.png,940,36,1620,100,c5ebffa0beb80d4c173634c70d767b4540f7bd026a3857efd540b239ea78e721
session_20260710_123210,472,WAITING_IN_PROGRESS,assets/replay/sessions/session_20260710_123210/frames/000472.jpg,crops/session_20260710_123210/000472.png,940,36,1620,100,c5f2871a3790c9743f57eabcb9abff046c7932e32cdff395f74e82eedfbafa93
session_20260710_123210,473,WAITING_IN_PROGRESS,assets/replay/sessions/session_20260710_123210/frames/000473.jpg,crops/session_20260710_123210/000473.png,940,36,1620,100,360a2925e758c331fc32ee528f64e3e964a6aa0651aec288c19cee1be96aa4f4
session_20260710_123210,474,WAITING_IN_PROGRESS,assets/replay/sessions/session_20260710_123210/frames/000474.jpg,crops/session_20260710_123210/000474.png,940,36,1620,100,3f988fb90660accac31ef920255f6028d5482018d0d7316a826d75df7307cb53
session_20260710_123210,475,WAITING_IN_PROGRESS,assets/replay/sessions/session_20260710_123210/frames/000475.jpg,crops/session_20260710_123210/000475.png,940,36,1620,100,c870773bf87fd633157ee2df646f1bf6b6056b61193b552c9e98957c9002bc6e
session_20260710_123210,476,WAITING_IN_PROGRESS,assets/replay/sessions/session_20260710_123210/frames/000476.jpg,crops/session_20260710_123210/000476.png,940,36,1620,100,785bfce356f85568a9959e9cf5937cd8b850a4862561303cfa006b53e1bda1b4
session_20260710_123210,477,WAITING_IN_PROGRESS,assets/replay/sessions/session_20260710_123210/frames/000477.jpg,crops/session_20260710_123210/000477.png,940,36,1620,100,ff87695f6991c556e66fec18d9445aa79725033afaa6d557cdad8ca0f658a975
session_20260710_123210,478,WAITING_IN_PROGRESS,assets/replay/sessions/session_20260710_123210/frames/000478.jpg,crops/session_20260710_123210/000478.png,940,36,1620,100,144f227e51957e254d8ef61fac918ba252fd4c971150fff5c5f2923b25a4b6ab
session_20260710_123210,479,WAITING_IN_PROGRESS,assets/replay/sessions/session_20260710_123210/frames/000479.jpg,crops/session_20260710_123210/000479.png,940,36,1620,100,c7a7df1ca7d36529cfccf32732bc77f6700d3c0b32ff82ecb8e19710a0096f57
session_20260710_123210,480,WAITING_IN_PROGRESS,assets/replay/sessions/session_20260710_123210/frames/000480.jpg,crops/session_20260710_123210/000480.png,940,36,1620,100,f4d000585f88a5e21035da6dc065f3ec099bda6e05ba1c108195f8f512c067e3
session_20260710_123210,481,WAITING_IN_PROGRESS,assets/replay/sessions/session_20260710_123210/frames/000481.jpg,crops/session_20260710_123210/000481.png,940,36,1620,100,ac1dccd8942ac68fd0fecc5de1d946c8d4ccf4745388b86acd0bb899e41f3f9c
session_20260710_123210,482,WAITING_IN_PROGRESS,assets/replay/sessions/session_20260710_123210/frames/000482.jpg,crops/session_20260710_123210/000482.png,940,36,1620,100,7d090f0ee61bbc552bc454060c6436806fe38a3067ecb8c536836b2659c912dd
session_20260710_123210,483,WAITING_IN_PROGRESS,assets/replay/sessions/session_20260710_123210/frames/000483.jpg,crops/session_20260710_123210/000483.png,940,36,1620,100,050e7cf3d0b55c5434cde6168b35e08ef051434fc0dd3204e136e7d3f38eba78
session_20260710_123210,484,WAITING_IN_PROGRESS,assets/replay/sessions/session_20260710_123210/frames/000484.jpg,crops/session_20260710_123210/000484.png,940,36,1620,100,13e171232a06313940cd1a64b5823b65e10983791f7e4d6c67ba741a95b6609a
session_20260710_123210,485,WAITING_IN_PROGRESS,assets/replay/sessions/session_20260710_123210/frames/000485.jpg,crops/session_20260710_123210/000485.png,940,36,1620,100,aa1f47551192730124ee67690ed0200a3bbe93a4cef3d2f86cfdcd3046263f8b
session_20260710_123210,486,WAITING_IN_PROGRESS,assets/replay/sessions/session_20260710_123210/frames/000486.jpg,crops/session_20260710_123210/000486.png,940,36,1620,100,cf3cc0de53ef6f347e1c7a3a8cb6452f9d0bfb4f3e633818aed25a266211bf05
session_20260710_123210,487,WAITING_IN_PROGRESS,assets/replay/sessions/session_20260710_123210/frames/000487.jpg,crops/session_20260710_123210/000487.png,940,36,1620,100,8081f41a2615559d70fbc8654299ce8d90849cf344389e2b2d45c174ec600f9f
session_20260710_123210,488,WAITING_IN_PROGRESS,assets/replay/sessions/session_20260710_123210/frames/000488.jpg,crops/session_20260710_123210/000488.png,940,36,1620,100,730cdedde815ac06b9745a8566da9b408333e3dc725112bfc65463423c9075db
session_20260710_123210,489,WAITING_IN_PROGRESS,assets/replay/sessions/session_20260710_123210/frames/000489.jpg,crops/session_20260710_123210/000489.png,940,36,1620,100,0ebf43b3f3a151558a415c5c73e3db18fd8daac09e8b9a88903cdbd3ea1cc5c2
session_20260710_123210,490,WAITING_IN_PROGRESS,assets/replay/sessions/session_20260710_123210/frames/000490.jpg,crops/session_20260710_123210/000490.png,940,36,1620,100,8bf6538cf2c0de9c56f0e38f0e7701916cb14be00b25418cdd4c78c3421a536f
session_20260710_123210,491,WAITING_IN_PROGRESS,assets/replay/sessions/session_20260710_123210/frames/000491.jpg,crops/session_20260710_123210/000491.png,940,36,1620,100,c797145f4de125d2b640bd0dc24a6d5c3c9ceb0b1b84e35e1ae0032a54adb8d4
session_20260710_123210,492,WAITING_IN_PROGRESS,assets/replay/sessions/session_20260710_123210/frames/000492.jpg,crops/session_20260710_123210/000492.png,940,36,1620,100,90125a1f00511ba8032f4dabccbdc732d82d7ffbd16c0565ece41973d9e5da78
session_20260710_123210,493,WAITING_IN_PROGRESS,assets/replay/sessions/session_20260710_123210/frames/000493.jpg,crops/session_20260710_123210/000493.png,940,36,1620,100,4aefd062414cb67f7189027f5859480314919bf91446ff75783ad978cbc95a04
session_20260710_123210,494,WAITING_IN_PROGRESS,assets/replay/sessions/session_20260710_123210/frames/000494.jpg,crops/session_20260710_123210/000494.png,940,36,1620,100,793a460cfe6cb791c8b06510da23a179fcc8fc44d888570b49981f8fcd9d044c
session_20260710_123210,495,WAITING_IN_PROGRESS,assets/replay/sessions/session_20260710_123210/frames/000495.jpg,crops/session_20260710_123210/000495.png,940,36,1620,100,c86dfe2652f4dd02627741f2eea2896b6e9e2558f747c1e913d7fe5e98557738
session_20260710_123210,496,WAITING_IN_PROGRESS,assets/replay/sessions/session_20260710_123210/frames/000496.jpg,crops/session_20260710_123210/000496.png,940,36,1620,100,623aa1da492ac77a15ac5d2e729423256ff9bbe7d1dc87abf0fd31b5133464f0
session_20260710_123210,497,WAITING_IN_PROGRESS,assets/replay/sessions/session_20260710_123210/frames/000497.jpg,crops/session_20260710_123210/000497.png,940,36,1620,100,d34c1a981f437b2e4f2456c073d343641f0e3f2ea47564d936fb013aae3e8586
session_20260710_123210,498,WAITING_IN_PROGRESS,assets/replay/sessions/session_20260710_123210/frames/000498.jpg,crops/session_20260710_123210/000498.png,940,36,1620,100,12665828d0431cb8794bd644a7c1231b78552e6399b5af32e5757b93e3fcd3b9
session_20260710_123210,499,WAITING_IN_PROGRESS,assets/replay/sessions/session_20260710_123210/frames/000499.jpg,crops/session_20260710_123210/000499.png,940,36,1620,100,1e80449df9c617bd5d5fe2ea8cbf0c503d23844c8c530c3ad84d8e113c35ef77
session_20260710_123210,500,WAITING_IN_PROGRESS,assets/replay/sessions/session_20260710_123210/frames/000500.jpg,crops/session_20260710_123210/000500.png,940,36,1620,100,b6700ece433fcc6d3d78d5645bc29b1cd6709d8b2a4c0afa51acbf59b450f079
session_20260710_123210,501,WAITING_IN_PROGRESS,assets/replay/sessions/session_20260710_123210/frames/000501.jpg,crops/session_20260710_123210/000501.png,940,36,1620,100,1c487d760c9b3fd3359dc406443f5934ac504c7826e53347be5f36519bfef670
session_20260710_123210,502,READY_BITE,assets/replay/sessions/session_20260710_123210/frames/000502.jpg,crops/session_20260710_123210/000502.png,940,36,1620,100,fc836602e1392d815f803d90462c249c88f7d36ab3623b634e7268712bd967cb
session_20260710_123210,503,READY_BITE,assets/replay/sessions/session_20260710_123210/frames/000503.jpg,crops/session_20260710_123210/000503.png,940,36,1620,100,00751d87f8e1c730847ee1ad4b56447564c7f054145b159e34a7e109f5d6bd44
session_20260710_123210,504,READY_BITE,assets/replay/sessions/session_20260710_123210/frames/000504.jpg,crops/session_20260710_123210/000504.png,940,36,1620,100,203f0ecf4608a22b1545fe700b57a18471e12fd11642ebe49adad6e6e338bf2c
session_20260710_123210,505,READY_BITE,assets/replay/sessions/session_20260710_123210/frames/000505.jpg,crops/session_20260710_123210/000505.png,940,36,1620,100,1c1468b8f3ae09e58c7abf25e0a0b5c893164202d55d6a141a0058b89311cc00
session_20260710_123210,506,READY_BITE,assets/replay/sessions/session_20260710_123210/frames/000506.jpg,crops/session_20260710_123210/000506.png,940,36,1620,100,6c685ffc4db6e31cad4d3155d0d7338c94c80c9b734d4a669decc95b04b6cabb
session_20260710_123210,507,READY_BITE,assets/replay/sessions/session_20260710_123210/frames/000507.jpg,crops/session_20260710_123210/000507.png,940,36,1620,100,5034a039d652eccb48c62716b271f40f381ead56c9a3528404be695b6eddaf78
session_20260710_123210,508,READY_BITE,assets/replay/sessions/session_20260710_123210/frames/000508.jpg,crops/session_20260710_123210/000508.png,940,36,1620,100,dc739c5eb31d77d7e0e7d4c2589b3d1929c31a305fa77fb9d3a4c05a04c957f1
session_20260710_123210,509,READY_BITE,assets/replay/sessions/session_20260710_123210/frames/000509.jpg,crops/session_20260710_123210/000509.png,940,36,1620,100,da1f7c28a918203d2877a6e3d9656494797ce0d8fe2619249f6bb9d4dc83457b
session_20260710_123210,510,READY_BITE,assets/replay/sessions/session_20260710_123210/frames/000510.jpg,crops/session_20260710_123210/000510.png,940,36,1620,100,a803529c8855d8d1ee95ba4b938ad299c4e34ca2f8279f13d7a43f4e590bb744
session_20260710_123210,511,READY_BITE,assets/replay/sessions/session_20260710_123210/frames/000511.jpg,crops/session_20260710_123210/000511.png,940,36,1620,100,b3fd8cef98f85211092023c7f6e63fc056af1f3ed28d1153c1b648b62a148622
session_20260710_123210,512,READY_BITE,assets/replay/sessions/session_20260710_123210/frames/000512.jpg,crops/session_20260710_123210/000512.png,940,36,1620,100,0a252a008a963bc5c62a65a4aaedaea1da7d8d473ba43883b4a15fe2d6397fc5
session_20260710_123210,513,READY_BITE,assets/replay/sessions/session_20260710_123210/frames/000513.jpg,crops/session_20260710_123210/000513.png,940,36,1620,100,bfec52f011bce83d23ecd0122c644ed1c8389e140c3c71957956976a62a8fd62
session_20260710_123210,514,READY_BITE,assets/replay/sessions/session_20260710_123210/frames/000514.jpg,crops/session_20260710_123210/000514.png,940,36,1620,100,da9ca2076723681cb1b2db4fdfce4a43f9df3a60e6c9f366b415d798023bb296
session_20260710_123210,515,READY_BITE,assets/replay/sessions/session_20260710_123210/frames/000515.jpg,crops/session_20260710_123210/000515.png,940,36,1620,100,b7bdb8876d006637f581bd94f80e02e25c540df75d55c45bd6c080f824a1bd22
session_20260710_123210,516,READY_BITE,assets/replay/sessions/session_20260710_123210/frames/000516.jpg,crops/session_20260710_123210/000516.png,940,36,1620,100,194e6e1c6789f6f629dc47214c5288f07174fb313eb22ebe9704b68beca64a41
session_20260710_123210,517,READY_BITE,assets/replay/sessions/session_20260710_123210/frames/000517.jpg,crops/session_20260710_123210/000517.png,940,36,1620,100,33d9d0868ea7fe5220b9460837d0fcf8f42acb727f2ce8faf0a11550a97afe9c
session_20260710_123210,518,READY_BITE,assets/replay/sessions/session_20260710_123210/frames/000518.jpg,crops/session_20260710_123210/000518.png,940,36,1620,100,72694f9747adf49c419689fc4f1462544a3915e2dfe9ebd55ca646eb1152f6ff
session_20260710_123210,519,READY_BITE,assets/replay/sessions/session_20260710_123210/frames/000519.jpg,crops/session_20260710_123210/000519.png,940,36,1620,100,d3f0ed7799b5d90338df1489435ab062f5a376db2b0932673bf7ddb12e88ba24
session_20260710_123210,520,READY_BITE,assets/replay/sessions/session_20260710_123210/frames/000520.jpg,crops/session_20260710_123210/000520.png,940,36,1620,100,e75d7efc4404571b612a6fa5c30785efe16576898b7b799fe19c680c05974e9b
session_20260710_123210,521,READY_BITE,assets/replay/sessions/session_20260710_123210/frames/000521.jpg,crops/session_20260710_123210/000521.png,940,36,1620,100,8cca9f80363b5b451d862177dbb78d635fae344ea1150cef13d35020a7d4a34c
session_20260710_123210,522,READY_BITE,assets/replay/sessions/session_20260710_123210/frames/000522.jpg,crops/session_20260710_123210/000522.png,940,36,1620,100,0c2e3ef8e23fd1f52cc03d8df337b4610083832b0e8bfc60bb5a639785cb8471
session_20260710_123210,523,READY_BITE,assets/replay/sessions/session_20260710_123210/frames/000523.jpg,crops/session_20260710_123210/000523.png,940,36,1620,100,8859fbd5459770711bad574f4d918d720785ce6293878ed4c2196ae5bb7b8512
session_20260710_123210,524,READY_BITE,assets/replay/sessions/session_20260710_123210/frames/000524.jpg,crops/session_20260710_123210/000524.png,940,36,1620,100,c7eddd67fff46f0d3dd3f008b90f4c792308bfc969d5cbb32f8618eec8632500
session_20260710_123210,525,READY_BITE,assets/replay/sessions/session_20260710_123210/frames/000525.jpg,crops/session_20260710_123210/000525.png,940,36,1620,100,584f634f096e6039f5683cf489410f60639b8c7318e946a1fa83ee06721e8b30
session_20260710_123210,526,READY_BITE,assets/replay/sessions/session_20260710_123210/frames/000526.jpg,crops/session_20260710_123210/000526.png,940,36,1620,100,a0da1f32235cdcf101a6bcc36e00cff516227171685cc1c4746000128a695098
session_20260710_123210,527,READY_BITE,assets/replay/sessions/session_20260710_123210/frames/000527.jpg,crops/session_20260710_123210/000527.png,940,36,1620,100,77afb6d84e191c785134b340170535139ecfd3015e25ef01251f06b05a3a84d0
session_20260710_123210,528,READY_BITE,assets/replay/sessions/session_20260710_123210/frames/000528.jpg,crops/session_20260710_123210/000528.png,940,36,1620,100,38c87bda965e50f8123bc8084ae882828653e4ed8a4727f3bf11a96ebd80e644
session_20260710_123210,529,READY_BITE,assets/replay/sessions/session_20260710_123210/frames/000529.jpg,crops/session_20260710_123210/000529.png,940,36,1620,100,5e2ffceeb7674dbadaa0f369fd40245ce58f280c30f2274b4899ad218e849537
session_20260710_123210,530,READY_BITE,assets/replay/sessions/session_20260710_123210/frames/000530.jpg,crops/session_20260710_123210/000530.png,940,36,1620,100,28500cbd6d57f22fd95875f377b6a772ca1688fa532b1c6403c82a3038aa591f
session_20260710_123210,531,READY_BITE,assets/replay/sessions/session_20260710_123210/frames/000531.jpg,crops/session_20260710_123210/000531.png,940,36,1620,100,22baf6e097f9c315496c47c9d6a11dac24faeca38b6e67e49a7b52fa958842e7
session_20260710_123210,532,READY_BITE,assets/replay/sessions/session_20260710_123210/frames/000532.jpg,crops/session_20260710_123210/000532.png,940,36,1620,100,4f7897da0744238263733bbca4cdb00d2784c22dd92585d4a7090f8772f7c564
session_20260710_123210,533,READY_BITE,assets/replay/sessions/session_20260710_123210/frames/000533.jpg,crops/session_20260710_123210/000533.png,940,36,1620,100,e6b15691f89b9854fec8cfef320073ef7fb26972d053be66c374bee24df43275
session_20260710_123210,534,READY_BITE,assets/replay/sessions/session_20260710_123210/frames/000534.jpg,crops/session_20260710_123210/000534.png,940,36,1620,100,5e2a4320fe67a621e728ffbfe0c38ea165f9e2a0f0f8fa845c5da1b482011349
session_20260710_123210,535,READY_BITE,assets/replay/sessions/session_20260710_123210/frames/000535.jpg,crops/session_20260710_123210/000535.png,940,36,1620,100,bab9a0c73d893ca1f8726c5bdb2340e6f4fcfa489c4dc149721eafa3684d3146
session_20260710_123210,536,READY_BITE,assets/replay/sessions/session_20260710_123210/frames/000536.jpg,crops/session_20260710_123210/000536.png,940,36,1620,100,b6b175429eafd3bb5ba773419b1ef1c9e1f2e150e01575035f9f660fba8e85cb
session_20260710_123210,537,READY_BITE,assets/replay/sessions/session_20260710_123210/frames/000537.jpg,crops/session_20260710_123210/000537.png,940,36,1620,100,9ff6928469c72aeeadb2def6af1c4334a34877940f380876fe086b4abb27bc2b
session_20260710_123210,538,READY_BITE,assets/replay/sessions/session_20260710_123210/frames/000538.jpg,crops/session_20260710_123210/000538.png,940,36,1620,100,28fe73e8b75669e3a196102f2c8fa8ba1ef864e061d468993172ea06b4c1ea03
session_20260710_123210,539,READY_BITE,assets/replay/sessions/session_20260710_123210/frames/000539.jpg,crops/session_20260710_123210/000539.png,940,36,1620,100,6ab6812a0f9cd660be7c66360dab6bede3d6fa777c8686b2c2e96cb0b60b9063
session_20260710_123210,540,READY_BITE,assets/replay/sessions/session_20260710_123210/frames/000540.jpg,crops/session_20260710_123210/000540.png,940,36,1620,100,b7d0be9eaa4fbf29bc982f805b20c5013085535afc856311416272ce025d2b6e
session_20260710_123210,541,READY_BITE,assets/replay/sessions/session_20260710_123210/frames/000541.jpg,crops/session_20260710_123210/000541.png,940,36,1620,100,1520e20b7d071f8445f6953fa0927f12a92f628c4d5c2843029a256ba389a476
session_20260710_123210,542,READY_BITE,assets/replay/sessions/session_20260710_123210/frames/000542.jpg,crops/session_20260710_123210/000542.png,940,36,1620,100,0a6ffd7f1e918abd9d344c520077ad6854bc2152cdfb2495f0798cf5efa1ec4f
session_20260710_123210,543,READY_BITE,assets/replay/sessions/session_20260710_123210/frames/000543.jpg,crops/session_20260710_123210/000543.png,940,36,1620,100,5d0980a03c4966dd6bd51fe8a471edd9ddd706a8f1e86c6e1aab37544554eb1f
session_20260710_123210,544,READY_BITE,assets/replay/sessions/session_20260710_123210/frames/000544.jpg,crops/session_20260710_123210/000544.png,940,36,1620,100,7749476f41f05189908e42c94aaa1b4b0abf362d12b6dae1bb3143be9c5f2bc5
session_20260710_123210,545,READY_BITE,assets/replay/sessions/session_20260710_123210/frames/000545.jpg,crops/session_20260710_123210/000545.png,940,36,1620,100,440df535a65c72844ee32981c9f83f9fcc74f7d8fce686e21c3d65353f885691
session_20260710_123210,546,READY_BITE,assets/replay/sessions/session_20260710_123210/frames/000546.jpg,crops/session_20260710_123210/000546.png,940,36,1620,100,7077b58dcf97d75ba6d8e44326846af0e7285cef79df6a213c719d3c1f1d797d
session_20260710_123210,547,READY_BITE,assets/replay/sessions/session_20260710_123210/frames/000547.jpg,crops/session_20260710_123210/000547.png,940,36,1620,100,37f091dcf71dd13dcbc2203bd33ed593e39bd9dcc2b0907cb8f8938121826267
session_20260710_123210,548,READY_BITE,assets/replay/sessions/session_20260710_123210/frames/000548.jpg,crops/session_20260710_123210/000548.png,940,36,1620,100,a60809682b7e409092bed8cdc5fa685eea2a4068732c96f8d7179c8054462a84
session_20260710_123210,549,READY_BITE,assets/replay/sessions/session_20260710_123210/frames/000549.jpg,crops/session_20260710_123210/000549.png,940,36,1620,100,5a65aa7698b2ecda866e9179874d1a0f8ce23f34d63f9e9c773306c40d3c61a1
session_20260710_123210,550,READY_BITE,assets/replay/sessions/session_20260710_123210/frames/000550.jpg,crops/session_20260710_123210/000550.png,940,36,1620,100,c23c3308c8822730da71f934df70c06d9e4f00367c5b611d1c55c22040e771fa
session_20260710_123210,551,READY_BITE,assets/replay/sessions/session_20260710_123210/frames/000551.jpg,crops/session_20260710_123210/000551.png,940,36,1620,100,0e8e7613a7804680bdb62c5e68f153344c4c9e9f71c5b8726ab5f211e6ac3b5b
session_20260710_123210,552,READY_BITE,assets/replay/sessions/session_20260710_123210/frames/000552.jpg,crops/session_20260710_123210/000552.png,940,36,1620,100,745054edd0db1b105a4faa2f7e9c0680ef89f5f5abf2495e863442aebce51610
session_20260710_123210,553,READY_BITE,assets/replay/sessions/session_20260710_123210/frames/000553.jpg,crops/session_20260710_123210/000553.png,940,36,1620,100,bc1a4555b180661d0bb91d79e40eb52060072897fb32e05b23f846299d542502
session_20260710_123210,554,READY_BITE,assets/replay/sessions/session_20260710_123210/frames/000554.jpg,crops/session_20260710_123210/000554.png,940,36,1620,100,0dfb18987be71f039d5c8693141c3d9cde52dda50d667d3efa13355c867a0e5b
session_20260710_123210,555,READY_BITE,assets/replay/sessions/session_20260710_123210/frames/000555.jpg,crops/session_20260710_123210/000555.png,940,36,1620,100,91a43048068efdb9f7056c2b70318654d73596f20e9ea7a00206c44da2d04c37
session_20260710_123210,556,READY_BITE,assets/replay/sessions/session_20260710_123210/frames/000556.jpg,crops/session_20260710_123210/000556.png,940,36,1620,100,43d72b0945775549d167c71c93611df62c50dbc3a39e917601ba206a9576aaae
session_20260710_123210,557,HOOK_INSTRUCTION,assets/replay/sessions/session_20260710_123210/frames/000557.jpg,crops/session_20260710_123210/000557.png,940,36,1620,100,55cdb15d10a385a88ec630f9d5c4aed431daf2eacf707a6deac5932471e06d46
session_20260710_123210,558,HOOK_INSTRUCTION,assets/replay/sessions/session_20260710_123210/frames/000558.jpg,crops/session_20260710_123210/000558.png,940,36,1620,100,bdc68e7ffeda9677c8afaa5c9f61dc0576c69f24811421d92588f03ad56d2bd1
session_20260710_123210,559,HOOK_INSTRUCTION,assets/replay/sessions/session_20260710_123210/frames/000559.jpg,crops/session_20260710_123210/000559.png,940,36,1620,100,9cc9d3b9a48c7a5ae0b625c6e34b52647b32eaf1bebcd317098c051ff63b5371
session_20260710_123210,560,HOOK_INSTRUCTION,assets/replay/sessions/session_20260710_123210/frames/000560.jpg,crops/session_20260710_123210/000560.png,940,36,1620,100,777c56b8576b2f66f09e6ab29f20c0a7f9807733ddb7c2663b1c9a893ea4f0cd
session_20260710_123210,561,HOOK_INSTRUCTION,assets/replay/sessions/session_20260710_123210/frames/000561.jpg,crops/session_20260710_123210/000561.png,940,36,1620,100,fe0778be168be38b6f1b13c68b6da97c015e589be15be66a628450eeec11c3eb
session_20260710_123210,562,HOOK_INSTRUCTION,assets/replay/sessions/session_20260710_123210/frames/000562.jpg,crops/session_20260710_123210/000562.png,940,36,1620,100,1ebb4f71d8ef40b18e6c283155787ad575688011a5569d3dc41611bb9594a976
session_20260710_123210,563,HOOK_INSTRUCTION,assets/replay/sessions/session_20260710_123210/frames/000563.jpg,crops/session_20260710_123210/000563.png,940,36,1620,100,f5456490ef2ed85f91f3f0d3987529450a070c76c8bf861cee9413550f4c382f
session_20260710_123210,564,HOOK_INSTRUCTION,assets/replay/sessions/session_20260710_123210/frames/000564.jpg,crops/session_20260710_123210/000564.png,940,36,1620,100,58050e768f3918a4865129f8dbd28fd460ffc6e710070aec2476bd56b2be1f26
session_20260710_123210,565,HOOK_INSTRUCTION,assets/replay/sessions/session_20260710_123210/frames/000565.jpg,crops/session_20260710_123210/000565.png,940,36,1620,100,9c6ee2f171cc1a565467f25fad34aace3e3ff4f574b85b59199471c2b61d8848
session_20260710_123210,566,HOOK_INSTRUCTION,assets/replay/sessions/session_20260710_123210/frames/000566.jpg,crops/session_20260710_123210/000566.png,940,36,1620,100,b637ab501b97ba2da34787a02885d01e19b27d1d5a182aa242e1033e33d6afc6
session_20260710_123210,567,HOOK_INSTRUCTION,assets/replay/sessions/session_20260710_123210/frames/000567.jpg,crops/session_20260710_123210/000567.png,940,36,1620,100,052b67488c0a94d399a0c7849e8d69b418bc515c559fb37e3832900fb3de2e25
session_20260710_123210,568,HOOK_INSTRUCTION,assets/replay/sessions/session_20260710_123210/frames/000568.jpg,crops/session_20260710_123210/000568.png,940,36,1620,100,ca7f3922d8d1acba8b9a8431ce268333a3d61661bfa6b0aef89e5652b41e5b4c
session_20260710_123210,569,HOOK_INSTRUCTION,assets/replay/sessions/session_20260710_123210/frames/000569.jpg,crops/session_20260710_123210/000569.png,940,36,1620,100,dfc2a9145a4f307d47b187179551926f4a9dcc37fe3d08250a5f9901a9f9f8c4
session_20260710_123210,570,HOOK_INSTRUCTION,assets/replay/sessions/session_20260710_123210/frames/000570.jpg,crops/session_20260710_123210/000570.png,940,36,1620,100,e71c1a168533ae57a6cdc53ddbfa9911f3069bddb08a81537cf18a446d5e8c72
session_20260710_123210,571,HOOK_INSTRUCTION,assets/replay/sessions/session_20260710_123210/frames/000571.jpg,crops/session_20260710_123210/000571.png,940,36,1620,100,5c9ee03cf3a72a4403bd5debbe1f61b01aa1103ad44f645510e8a36fd36c778a
session_20260710_123210,572,HOOK_INSTRUCTION,assets/replay/sessions/session_20260710_123210/frames/000572.jpg,crops/session_20260710_123210/000572.png,940,36,1620,100,ef894b0d8a188b69913f69df7ea341fa65e38dd5b54bbab0ac82e019b2b1cc1b
session_20260710_123210,573,HOOK_INSTRUCTION,assets/replay/sessions/session_20260710_123210/frames/000573.jpg,crops/session_20260710_123210/000573.png,940,36,1620,100,dd1ef7fd3ae9253131fc32afa381de039567b7ead84a3110809d2ce15b47516f
session_20260710_123210,574,PRESS_INSTRUCTION,assets/replay/sessions/session_20260710_123210/frames/000574.jpg,crops/session_20260710_123210/000574.png,940,36,1620,100,3f1bcc2586983a0b28e9cf713ebceb3d9f532bc15586e7352316e341862d2648
session_20260710_123210,575,PRESS_INSTRUCTION,assets/replay/sessions/session_20260710_123210/frames/000575.jpg,crops/session_20260710_123210/000575.png,940,36,1620,100,f4db5d32f8748920c397d70e21dd40583bb7627bfc8ac769e04e0c53276ebce3
session_20260710_123210,576,PRESS_INSTRUCTION,assets/replay/sessions/session_20260710_123210/frames/000576.jpg,crops/session_20260710_123210/000576.png,940,36,1620,100,1e7de0bea4b48a4e9114e1fa69f6c981e3a6141212751e596128febd6f5ea4ea
session_20260710_123210,577,PRESS_INSTRUCTION,assets/replay/sessions/session_20260710_123210/frames/000577.jpg,crops/session_20260710_123210/000577.png,940,36,1620,100,3c4585259a9491cbcf08b1f0cf8b9c788bfab8c8e3629748ff9fcb8639e133e0
session_20260710_123210,578,PRESS_INSTRUCTION,assets/replay/sessions/session_20260710_123210/frames/000578.jpg,crops/session_20260710_123210/000578.png,940,36,1620,100,7bdd52638654720a874891fa7c36683ee9f2c2c766e3643568938436ed50170f
session_20260710_123210,579,PRESS_INSTRUCTION,assets/replay/sessions/session_20260710_123210/frames/000579.jpg,crops/session_20260710_123210/000579.png,940,36,1620,100,0bda6958240a56ecd1027083d7691986210ba74d82d2d7b5943d53f823885673
session_20260710_123210,580,PRESS_INSTRUCTION,assets/replay/sessions/session_20260710_123210/frames/000580.jpg,crops/session_20260710_123210/000580.png,940,36,1620,100,baf3706c4ac7f240d3c8832d6ed88f9bc81724f64f61057d13251845daafd13d
session_20260710_123210,581,PRESS_INSTRUCTION,assets/replay/sessions/session_20260710_123210/frames/000581.jpg,crops/session_20260710_123210/000581.png,940,36,1620,100,b2b7d5c772789c623132571686e7e5cc4ad04ccfb9ea3e8045c717f9aea0492c
session_20260710_123210,582,PRESS_INSTRUCTION,assets/replay/sessions/session_20260710_123210/frames/000582.jpg,crops/session_20260710_123210/000582.png,940,36,1620,100,60b1694bb99ccf6853c0b30ccad501f3eb9113cb461c86267b62d9021c284f51
session_20260710_123210,583,PRESS_INSTRUCTION,assets/replay/sessions/session_20260710_123210/frames/000583.jpg,crops/session_20260710_123210/000583.png,940,36,1620,100,d208fd8d13a7b60b6bd044abd6fb7e4a60a13a3ee8cd91202baeea9d4999773c
session_20260710_123210,584,IGNORE,assets/replay/sessions/session_20260710_123210/frames/000584.jpg,crops/session_20260710_123210/000584.png,940,36,1620,100,585f7cfc60a48ee6cf37f1fa030703544f9c1afd6ae73c67ffb3e36eba78d677
session_20260710_123210,585,IGNORE,assets/replay/sessions/session_20260710_123210/frames/000585.jpg,crops/session_20260710_123210/000585.png,940,36,1620,100,804b3f95aa7aa73596ae33dae43f41f3a51f37995fbc061dfcc19f0b16e7c30a
session_20260710_123210,586,IGNORE,assets/replay/sessions/session_20260710_123210/frames/000586.jpg,crops/session_20260710_123210/000586.png,940,36,1620,100,d370bdfeb3c5531fb95a89d9f0229fce42d6a58b6771f6c9f0c07157a7459910
session_20260710_123210,587,IGNORE,assets/replay/sessions/session_20260710_123210/frames/000587.jpg,crops/session_20260710_123210/000587.png,940,36,1620,100,1476a8d163bcac4cf18206fe56c6e6d8a584915def1ab68ccba429fb2d84f623
session_20260710_123210,588,IGNORE,assets/replay/sessions/session_20260710_123210/frames/000588.jpg,crops/session_20260710_123210/000588.png,940,36,1620,100,4618c1be77cfa422fc04483100fa70083a0fa40c9f625b638208aa24ab5a4e1a
session_20260710_123210,589,IGNORE,assets/replay/sessions/session_20260710_123210/frames/000589.jpg,crops/session_20260710_123210/000589.png,940,36,1620,100,bf557a923808d31c75256c53a60a57b309088d445a541ee73431a757b01d19a7
session_20260710_123210,590,IGNORE,assets/replay/sessions/session_20260710_123210/frames/000590.jpg,crops/session_20260710_123210/000590.png,940,36,1620,100,a9a3bd13b9781a2b660c457f2af0ef0b0560171d91a75a251db754a372be27a8
session_20260710_123210,591,IGNORE,assets/replay/sessions/session_20260710_123210/frames/000591.jpg,crops/session_20260710_123210/000591.png,940,36,1620,100,02c2720aeca6529436bc690041d036a8313ed60d923fc4d43795661ee1806cab
session_20260710_123210,592,IGNORE,assets/replay/sessions/session_20260710_123210/frames/000592.jpg,crops/session_20260710_123210/000592.png,940,36,1620,100,4038398853033df94f0a50f16f7245013df6ac19ce9af4d457276298e533003e
session_20260710_123210,593,IGNORE,assets/replay/sessions/session_20260710_123210/frames/000593.jpg,crops/session_20260710_123210/000593.png,940,36,1620,100,06ea4bb9bafa817a0cc569187142f10fdda34b481ef0db2aa8f9f9b70126adb8
session_20260710_123210,594,IGNORE,assets/replay/sessions/session_20260710_123210/frames/000594.jpg,crops/session_20260710_123210/000594.png,940,36,1620,100,77aa7c2eadb3ff203069c9f571b901a9d773127782f956f4942c038d577645d9
session_20260710_123210,595,IGNORE,assets/replay/sessions/session_20260710_123210/frames/000595.jpg,crops/session_20260710_123210/000595.png,940,36,1620,100,1188b57c7c8a556e0a0b9e623a73501c6672f18b6b296ec89aa2aad954dd718d
session_20260710_123210,596,IGNORE,assets/replay/sessions/session_20260710_123210/frames/000596.jpg,crops/session_20260710_123210/000596.png,940,36,1620,100,827aecd004b162c98f97539a5c4673ca21297c1143f673c29f476a4bf29f1e20
session_20260710_123210,597,IGNORE,assets/replay/sessions/session_20260710_123210/frames/000597.jpg,crops/session_20260710_123210/000597.png,940,36,1620,100,89e008104453e5b56035df33c0668795c4c05edba8d5bbeafb9b4c89f680434f
session_20260710_123210,598,IGNORE,assets/replay/sessions/session_20260710_123210/frames/000598.jpg,crops/session_20260710_123210/000598.png,940,36,1620,100,3d62e209f5d4fef7439f91e97e701102f7f00d2c3138d7f86e48adc4d7fd78c2
session_20260710_123210,599,IGNORE,assets/replay/sessions/session_20260710_123210/frames/000599.jpg,crops/session_20260710_123210/000599.png,940,36,1620,100,427c3c48517a3b2fd86cb2044235d75f4d202990b47a525f8f7c5f81c593249f
session_20260710_123210,600,IGNORE,assets/replay/sessions/session_20260710_123210/frames/000600.jpg,crops/session_20260710_123210/000600.png,940,36,1620,100,6b8966a1c57894abbebe86f30bb84942749be9a0e0e1fb40020329f88b754f76
session_20260710_124419,1,IDLE_CAST,assets/replay/sessions/session_20260710_124419/frames/000001.jpg,crops/session_20260710_124419/000001.png,940,36,1620,100,cc29b2bb1cf408d80875f0ef7fcea3103b4fb83e9a6eb8f3762451ef66bd9a43
session_20260710_124419,2,IDLE_CAST,assets/replay/sessions/session_20260710_124419/frames/000002.jpg,crops/session_20260710_124419/000002.png,940,36,1620,100,ded1155a55269e9e683f7660d3936a305611154e6a8cad1599170f5a2b6569a9
session_20260710_124419,3,IDLE_CAST,assets/replay/sessions/session_20260710_124419/frames/000003.jpg,crops/session_20260710_124419/000003.png,940,36,1620,100,6cb7041a9afd9329ae3e72faf56040e732b0ebc21145a2aaacfb939fefa61b0a
session_20260710_124419,4,IDLE_CAST,assets/replay/sessions/session_20260710_124419/frames/000004.jpg,crops/session_20260710_124419/000004.png,940,36,1620,100,82b0a2c2ac48435b25fa8cfdacf697a90a1a9680af9347ec565bd52d3e6fda59
session_20260710_124419,5,IDLE_CAST,assets/replay/sessions/session_20260710_124419/frames/000005.jpg,crops/session_20260710_124419/000005.png,940,36,1620,100,8025cb402ed76da923d017e344f4b7f9f1a92a03e169b319dc496a10200ea62c
session_20260710_124419,6,IDLE_CAST,assets/replay/sessions/session_20260710_124419/frames/000006.jpg,crops/session_20260710_124419/000006.png,940,36,1620,100,045aa0f7c210530a93d57d681458b8366073ac1cb7de9cfeb28eb28bddd1a893
session_20260710_124419,7,IDLE_CAST,assets/replay/sessions/session_20260710_124419/frames/000007.jpg,crops/session_20260710_124419/000007.png,940,36,1620,100,54b52c7a9ad927a5c1cd3f9b79122ec611c2a31db266334d9feac3d57ff5b970
session_20260710_124419,8,IDLE_CAST,assets/replay/sessions/session_20260710_124419/frames/000008.jpg,crops/session_20260710_124419/000008.png,940,36,1620,100,5f7e2c150f13002e66cbe07a41ca3449be6133b5ee47906848e324f8429b3f84
session_20260710_124419,9,IDLE_CAST,assets/replay/sessions/session_20260710_124419/frames/000009.jpg,crops/session_20260710_124419/000009.png,940,36,1620,100,8b6f0d2939a0a8bf83202c9946cdf0c8ab588651eb05f48106aa20c190e66409
session_20260710_124419,10,IDLE_CAST,assets/replay/sessions/session_20260710_124419/frames/000010.jpg,crops/session_20260710_124419/000010.png,940,36,1620,100,0942cc71ecce706b4a9791af5a76046310fc1694eea2c8ba6e110ea8b8e6f662
session_20260710_124419,11,IDLE_CAST,assets/replay/sessions/session_20260710_124419/frames/000011.jpg,crops/session_20260710_124419/000011.png,940,36,1620,100,471d5960f2cfb17cbf1547774596632de934d5a43881493035889c51788f2277
session_20260710_124419,12,IDLE_CAST,assets/replay/sessions/session_20260710_124419/frames/000012.jpg,crops/session_20260710_124419/000012.png,940,36,1620,100,ff051b0d9fd6ac13dcf54d362338f7ac5388daeaf7e4f16be529f373ec48a477
session_20260710_124419,13,IDLE_CAST,assets/replay/sessions/session_20260710_124419/frames/000013.jpg,crops/session_20260710_124419/000013.png,940,36,1620,100,7dd1f3428781be553c438853448e84ce1231844e1d6b3aa895a8c4a87d9b343c
session_20260710_124419,14,IDLE_CAST,assets/replay/sessions/session_20260710_124419/frames/000014.jpg,crops/session_20260710_124419/000014.png,940,36,1620,100,e143ccd84584f1f702ab34132696db93a37cde7691f6d5d8f6235c57723ce8d2
session_20260710_124419,15,IDLE_CAST,assets/replay/sessions/session_20260710_124419/frames/000015.jpg,crops/session_20260710_124419/000015.png,940,36,1620,100,baf20dd112d24dfaa5f3ba56e4c94a2d8585ab9b28a764e3256c81efe40fe6ff
session_20260710_124419,16,IDLE_CAST,assets/replay/sessions/session_20260710_124419/frames/000016.jpg,crops/session_20260710_124419/000016.png,940,36,1620,100,7194608f7378db70a4eae71e543e4177a28e38b5e635a59b555beb6fee880b9a
session_20260710_124419,17,IDLE_CAST,assets/replay/sessions/session_20260710_124419/frames/000017.jpg,crops/session_20260710_124419/000017.png,940,36,1620,100,22c10e39002073ca7856734694d5faaeddca253c872b8578f90b23b4e75c04a0
session_20260710_124419,18,IDLE_CAST,assets/replay/sessions/session_20260710_124419/frames/000018.jpg,crops/session_20260710_124419/000018.png,940,36,1620,100,5c1f032a452c2483351cf2a83e73bb5b91d9b77a1bddbf4352779c5b30c2bf4c
session_20260710_124419,19,IDLE_CAST,assets/replay/sessions/session_20260710_124419/frames/000019.jpg,crops/session_20260710_124419/000019.png,940,36,1620,100,705eb7b835f713b6392155fbdb84b5f1693ced9f38efa1b3906d0a487598391e
session_20260710_124419,20,IDLE_CAST,assets/replay/sessions/session_20260710_124419/frames/000020.jpg,crops/session_20260710_124419/000020.png,940,36,1620,100,91e0efe3fea2a91b6114e5cf9ea3d32ec4ccac4e4fe2860f1357337193aac450
session_20260710_124419,21,IDLE_CAST,assets/replay/sessions/session_20260710_124419/frames/000021.jpg,crops/session_20260710_124419/000021.png,940,36,1620,100,ee60bf9a2aaf7d0de54ef71f3060774425ba026383ba59baa6eaa3ded2b14384
session_20260710_124419,22,IDLE_CAST,assets/replay/sessions/session_20260710_124419/frames/000022.jpg,crops/session_20260710_124419/000022.png,940,36,1620,100,1c7d1ded920611cc36a9a94d79e75ab169c2d35e9b995ceb40df2e5fc5fec8a0
session_20260710_124419,23,IDLE_CAST,assets/replay/sessions/session_20260710_124419/frames/000023.jpg,crops/session_20260710_124419/000023.png,940,36,1620,100,87addcf1bf923df9539280e087a737835fb087b134cc5d5f43bfbfe688d2b85b
session_20260710_124419,24,IDLE_CAST,assets/replay/sessions/session_20260710_124419/frames/000024.jpg,crops/session_20260710_124419/000024.png,940,36,1620,100,eb7c19bfd721564b3f3b4ff6a891b6ebd023e2ebe8e01e9148ca80aaa5a32b2b
session_20260710_124419,25,IDLE_CAST,assets/replay/sessions/session_20260710_124419/frames/000025.jpg,crops/session_20260710_124419/000025.png,940,36,1620,100,07f378c6175df23809ffbb56771f194e173726ff1a42b73cf3c393c089fe81cc
session_20260710_124419,26,IDLE_CAST,assets/replay/sessions/session_20260710_124419/frames/000026.jpg,crops/session_20260710_124419/000026.png,940,36,1620,100,7957a0c96897f682e00e9ca72530c764c2a3255cf71e184e12b6b729d53aabce
session_20260710_124419,27,IDLE_CAST,assets/replay/sessions/session_20260710_124419/frames/000027.jpg,crops/session_20260710_124419/000027.png,940,36,1620,100,76b179cb65bd607c47871ab224f13323775587bf55b84a84623484d3b4ef4895
session_20260710_124419,28,IDLE_CAST,assets/replay/sessions/session_20260710_124419/frames/000028.jpg,crops/session_20260710_124419/000028.png,940,36,1620,100,c446996e4d99e3a7b6084320ce546d5de297b7ca1e05641c445653420a1f4768
session_20260710_124419,29,IDLE_CAST,assets/replay/sessions/session_20260710_124419/frames/000029.jpg,crops/session_20260710_124419/000029.png,940,36,1620,100,06427d4d37d6950bacdbea7f490262323979246d43725560fd72a5f12f017b26
session_20260710_124419,30,IDLE_CAST,assets/replay/sessions/session_20260710_124419/frames/000030.jpg,crops/session_20260710_124419/000030.png,940,36,1620,100,47b68da7c5eb78ca307d1b4df7cbcfd2d3d53b96b4d2c812149593baafd8f4cc
session_20260710_124419,31,IDLE_CAST,assets/replay/sessions/session_20260710_124419/frames/000031.jpg,crops/session_20260710_124419/000031.png,940,36,1620,100,70a0dfe1cde5b73c4a7b6f26a325dd8ea32070817b5a33975e587ef6846b3a0c
session_20260710_124419,32,IDLE_CAST,assets/replay/sessions/session_20260710_124419/frames/000032.jpg,crops/session_20260710_124419/000032.png,940,36,1620,100,3aafb9eb4f98578918161e4b45f4d97713b86ff7522451f2891499c66b2522b0
session_20260710_124419,33,IDLE_CAST,assets/replay/sessions/session_20260710_124419/frames/000033.jpg,crops/session_20260710_124419/000033.png,940,36,1620,100,d9560eaa5caa712c66c079c8fe969a3ae2ac8a0751bd979168520da4b348b980
session_20260710_124419,34,IDLE_CAST,assets/replay/sessions/session_20260710_124419/frames/000034.jpg,crops/session_20260710_124419/000034.png,940,36,1620,100,180c13143742a6f05f8635d58aed90511cf5a752b9b7519cdb508f9a92f738a6
session_20260710_124419,35,IDLE_CAST,assets/replay/sessions/session_20260710_124419/frames/000035.jpg,crops/session_20260710_124419/000035.png,940,36,1620,100,d9f5eb879a2ad747bc0fb2aea7b0af05bfba742b50a1dd974b5b4ce963c3dc51
session_20260710_124419,36,IDLE_CAST,assets/replay/sessions/session_20260710_124419/frames/000036.jpg,crops/session_20260710_124419/000036.png,940,36,1620,100,1438f03df9b8eb8424c7122d4c14b1e0dfa20941bdc69c00f1cd4ba28202b2fe
session_20260710_124419,37,IDLE_CAST,assets/replay/sessions/session_20260710_124419/frames/000037.jpg,crops/session_20260710_124419/000037.png,940,36,1620,100,d43572571473961658459bfce5a85f858f216c13804e10ef0590f0ee17687d58
session_20260710_124419,38,IDLE_CAST,assets/replay/sessions/session_20260710_124419/frames/000038.jpg,crops/session_20260710_124419/000038.png,940,36,1620,100,d67b758bcabb6be51b574f4cbf96e107152c9cba33642d9293db31ae1c77e1be
session_20260710_124419,39,IDLE_CAST,assets/replay/sessions/session_20260710_124419/frames/000039.jpg,crops/session_20260710_124419/000039.png,940,36,1620,100,0703dfec07d1c9d2c947d06573c8dd2d013376ed4d9ddba31afb2cb2310bf7e6
session_20260710_124419,40,IDLE_CAST,assets/replay/sessions/session_20260710_124419/frames/000040.jpg,crops/session_20260710_124419/000040.png,940,36,1620,100,eec8b7fb32d53e6064742e906b8eee729fc3312e449a7946d75fb547f954f9de
session_20260710_124419,41,IDLE_CAST,assets/replay/sessions/session_20260710_124419/frames/000041.jpg,crops/session_20260710_124419/000041.png,940,36,1620,100,0ea41c5b58f2e5e942ee545eb2df7d626eab966fcd590c40bc980a6008b441d2
session_20260710_124419,42,IDLE_CAST,assets/replay/sessions/session_20260710_124419/frames/000042.jpg,crops/session_20260710_124419/000042.png,940,36,1620,100,505c2beb3020e0e19aaf3d04ffc749b6b3040e61caf0c7680c4a54a7beccebfc
session_20260710_124419,43,IDLE_CAST,assets/replay/sessions/session_20260710_124419/frames/000043.jpg,crops/session_20260710_124419/000043.png,940,36,1620,100,1e949b8229d6c5c8b2d14e6cc0d7c37cafcf99f66a55f23fc5fded727043241f
session_20260710_124419,44,IDLE_CAST,assets/replay/sessions/session_20260710_124419/frames/000044.jpg,crops/session_20260710_124419/000044.png,940,36,1620,100,cfa6983fbbe9391d035cc244f988c832847f77890bf3d68541f0bd7925d0389c
session_20260710_124419,45,WAITING_IN_PROGRESS,assets/replay/sessions/session_20260710_124419/frames/000045.jpg,crops/session_20260710_124419/000045.png,940,36,1620,100,8e5f93aaaa629b13ce3524cd345f94162538c35c473505de70b8a5689a5dadb6
session_20260710_124419,46,WAITING_IN_PROGRESS,assets/replay/sessions/session_20260710_124419/frames/000046.jpg,crops/session_20260710_124419/000046.png,940,36,1620,100,56da97ee7f9be1313498c8143dc6523c8e091848e897bdda37afa77b7839dd76
session_20260710_124419,47,WAITING_IN_PROGRESS,assets/replay/sessions/session_20260710_124419/frames/000047.jpg,crops/session_20260710_124419/000047.png,940,36,1620,100,6286e34dad282e6d346714acc878aa2b2d2ac2d2b881db79983e9f4bc3b406d4
session_20260710_124419,48,WAITING_IN_PROGRESS,assets/replay/sessions/session_20260710_124419/frames/000048.jpg,crops/session_20260710_124419/000048.png,940,36,1620,100,23aaffe452e47c8d4e87bcca5d1d3606494480c799912fc9fada9066f88ba6d1
session_20260710_124419,49,WAITING_IN_PROGRESS,assets/replay/sessions/session_20260710_124419/frames/000049.jpg,crops/session_20260710_124419/000049.png,940,36,1620,100,6269b5200009837da494998ec13f2599bad159c7474340a0541cd969540af3d6
session_20260710_124419,50,WAITING_IN_PROGRESS,assets/replay/sessions/session_20260710_124419/frames/000050.jpg,crops/session_20260710_124419/000050.png,940,36,1620,100,0305c637809311c25f8223cced99372cfcd3533f3de956ca61e8a69f80d6b371
session_20260710_124419,51,WAITING_IN_PROGRESS,assets/replay/sessions/session_20260710_124419/frames/000051.jpg,crops/session_20260710_124419/000051.png,940,36,1620,100,0d37a51c7f0c32015f0219795c70483cf1fa6957b1ed9ffc9ddda2c408f053a7
session_20260710_124419,52,WAITING_IN_PROGRESS,assets/replay/sessions/session_20260710_124419/frames/000052.jpg,crops/session_20260710_124419/000052.png,940,36,1620,100,ec4b2dd64d9cb4e4dfcdca963f6061631d4242ccd83db00956f4c2d22f3db831
session_20260710_124419,53,WAITING_IN_PROGRESS,assets/replay/sessions/session_20260710_124419/frames/000053.jpg,crops/session_20260710_124419/000053.png,940,36,1620,100,ffdb91db18df18f8522a5f96afcc2063c77bdd54509aa88e33feda217d36d4ad
session_20260710_124419,54,WAITING_IN_PROGRESS,assets/replay/sessions/session_20260710_124419/frames/000054.jpg,crops/session_20260710_124419/000054.png,940,36,1620,100,e87b970b9e59a8420f41cb623067cb792c7c0d71f229f092b2f6cb9823be180b
session_20260710_124419,55,WAITING_IN_PROGRESS,assets/replay/sessions/session_20260710_124419/frames/000055.jpg,crops/session_20260710_124419/000055.png,940,36,1620,100,2b30ce3930cfdbce8b7976f8043a2071de3f93f062b10d6d2b99cd44c4309894
session_20260710_124419,56,WAITING_IN_PROGRESS,assets/replay/sessions/session_20260710_124419/frames/000056.jpg,crops/session_20260710_124419/000056.png,940,36,1620,100,6a87e6df5ad0306321b862c94cffd6ac8e699d6d69f57554d8f91f21343e5cdd
session_20260710_124419,57,WAITING_IN_PROGRESS,assets/replay/sessions/session_20260710_124419/frames/000057.jpg,crops/session_20260710_124419/000057.png,940,36,1620,100,bb5c91749a2cef87c618741fbc73c5dd5967c11f1dcc1eba0c152f5078824401
session_20260710_124419,58,WAITING_IN_PROGRESS,assets/replay/sessions/session_20260710_124419/frames/000058.jpg,crops/session_20260710_124419/000058.png,940,36,1620,100,2da7f0cc53f98aec59401a1402a6900040bf0a0b3dfea4b0536455f79540f63f
session_20260710_124419,59,WAITING_IN_PROGRESS,assets/replay/sessions/session_20260710_124419/frames/000059.jpg,crops/session_20260710_124419/000059.png,940,36,1620,100,7654487c2a5db3bbee06d98244de7ab586b18f462256906a24e147ea67f03023
session_20260710_124419,60,WAITING_IN_PROGRESS,assets/replay/sessions/session_20260710_124419/frames/000060.jpg,crops/session_20260710_124419/000060.png,940,36,1620,100,82c8bec7181203e6410b4b3583f1d5170ca641502f1c32baf30863c88eb36b1b
session_20260710_124419,61,WAITING_IN_PROGRESS,assets/replay/sessions/session_20260710_124419/frames/000061.jpg,crops/session_20260710_124419/000061.png,940,36,1620,100,36b78b3579594b47b8dbc16dbf46fc0f33d88087bc366df0704da006a235c7db
session_20260710_124419,62,WAITING_IN_PROGRESS,assets/replay/sessions/session_20260710_124419/frames/000062.jpg,crops/session_20260710_124419/000062.png,940,36,1620,100,18d2d3a4b07f0c0631637cb95141be9606336de8d803a34bddd5ac83dfe489e1
session_20260710_124419,63,WAITING_IN_PROGRESS,assets/replay/sessions/session_20260710_124419/frames/000063.jpg,crops/session_20260710_124419/000063.png,940,36,1620,100,53a2f6a2d8b9ab687c08775948f0fe818bf62755ac0c01ca8fed02d15d53ded2
session_20260710_124419,64,WAITING_IN_PROGRESS,assets/replay/sessions/session_20260710_124419/frames/000064.jpg,crops/session_20260710_124419/000064.png,940,36,1620,100,14145b0f39cabe36ba9782a69ce7a3b02b02bc84df52262c4ebdb3e9425e9ac2
session_20260710_124419,65,WAITING_IN_PROGRESS,assets/replay/sessions/session_20260710_124419/frames/000065.jpg,crops/session_20260710_124419/000065.png,940,36,1620,100,b86f7d81b0f2536baaedf99e1f78e1aa0c3f41889df92238940dd53692ca0394
session_20260710_124419,66,WAITING_IN_PROGRESS,assets/replay/sessions/session_20260710_124419/frames/000066.jpg,crops/session_20260710_124419/000066.png,940,36,1620,100,e4de22f6ddff989c5fd4a6c092fc2b9b5bfa5606254abd9a9b27cb0d995bc0a2
session_20260710_124419,67,WAITING_IN_PROGRESS,assets/replay/sessions/session_20260710_124419/frames/000067.jpg,crops/session_20260710_124419/000067.png,940,36,1620,100,f0c35759df3e141346f57d5faf548c1d6bd3f54d7928c7949b8e8c62f8dc101b
session_20260710_124419,68,WAITING_IN_PROGRESS,assets/replay/sessions/session_20260710_124419/frames/000068.jpg,crops/session_20260710_124419/000068.png,940,36,1620,100,5d758f30f599cfbae8ee83a758be5a418fb043c85d4929448a2ef141c27bc85c
session_20260710_124419,69,WAITING_IN_PROGRESS,assets/replay/sessions/session_20260710_124419/frames/000069.jpg,crops/session_20260710_124419/000069.png,940,36,1620,100,b0fccfec805dee608c9f532a623e386473e2ea26bf7094bcd7fd957f52ff0ea2
session_20260710_124419,70,WAITING_IN_PROGRESS,assets/replay/sessions/session_20260710_124419/frames/000070.jpg,crops/session_20260710_124419/000070.png,940,36,1620,100,10bf9e97a57499abeeea2c24cedb7d29376e3f39c43fe830b892e261543ce3d0
session_20260710_124419,71,WAITING_IN_PROGRESS,assets/replay/sessions/session_20260710_124419/frames/000071.jpg,crops/session_20260710_124419/000071.png,940,36,1620,100,ee8f4febc0ab723e358c8b90f4698ffcf2007fbe11fba50367534bb69f09c723
session_20260710_124419,72,WAITING_IN_PROGRESS,assets/replay/sessions/session_20260710_124419/frames/000072.jpg,crops/session_20260710_124419/000072.png,940,36,1620,100,8369417b7a7d1a17b1fe8be4715beba1cb65045e6708f21fafda6c0ca5898d41
session_20260710_124419,73,WAITING_IN_PROGRESS,assets/replay/sessions/session_20260710_124419/frames/000073.jpg,crops/session_20260710_124419/000073.png,940,36,1620,100,593c69c1fefba94c681ef897d9a4000f6e3ac1346c1e892fe9c4ca229cecd4b6
session_20260710_124419,74,WAITING_IN_PROGRESS,assets/replay/sessions/session_20260710_124419/frames/000074.jpg,crops/session_20260710_124419/000074.png,940,36,1620,100,fa7835bed03f00006bcafdfed99a57e9541141265b6b85d82bce44bcd05c28ac
session_20260710_124419,75,WAITING_IN_PROGRESS,assets/replay/sessions/session_20260710_124419/frames/000075.jpg,crops/session_20260710_124419/000075.png,940,36,1620,100,7c988184d07f35e78e0ad1f6f0a79d02aff06facb06dcf82b930212fab8c8b28
session_20260710_124419,76,WAITING_IN_PROGRESS,assets/replay/sessions/session_20260710_124419/frames/000076.jpg,crops/session_20260710_124419/000076.png,940,36,1620,100,4efc0318f159fcbdc420968e641e63b17be25a117d98ede105eef39b302e186c
session_20260710_124419,77,WAITING_IN_PROGRESS,assets/replay/sessions/session_20260710_124419/frames/000077.jpg,crops/session_20260710_124419/000077.png,940,36,1620,100,59317f824f9f32ffb46a008b8605bcc36df9ab962a2015e1b3aaf34ebb2e4959
session_20260710_124419,78,WAITING_IN_PROGRESS,assets/replay/sessions/session_20260710_124419/frames/000078.jpg,crops/session_20260710_124419/000078.png,940,36,1620,100,c31ea56883f3b7acd47fa0ea5f3a9d7fdaa30f40ea87e23a6c9b5d0d4db8ab67
session_20260710_124419,79,WAITING_IN_PROGRESS,assets/replay/sessions/session_20260710_124419/frames/000079.jpg,crops/session_20260710_124419/000079.png,940,36,1620,100,44fd27e43945d3119c966c2548b425580f3c891666e7e38ef75f795d020475b3
session_20260710_124419,80,WAITING_IN_PROGRESS,assets/replay/sessions/session_20260710_124419/frames/000080.jpg,crops/session_20260710_124419/000080.png,940,36,1620,100,90625d0b67e6cc6ccb1206cb2a81639aad60a7a923c796646360d1de7761fe69
session_20260710_124419,81,WAITING_IN_PROGRESS,assets/replay/sessions/session_20260710_124419/frames/000081.jpg,crops/session_20260710_124419/000081.png,940,36,1620,100,8f90b7d50b61fa9a0deaa7328f2c71122b5894ab0956f9a6d4b720c9ceec263d
session_20260710_124419,82,WAITING_IN_PROGRESS,assets/replay/sessions/session_20260710_124419/frames/000082.jpg,crops/session_20260710_124419/000082.png,940,36,1620,100,8cd7bac8ca90ccd777d3f4d14a7b6c946141413711b1c1592335a14b3f7022fc
session_20260710_124419,83,WAITING_IN_PROGRESS,assets/replay/sessions/session_20260710_124419/frames/000083.jpg,crops/session_20260710_124419/000083.png,940,36,1620,100,b5c5413a40dd85af78dd458cc3bb16a9fee49495e527ade6b3d759880d9fdc34
session_20260710_124419,84,WAITING_IN_PROGRESS,assets/replay/sessions/session_20260710_124419/frames/000084.jpg,crops/session_20260710_124419/000084.png,940,36,1620,100,59c726fa8295a32f5342916f6b0c5df2c76cad1ea7304c393ab5bc517527cf4d
session_20260710_124419,85,WAITING_IN_PROGRESS,assets/replay/sessions/session_20260710_124419/frames/000085.jpg,crops/session_20260710_124419/000085.png,940,36,1620,100,3c68756d9b0e8c5e184a66954d93ce55aee50ce696ba2de314cd4af0b8ec1017
session_20260710_124419,86,WAITING_IN_PROGRESS,assets/replay/sessions/session_20260710_124419/frames/000086.jpg,crops/session_20260710_124419/000086.png,940,36,1620,100,62f6f69e544ca61737bebc02dd92b22d4090cf483babbd5a261f19459b281f44
session_20260710_124419,87,WAITING_IN_PROGRESS,assets/replay/sessions/session_20260710_124419/frames/000087.jpg,crops/session_20260710_124419/000087.png,940,36,1620,100,abdb6d061dc8232981f448f2d0b5dc1a117e535ea1640e6415acdf86842e3fe5
session_20260710_124419,88,WAITING_IN_PROGRESS,assets/replay/sessions/session_20260710_124419/frames/000088.jpg,crops/session_20260710_124419/000088.png,940,36,1620,100,ee451567341ef6e9029f7578017bf6597765818af85730b8e923973f8d943db6
session_20260710_124419,89,WAITING_IN_PROGRESS,assets/replay/sessions/session_20260710_124419/frames/000089.jpg,crops/session_20260710_124419/000089.png,940,36,1620,100,22e4c984704f1c0af561ad7f6f6d157aa69b42de63fa2ceab35849f4619205a3
session_20260710_124419,90,WAITING_IN_PROGRESS,assets/replay/sessions/session_20260710_124419/frames/000090.jpg,crops/session_20260710_124419/000090.png,940,36,1620,100,5dbf6a613ad5ab43bf207763ce29ef1fa8575608b545d89521270ff06de83b23
session_20260710_124419,91,WAITING_IN_PROGRESS,assets/replay/sessions/session_20260710_124419/frames/000091.jpg,crops/session_20260710_124419/000091.png,940,36,1620,100,20cb93f9d0360ea6c6c37c038988eb0cfc7c38b3126f0ec2d86390beb628def9
session_20260710_124419,92,WAITING_IN_PROGRESS,assets/replay/sessions/session_20260710_124419/frames/000092.jpg,crops/session_20260710_124419/000092.png,940,36,1620,100,53cfa2a9f052630d69a919dcdcd927316634f730fa1748e5f53ca0a5c0346a77
session_20260710_124419,93,WAITING_IN_PROGRESS,assets/replay/sessions/session_20260710_124419/frames/000093.jpg,crops/session_20260710_124419/000093.png,940,36,1620,100,4dbcfacb75aac064ab7f5c8b9400a72654d78982199437fa295c2dc529f05a59
session_20260710_124419,94,WAITING_IN_PROGRESS,assets/replay/sessions/session_20260710_124419/frames/000094.jpg,crops/session_20260710_124419/000094.png,940,36,1620,100,db0ac399b0ba0ce4d291f1c78e184c2972046bd128cd492f08b719adb6ce26f8
session_20260710_124419,95,WAITING_IN_PROGRESS,assets/replay/sessions/session_20260710_124419/frames/000095.jpg,crops/session_20260710_124419/000095.png,940,36,1620,100,42358215664be76dcd7db5b59ac03aa8066580497d24d22575ec6c5a3a9744dd
session_20260710_124419,96,WAITING_IN_PROGRESS,assets/replay/sessions/session_20260710_124419/frames/000096.jpg,crops/session_20260710_124419/000096.png,940,36,1620,100,9a80343c4865d33209c71651e0689aeeb265dbad8df5a20d2038036234ccc651
session_20260710_124419,97,WAITING_IN_PROGRESS,assets/replay/sessions/session_20260710_124419/frames/000097.jpg,crops/session_20260710_124419/000097.png,940,36,1620,100,a1d154ae44f58ee0aa7c27745c8bdb4d3526d249ce1753bae7a4d896d1a71732
session_20260710_124419,98,WAITING_IN_PROGRESS,assets/replay/sessions/session_20260710_124419/frames/000098.jpg,crops/session_20260710_124419/000098.png,940,36,1620,100,c01b0db3742225e58768bf84694a67adaebd4db4e1376c5ea003c80bd36cfb09
session_20260710_124419,99,WAITING_IN_PROGRESS,assets/replay/sessions/session_20260710_124419/frames/000099.jpg,crops/session_20260710_124419/000099.png,940,36,1620,100,2ef889e9593e6895d3d478f48d5bfe1b8794d2f4b05e7ee6453f8824ab8cdb5c
session_20260710_124419,100,WAITING_IN_PROGRESS,assets/replay/sessions/session_20260710_124419/frames/000100.jpg,crops/session_20260710_124419/000100.png,940,36,1620,100,daa9ba6bbf4620101016ff195500a42997dbfc4fc9c4fb177908b87f1c45a13d
session_20260710_124419,101,WAITING_IN_PROGRESS,assets/replay/sessions/session_20260710_124419/frames/000101.jpg,crops/session_20260710_124419/000101.png,940,36,1620,100,34d0c47d454bd0c43718a9f70586bb0498af76048263d1ae580cbc37fbd9526a
session_20260710_124419,102,WAITING_IN_PROGRESS,assets/replay/sessions/session_20260710_124419/frames/000102.jpg,crops/session_20260710_124419/000102.png,940,36,1620,100,91872b9c448c9b4fcedad82ec9142a6aef704406433b7e48d3c281db7e29c793
session_20260710_124419,103,WAITING_IN_PROGRESS,assets/replay/sessions/session_20260710_124419/frames/000103.jpg,crops/session_20260710_124419/000103.png,940,36,1620,100,2e77644c9242856cfa19287acd6525873aab7d383a8ca068a97a67e6ab5ad6d4
session_20260710_124419,104,WAITING_IN_PROGRESS,assets/replay/sessions/session_20260710_124419/frames/000104.jpg,crops/session_20260710_124419/000104.png,940,36,1620,100,d795e44485252b281c1c3e8aae1c7ac805213a386e4c73903c221853e46e447d
session_20260710_124419,105,WAITING_IN_PROGRESS,assets/replay/sessions/session_20260710_124419/frames/000105.jpg,crops/session_20260710_124419/000105.png,940,36,1620,100,c28dd093cca28915be61bf6f7cde599e7700dc0e55c30580ac45bbfd9131c567
session_20260710_124419,106,WAITING_IN_PROGRESS,assets/replay/sessions/session_20260710_124419/frames/000106.jpg,crops/session_20260710_124419/000106.png,940,36,1620,100,7fd4798e5efd9076f869afa0833909c88521bbbfd14043484959689b08864992
session_20260710_124419,107,WAITING_IN_PROGRESS,assets/replay/sessions/session_20260710_124419/frames/000107.jpg,crops/session_20260710_124419/000107.png,940,36,1620,100,d835cc84544267bdd181d7289ad5872ae4d82a2d9152b748fa9863997c53c47f
session_20260710_124419,108,WAITING_IN_PROGRESS,assets/replay/sessions/session_20260710_124419/frames/000108.jpg,crops/session_20260710_124419/000108.png,940,36,1620,100,908acfb3ee08eaeed851bda082b14d0686444728cf57cb98cb40efff38041b41
session_20260710_124419,109,WAITING_IN_PROGRESS,assets/replay/sessions/session_20260710_124419/frames/000109.jpg,crops/session_20260710_124419/000109.png,940,36,1620,100,6910494f701e4d0f155eba5cc8acaf941dc1d6b69b9bdcd114bfda7ed8fcae8d
session_20260710_124419,110,WAITING_IN_PROGRESS,assets/replay/sessions/session_20260710_124419/frames/000110.jpg,crops/session_20260710_124419/000110.png,940,36,1620,100,b1b480eeaf80fa20d4d134d51d0c248527c3c41c55abeec672dc1bf354e866a2
session_20260710_124419,111,WAITING_IN_PROGRESS,assets/replay/sessions/session_20260710_124419/frames/000111.jpg,crops/session_20260710_124419/000111.png,940,36,1620,100,41d5f25b571f5dc43deab4a305423ce20d394e4a879ea0891795ee3f10b86e60
session_20260710_124419,112,WAITING_IN_PROGRESS,assets/replay/sessions/session_20260710_124419/frames/000112.jpg,crops/session_20260710_124419/000112.png,940,36,1620,100,4b18218eef3c3d5935ee8d2effa1cb4a67ba10c2504f2a2bdc26cedd0e13de0e
session_20260710_124419,113,WAITING_IN_PROGRESS,assets/replay/sessions/session_20260710_124419/frames/000113.jpg,crops/session_20260710_124419/000113.png,940,36,1620,100,e6b06e69469d51271b0c63432eb3bf162df59a8d811e5184197973b7b3984aa3
session_20260710_124419,114,WAITING_IN_PROGRESS,assets/replay/sessions/session_20260710_124419/frames/000114.jpg,crops/session_20260710_124419/000114.png,940,36,1620,100,0f76646aeaebca6db64b34fa01491ba2877967135920d5b169021ef9d8fc2fdc
session_20260710_124419,115,WAITING_IN_PROGRESS,assets/replay/sessions/session_20260710_124419/frames/000115.jpg,crops/session_20260710_124419/000115.png,940,36,1620,100,31fa86809e14ec2c768fdfa86c73467f3cc4369de106e517591b749f395e4a0b
session_20260710_124419,116,WAITING_IN_PROGRESS,assets/replay/sessions/session_20260710_124419/frames/000116.jpg,crops/session_20260710_124419/000116.png,940,36,1620,100,d5c0f8d97bc630ed3da7a1489c4bbb7301ef97917ee363bfbd4190432d3893a2
session_20260710_124419,117,WAITING_IN_PROGRESS,assets/replay/sessions/session_20260710_124419/frames/000117.jpg,crops/session_20260710_124419/000117.png,940,36,1620,100,2aee7be927faa5955bea51a127222de6bc6fb0b3efaba1ea569070e9a6afde8c
session_20260710_124419,118,WAITING_IN_PROGRESS,assets/replay/sessions/session_20260710_124419/frames/000118.jpg,crops/session_20260710_124419/000118.png,940,36,1620,100,6da2b1360b5aefe64d10a21f3791fb514dfd982ceab70ca77e644127370eb4bb
session_20260710_124419,119,WAITING_IN_PROGRESS,assets/replay/sessions/session_20260710_124419/frames/000119.jpg,crops/session_20260710_124419/000119.png,940,36,1620,100,10367f832d79614947a9558b6bce53ecc3207abc2d75f8c87c3a0992de4d1058
session_20260710_124419,120,WAITING_IN_PROGRESS,assets/replay/sessions/session_20260710_124419/frames/000120.jpg,crops/session_20260710_124419/000120.png,940,36,1620,100,571fc9c19508bb88095eb01548eeb243efa64900b85452c8104e09f1c09f96b8
session_20260710_124419,121,WAITING_IN_PROGRESS,assets/replay/sessions/session_20260710_124419/frames/000121.jpg,crops/session_20260710_124419/000121.png,940,36,1620,100,5c64fa5036319f710c09218d37c27d5d2ee91433615683551a94604f1e150f75
session_20260710_124419,122,WAITING_IN_PROGRESS,assets/replay/sessions/session_20260710_124419/frames/000122.jpg,crops/session_20260710_124419/000122.png,940,36,1620,100,cd773e41a793af7655c732b692664c7057407cb86093235fbf456b84bfabf0fd
session_20260710_124419,123,WAITING_IN_PROGRESS,assets/replay/sessions/session_20260710_124419/frames/000123.jpg,crops/session_20260710_124419/000123.png,940,36,1620,100,f97e52e34b1e0e04f4ff63f1278ab72a3ccdbc34c41371f6cd8dbf6a9dfefda9
session_20260710_124419,124,WAITING_IN_PROGRESS,assets/replay/sessions/session_20260710_124419/frames/000124.jpg,crops/session_20260710_124419/000124.png,940,36,1620,100,574e9434c07cfd0fcd2a14690697a7ff165a014f92dd849ea72160a1955364da
session_20260710_124419,125,WAITING_IN_PROGRESS,assets/replay/sessions/session_20260710_124419/frames/000125.jpg,crops/session_20260710_124419/000125.png,940,36,1620,100,58211e977bbd9025ab7c915621fd37c9d21b0cca77d96b502f7a7dd4e08f56f2
session_20260710_124419,126,WAITING_IN_PROGRESS,assets/replay/sessions/session_20260710_124419/frames/000126.jpg,crops/session_20260710_124419/000126.png,940,36,1620,100,06a995e1d9de2fa007d4c7c58a2c02163459b9de7f6ef754acce7d5f8d078404
session_20260710_124419,127,WAITING_IN_PROGRESS,assets/replay/sessions/session_20260710_124419/frames/000127.jpg,crops/session_20260710_124419/000127.png,940,36,1620,100,c056d8dcd8fa2f6c6879b3576b743ce519be4b29db94a0b97cf962017dd81adc
session_20260710_124419,128,WAITING_IN_PROGRESS,assets/replay/sessions/session_20260710_124419/frames/000128.jpg,crops/session_20260710_124419/000128.png,940,36,1620,100,676746a2f6e2ae685ad7aab9e4b873bb8e8aa74a87d3c70e2e4ea7d864bbf656
session_20260710_124419,129,WAITING_IN_PROGRESS,assets/replay/sessions/session_20260710_124419/frames/000129.jpg,crops/session_20260710_124419/000129.png,940,36,1620,100,99734d15b8a399223559bb5273d2318cad9688c28cc35a412d78e53899373ec4
session_20260710_124419,130,WAITING_IN_PROGRESS,assets/replay/sessions/session_20260710_124419/frames/000130.jpg,crops/session_20260710_124419/000130.png,940,36,1620,100,d40dc1ee098748e885120eb1040a628100f2a48b0a8b411c03fb38387f69860b
session_20260710_124419,131,WAITING_IN_PROGRESS,assets/replay/sessions/session_20260710_124419/frames/000131.jpg,crops/session_20260710_124419/000131.png,940,36,1620,100,e6539d7b2bd29421ce76d94739f52a745692f1372b91b3c37120f3d122e6df3c
session_20260710_124419,132,WAITING_IN_PROGRESS,assets/replay/sessions/session_20260710_124419/frames/000132.jpg,crops/session_20260710_124419/000132.png,940,36,1620,100,7f783e19fbe1ab782df7e4f0b0499673195b53d8fc70e3573e7a2ae99e3dc100
session_20260710_124419,133,WAITING_IN_PROGRESS,assets/replay/sessions/session_20260710_124419/frames/000133.jpg,crops/session_20260710_124419/000133.png,940,36,1620,100,189fa998987a461f3b27e4762775837b75e23e0cc33655ccf1c3417b59482d8c
session_20260710_124419,134,WAITING_IN_PROGRESS,assets/replay/sessions/session_20260710_124419/frames/000134.jpg,crops/session_20260710_124419/000134.png,940,36,1620,100,b9c4e8967d1e69fe116037b06a78609fc9729213c2b6043d477af5c45e6d5711
session_20260710_124419,135,WAITING_IN_PROGRESS,assets/replay/sessions/session_20260710_124419/frames/000135.jpg,crops/session_20260710_124419/000135.png,940,36,1620,100,3c22a93dd7194168454d03f3362798ae9b1c65b6ceb5b975f9c2080540c38b12
session_20260710_124419,136,WAITING_IN_PROGRESS,assets/replay/sessions/session_20260710_124419/frames/000136.jpg,crops/session_20260710_124419/000136.png,940,36,1620,100,64b6bca5da1ccf94e011e8231792c9a2c8c972377a6310a0278832c13222cedc
session_20260710_124419,137,WAITING_IN_PROGRESS,assets/replay/sessions/session_20260710_124419/frames/000137.jpg,crops/session_20260710_124419/000137.png,940,36,1620,100,e2a5b7aa55ce4afef3643f65f0118ddfe99201c9cc814894ca9a1bf1d09dba66
session_20260710_124419,138,WAITING_IN_PROGRESS,assets/replay/sessions/session_20260710_124419/frames/000138.jpg,crops/session_20260710_124419/000138.png,940,36,1620,100,062c83c4ce905e3f01186b61db046d819aafc1009cf90be31e5b2793507dc222
session_20260710_124419,139,WAITING_IN_PROGRESS,assets/replay/sessions/session_20260710_124419/frames/000139.jpg,crops/session_20260710_124419/000139.png,940,36,1620,100,f73bb145ec174585fe206595d0d7a1c02b45e8f9e2dac268fb9390229e1aff8c
session_20260710_124419,140,WAITING_IN_PROGRESS,assets/replay/sessions/session_20260710_124419/frames/000140.jpg,crops/session_20260710_124419/000140.png,940,36,1620,100,d687c6591c639e4c6e01196030973c2a08dd2735d5db8f5231d9117da65ce15c
session_20260710_124419,141,WAITING_IN_PROGRESS,assets/replay/sessions/session_20260710_124419/frames/000141.jpg,crops/session_20260710_124419/000141.png,940,36,1620,100,51b8034c12d2c7ae5ab8542732f39f393248abc721c1c5f3e1cdb94a8d5744df
session_20260710_124419,142,WAITING_IN_PROGRESS,assets/replay/sessions/session_20260710_124419/frames/000142.jpg,crops/session_20260710_124419/000142.png,940,36,1620,100,8794d1d81671f2dcffbee59e10e3f5e8a057d1b1e6e83a8c3a56069b8a246bd3
session_20260710_124419,143,WAITING_IN_PROGRESS,assets/replay/sessions/session_20260710_124419/frames/000143.jpg,crops/session_20260710_124419/000143.png,940,36,1620,100,c57a768eb1dfecaa6685bc168b787dd5cb1902823fedb9bae87ccb9162df6872
session_20260710_124419,144,WAITING_IN_PROGRESS,assets/replay/sessions/session_20260710_124419/frames/000144.jpg,crops/session_20260710_124419/000144.png,940,36,1620,100,84e81812f1cffbe478ac614e20075002d788107cf0430ac72028db576bec2ad1
session_20260710_124419,145,WAITING_IN_PROGRESS,assets/replay/sessions/session_20260710_124419/frames/000145.jpg,crops/session_20260710_124419/000145.png,940,36,1620,100,f943fe2d6e94fc05a4356e1e5029a275b03ce710eaea3574b28a90ee2328aa42
session_20260710_124419,146,WAITING_IN_PROGRESS,assets/replay/sessions/session_20260710_124419/frames/000146.jpg,crops/session_20260710_124419/000146.png,940,36,1620,100,83f7f87bca94679230f8ba3ae4ff2dbe28ee8f50d0002590a9c94823b5a78b56
session_20260710_124419,147,WAITING_IN_PROGRESS,assets/replay/sessions/session_20260710_124419/frames/000147.jpg,crops/session_20260710_124419/000147.png,940,36,1620,100,d097e21d5950485d435d1df55de9654d817cc318a9ff195bd3486b304f198667
session_20260710_124419,148,WAITING_IN_PROGRESS,assets/replay/sessions/session_20260710_124419/frames/000148.jpg,crops/session_20260710_124419/000148.png,940,36,1620,100,0e98c0b7f0ea6af49ef57c3d3468b6364093570ffdf17cd3dd033cee10bed73a
session_20260710_124419,149,WAITING_IN_PROGRESS,assets/replay/sessions/session_20260710_124419/frames/000149.jpg,crops/session_20260710_124419/000149.png,940,36,1620,100,c277ac5bfe74efee60413a710657fbead64034a4bdf4704cec41bc67fa89603c
session_20260710_124419,150,WAITING_IN_PROGRESS,assets/replay/sessions/session_20260710_124419/frames/000150.jpg,crops/session_20260710_124419/000150.png,940,36,1620,100,cfdb03cc3607f1c67d091d9dbe27f498df0b385c89a5750f3cd9b42a98b5ac5f
session_20260710_124419,151,WAITING_IN_PROGRESS,assets/replay/sessions/session_20260710_124419/frames/000151.jpg,crops/session_20260710_124419/000151.png,940,36,1620,100,844ba077f8e5b551f61134fa39223f55d45a58b3966cacaec953cfa55f13c119
session_20260710_124419,152,WAITING_IN_PROGRESS,assets/replay/sessions/session_20260710_124419/frames/000152.jpg,crops/session_20260710_124419/000152.png,940,36,1620,100,4b0e1f4130af47d86ede633e591169e479731b361630ab03c0f0d64979ddddae
session_20260710_124419,153,WAITING_IN_PROGRESS,assets/replay/sessions/session_20260710_124419/frames/000153.jpg,crops/session_20260710_124419/000153.png,940,36,1620,100,74c1ca68ee4c0380fa06d5ca04bc1f656eb688e90310e9a78f9071b8400f8506
session_20260710_124419,154,WAITING_IN_PROGRESS,assets/replay/sessions/session_20260710_124419/frames/000154.jpg,crops/session_20260710_124419/000154.png,940,36,1620,100,6b2076324e56f78ffb5a7787400359089c6466a7ea7656a2316eac8f6e530b44
session_20260710_124419,155,WAITING_IN_PROGRESS,assets/replay/sessions/session_20260710_124419/frames/000155.jpg,crops/session_20260710_124419/000155.png,940,36,1620,100,6a58ef5ca81b0f3deb103f7a9307c874c13c2dec7d5eb0fb2bb735daace02d7e
session_20260710_124419,156,WAITING_IN_PROGRESS,assets/replay/sessions/session_20260710_124419/frames/000156.jpg,crops/session_20260710_124419/000156.png,940,36,1620,100,a9f3e1ddde4abd12d01196a9751ef3d2720b63c55adb9244c581f929214f8944
session_20260710_124419,157,WAITING_IN_PROGRESS,assets/replay/sessions/session_20260710_124419/frames/000157.jpg,crops/session_20260710_124419/000157.png,940,36,1620,100,c75ecfbea49af4225d9b335d777eecdc845c18d5181d816a765b0258c5e30743
session_20260710_124419,158,WAITING_IN_PROGRESS,assets/replay/sessions/session_20260710_124419/frames/000158.jpg,crops/session_20260710_124419/000158.png,940,36,1620,100,36293d3b6ebf067d5fe887b897ce8ff050e0f6b28301a0073f34282132e1731e
session_20260710_124419,159,WAITING_IN_PROGRESS,assets/replay/sessions/session_20260710_124419/frames/000159.jpg,crops/session_20260710_124419/000159.png,940,36,1620,100,03a641c8df5518d8786c7bfdb28f8ef4d533e76eb928f476c7a8248efeb61c69
session_20260710_124419,160,WAITING_IN_PROGRESS,assets/replay/sessions/session_20260710_124419/frames/000160.jpg,crops/session_20260710_124419/000160.png,940,36,1620,100,2b20e0515d0b309ba04b8621ec7f0c0e6d3e16b3f7e8ac52f0cbbc95d6fc66d4
session_20260710_124419,161,WAITING_IN_PROGRESS,assets/replay/sessions/session_20260710_124419/frames/000161.jpg,crops/session_20260710_124419/000161.png,940,36,1620,100,fc5f8ee3342bfdd46a1a127d06cd0318321c5dd463f800ea6885bdb71612a5b3
session_20260710_124419,162,WAITING_IN_PROGRESS,assets/replay/sessions/session_20260710_124419/frames/000162.jpg,crops/session_20260710_124419/000162.png,940,36,1620,100,0366b5e66a3b7f8f744a2fed9c8dbb59aab37c7e29383caf75d2091d9108116e
session_20260710_124419,163,WAITING_IN_PROGRESS,assets/replay/sessions/session_20260710_124419/frames/000163.jpg,crops/session_20260710_124419/000163.png,940,36,1620,100,1a5bc1d890121f9afd43192a88e286bc7400c1eca6fb2539f7a5c9347fbd9aec
session_20260710_124419,164,WAITING_IN_PROGRESS,assets/replay/sessions/session_20260710_124419/frames/000164.jpg,crops/session_20260710_124419/000164.png,940,36,1620,100,1a8a6f65834b9442a612efac23b04b56331477a73f96a2165f374d5ebce8f6c3
session_20260710_124419,165,WAITING_IN_PROGRESS,assets/replay/sessions/session_20260710_124419/frames/000165.jpg,crops/session_20260710_124419/000165.png,940,36,1620,100,f0641c51e6e03fa0d3e7b496f9a86ec75bdc3eb5185bd7a07ceccefa4a5da935
session_20260710_124419,166,WAITING_IN_PROGRESS,assets/replay/sessions/session_20260710_124419/frames/000166.jpg,crops/session_20260710_124419/000166.png,940,36,1620,100,3afdd3340695f5518fa4485e273e1046cb7ab175132b7c04b011d2c5b0f01475
session_20260710_124419,167,WAITING_IN_PROGRESS,assets/replay/sessions/session_20260710_124419/frames/000167.jpg,crops/session_20260710_124419/000167.png,940,36,1620,100,43d1fe4caa13f85cee2716bb7111b50880df1a356f51de2c94164b8aaf01ec0b
session_20260710_124419,168,WAITING_IN_PROGRESS,assets/replay/sessions/session_20260710_124419/frames/000168.jpg,crops/session_20260710_124419/000168.png,940,36,1620,100,906273dbbe5f0498d3cde8a625197f5621d76a74c99894c3aea66ddab8335c32
session_20260710_124419,169,WAITING_IN_PROGRESS,assets/replay/sessions/session_20260710_124419/frames/000169.jpg,crops/session_20260710_124419/000169.png,940,36,1620,100,24375f052e0ac4f8fcb8e033a67ff2dacfd6a8cfaee3ac987cb06daec7bbbe28
session_20260710_124419,170,WAITING_IN_PROGRESS,assets/replay/sessions/session_20260710_124419/frames/000170.jpg,crops/session_20260710_124419/000170.png,940,36,1620,100,bc0c15b1e9a817633e1549799207910bd2dfc3a50ade050a4ef85f9c0b6b957f
session_20260710_124419,171,WAITING_IN_PROGRESS,assets/replay/sessions/session_20260710_124419/frames/000171.jpg,crops/session_20260710_124419/000171.png,940,36,1620,100,c57f03dc4cfe90367e273eb6abce8737372900aab6628bb0a401df16d8fb6938
session_20260710_124419,172,WAITING_IN_PROGRESS,assets/replay/sessions/session_20260710_124419/frames/000172.jpg,crops/session_20260710_124419/000172.png,940,36,1620,100,03190f0c2b0e1605f38b0fc3ce5a643eb165cc8a8debd37af1e1e136b75263c8
session_20260710_124419,173,WAITING_IN_PROGRESS,assets/replay/sessions/session_20260710_124419/frames/000173.jpg,crops/session_20260710_124419/000173.png,940,36,1620,100,1c83bd7561ddc04300551f2587861cab51592afddec19660a650f938085d517b
session_20260710_124419,174,WAITING_IN_PROGRESS,assets/replay/sessions/session_20260710_124419/frames/000174.jpg,crops/session_20260710_124419/000174.png,940,36,1620,100,8127d7a22eee2c8b38cd7a42134dd8ff9e08f6731ae8236f8a04bb774c3979d9
session_20260710_124419,175,WAITING_IN_PROGRESS,assets/replay/sessions/session_20260710_124419/frames/000175.jpg,crops/session_20260710_124419/000175.png,940,36,1620,100,6b4106eb7ba1d22769a6b93243f5964d0ee88c21729e877c3175d9c4b92bcccd
session_20260710_124419,176,WAITING_IN_PROGRESS,assets/replay/sessions/session_20260710_124419/frames/000176.jpg,crops/session_20260710_124419/000176.png,940,36,1620,100,4f81c97b53cf4aff5f16bd42b7bbe93cbe3cc904d1af83329205ef7fb3234df9
session_20260710_124419,177,WAITING_IN_PROGRESS,assets/replay/sessions/session_20260710_124419/frames/000177.jpg,crops/session_20260710_124419/000177.png,940,36,1620,100,011c3dd8d7e8645c023c22e894ca3c95ca78b6f4e564eb0fb9cea872f9c77c5c
session_20260710_124419,178,WAITING_IN_PROGRESS,assets/replay/sessions/session_20260710_124419/frames/000178.jpg,crops/session_20260710_124419/000178.png,940,36,1620,100,4c4fbb9b3e17ee8428eda31bb19cc1e5402d1b35ed0ddc8701586e500e3dbd4b
session_20260710_124419,179,WAITING_IN_PROGRESS,assets/replay/sessions/session_20260710_124419/frames/000179.jpg,crops/session_20260710_124419/000179.png,940,36,1620,100,5eade5b9c7fb49e363d681b4d67f8660f2f5783e266d7e352f33ca185b043fbf
session_20260710_124419,180,WAITING_IN_PROGRESS,assets/replay/sessions/session_20260710_124419/frames/000180.jpg,crops/session_20260710_124419/000180.png,940,36,1620,100,6cb4d360eb09268b6cda45ee7733f6eef91c17c443ce0c0eb7326cedc86a9fa0
session_20260710_124419,181,WAITING_IN_PROGRESS,assets/replay/sessions/session_20260710_124419/frames/000181.jpg,crops/session_20260710_124419/000181.png,940,36,1620,100,b93c96f1ceb608984f02fa3a68f5bd6babf807e81bce0d8c9fc3826efd40002e
session_20260710_124419,182,WAITING_IN_PROGRESS,assets/replay/sessions/session_20260710_124419/frames/000182.jpg,crops/session_20260710_124419/000182.png,940,36,1620,100,0beeeb4c23f90657aca012b41dc4e31735dfe0338813f0e75c04cd5acceca8fe
session_20260710_124419,183,WAITING_IN_PROGRESS,assets/replay/sessions/session_20260710_124419/frames/000183.jpg,crops/session_20260710_124419/000183.png,940,36,1620,100,543f6c26177533f84867eefef80b2ab001de1bb8fabd5480670ed641b7fcb3e8
session_20260710_124419,184,WAITING_IN_PROGRESS,assets/replay/sessions/session_20260710_124419/frames/000184.jpg,crops/session_20260710_124419/000184.png,940,36,1620,100,1a19c7beabf5ab287e0195723b6404d351191e65531d63a50c1611d759fbd418
session_20260710_124419,185,WAITING_IN_PROGRESS,assets/replay/sessions/session_20260710_124419/frames/000185.jpg,crops/session_20260710_124419/000185.png,940,36,1620,100,271321df300e946ceb5ddac2b785d66e7f68ab5be6a370bddf0eb967631cc05b
session_20260710_124419,186,WAITING_IN_PROGRESS,assets/replay/sessions/session_20260710_124419/frames/000186.jpg,crops/session_20260710_124419/000186.png,940,36,1620,100,041a6d9a7e57388f62330218a263a8ac1ddee5b087fc5ec46c7b8c4c0ae75748
session_20260710_124419,187,WAITING_IN_PROGRESS,assets/replay/sessions/session_20260710_124419/frames/000187.jpg,crops/session_20260710_124419/000187.png,940,36,1620,100,287b8da7d1b551fd2ef4a33cf481db1a4cdda3083a76bc8697389b8d0b6dbb1e
session_20260710_124419,188,WAITING_IN_PROGRESS,assets/replay/sessions/session_20260710_124419/frames/000188.jpg,crops/session_20260710_124419/000188.png,940,36,1620,100,7d8df0a1d9298c2c7d5ad95a079b3c036997333cc1f07c8aa3aaab9adcfd631a
session_20260710_124419,189,WAITING_IN_PROGRESS,assets/replay/sessions/session_20260710_124419/frames/000189.jpg,crops/session_20260710_124419/000189.png,940,36,1620,100,aa65438c0994139a55bfa257f1a9bfd72c6836caf64865a8006f0426dab7c7b3
session_20260710_124419,190,WAITING_IN_PROGRESS,assets/replay/sessions/session_20260710_124419/frames/000190.jpg,crops/session_20260710_124419/000190.png,940,36,1620,100,2840b50963836af3e4547791747320d72c68e5a0df160b0caa2e79369d1f344d
session_20260710_124419,191,WAITING_IN_PROGRESS,assets/replay/sessions/session_20260710_124419/frames/000191.jpg,crops/session_20260710_124419/000191.png,940,36,1620,100,9c032f8cfe46739eb882bfedc0b10974ef9f27b51b6a2cbd0437e77da408a2b2
session_20260710_124419,192,WAITING_IN_PROGRESS,assets/replay/sessions/session_20260710_124419/frames/000192.jpg,crops/session_20260710_124419/000192.png,940,36,1620,100,e15a077fcdb5423c0a30396a1e3a091eccac41e3a7f0aff3988a857ac164398d
session_20260710_124419,193,WAITING_IN_PROGRESS,assets/replay/sessions/session_20260710_124419/frames/000193.jpg,crops/session_20260710_124419/000193.png,940,36,1620,100,399d85ccd6b388f86192b83c42af53ed602ce2da6b7bf4a6181ad6ffe6e00844
session_20260710_124419,194,WAITING_IN_PROGRESS,assets/replay/sessions/session_20260710_124419/frames/000194.jpg,crops/session_20260710_124419/000194.png,940,36,1620,100,a15f32a21b4d6f7e8855ce71d9672b624b50a74fb089097b249c5b6fc18e6fb9
session_20260710_124419,195,WAITING_IN_PROGRESS,assets/replay/sessions/session_20260710_124419/frames/000195.jpg,crops/session_20260710_124419/000195.png,940,36,1620,100,d43d515d17b740c347119bcc6045a87a86ed98c32243f8dbd415079f3ca542ee
session_20260710_124419,196,WAITING_IN_PROGRESS,assets/replay/sessions/session_20260710_124419/frames/000196.jpg,crops/session_20260710_124419/000196.png,940,36,1620,100,1d7703e3ba382f4b5015a912f250eaf6735e0fbff750e572e579658abc37cead
session_20260710_124419,197,WAITING_IN_PROGRESS,assets/replay/sessions/session_20260710_124419/frames/000197.jpg,crops/session_20260710_124419/000197.png,940,36,1620,100,c187f29a51f62d18078d02e153e84c2937bcb4e5efeec3742897193ebabf9623
session_20260710_124419,198,WAITING_IN_PROGRESS,assets/replay/sessions/session_20260710_124419/frames/000198.jpg,crops/session_20260710_124419/000198.png,940,36,1620,100,5095a55bee643c1a2df7cf442522e41aca6586a6d46a1c62a55eee4723421e2b
session_20260710_124419,199,WAITING_IN_PROGRESS,assets/replay/sessions/session_20260710_124419/frames/000199.jpg,crops/session_20260710_124419/000199.png,940,36,1620,100,62191c5ede8e258491bf2f5fc9c58ca0a1a965631ff89ef8448b6d807d780bb5
session_20260710_124419,200,WAITING_IN_PROGRESS,assets/replay/sessions/session_20260710_124419/frames/000200.jpg,crops/session_20260710_124419/000200.png,940,36,1620,100,06cac4a6ea938911973571f73f52847fb6915cb5c5c317d19c20373b77e1b7d8
session_20260710_124419,201,WAITING_IN_PROGRESS,assets/replay/sessions/session_20260710_124419/frames/000201.jpg,crops/session_20260710_124419/000201.png,940,36,1620,100,67b29def3a095de49d40825b7ec0149dc73f016375dc510feefd3021fed5e664
session_20260710_124419,202,WAITING_IN_PROGRESS,assets/replay/sessions/session_20260710_124419/frames/000202.jpg,crops/session_20260710_124419/000202.png,940,36,1620,100,f93caafe1256506b1311e73c46a6e4a91a7de67d08f32c8d8db5f870c26bb18c
session_20260710_124419,203,WAITING_IN_PROGRESS,assets/replay/sessions/session_20260710_124419/frames/000203.jpg,crops/session_20260710_124419/000203.png,940,36,1620,100,dd3750e929a9a937c7fdd80741cb55d17b07e6d22b433e11b6910d8b625ed916
session_20260710_124419,204,WAITING_IN_PROGRESS,assets/replay/sessions/session_20260710_124419/frames/000204.jpg,crops/session_20260710_124419/000204.png,940,36,1620,100,decfb8faad3f344a5ed2e86837308ced495a9d90302e11cc6f73c98d03034055
session_20260710_124419,205,WAITING_IN_PROGRESS,assets/replay/sessions/session_20260710_124419/frames/000205.jpg,crops/session_20260710_124419/000205.png,940,36,1620,100,df8d021d27b0003c48bdf0f87b40443905bbf1593ca257f26e2475b50b2015a8
session_20260710_124419,206,WAITING_IN_PROGRESS,assets/replay/sessions/session_20260710_124419/frames/000206.jpg,crops/session_20260710_124419/000206.png,940,36,1620,100,84d09106ee173299d2c7f5fbebf3ea2fd7624f79536e446a4b7e915f200aceb7
session_20260710_124419,207,WAITING_IN_PROGRESS,assets/replay/sessions/session_20260710_124419/frames/000207.jpg,crops/session_20260710_124419/000207.png,940,36,1620,100,e8e35f728c7881bf90c10333a727e540058401c99f9dee0218a9d3a159f29f7f
session_20260710_124419,208,WAITING_IN_PROGRESS,assets/replay/sessions/session_20260710_124419/frames/000208.jpg,crops/session_20260710_124419/000208.png,940,36,1620,100,b3cb351096fa92a881cd86685349757a43ae91042d059d35d4486b3ffcbb2b5e
session_20260710_124419,209,WAITING_IN_PROGRESS,assets/replay/sessions/session_20260710_124419/frames/000209.jpg,crops/session_20260710_124419/000209.png,940,36,1620,100,6e2c2d14e6b1623fafad0d3aef7bfdea74491853723590f39f4499e6249b37b6
session_20260710_124419,210,WAITING_IN_PROGRESS,assets/replay/sessions/session_20260710_124419/frames/000210.jpg,crops/session_20260710_124419/000210.png,940,36,1620,100,78cfa75f0cbc5af2477a8952665a61e2b1180c75d13b438d935c84a426ac2ead
session_20260710_124419,211,WAITING_IN_PROGRESS,assets/replay/sessions/session_20260710_124419/frames/000211.jpg,crops/session_20260710_124419/000211.png,940,36,1620,100,cf8ab8abf1ded6b0825c80fcc392184afc3039f2dea6e88ca98de40411fa2d85
session_20260710_124419,212,WAITING_IN_PROGRESS,assets/replay/sessions/session_20260710_124419/frames/000212.jpg,crops/session_20260710_124419/000212.png,940,36,1620,100,223bcde11207157b56871c2135246a8d7c7cc60264911325a9cbd9ac977545b2
session_20260710_124419,213,WAITING_IN_PROGRESS,assets/replay/sessions/session_20260710_124419/frames/000213.jpg,crops/session_20260710_124419/000213.png,940,36,1620,100,252542d6ae496b6bce4b118eda31d9473deb73249d1841b94bd24b62846356eb
session_20260710_124419,214,WAITING_IN_PROGRESS,assets/replay/sessions/session_20260710_124419/frames/000214.jpg,crops/session_20260710_124419/000214.png,940,36,1620,100,617d2044253e3ba03e83f89c7c4dd60a5d3a540f2a4febeb44005041dfdb77d5
session_20260710_124419,215,WAITING_IN_PROGRESS,assets/replay/sessions/session_20260710_124419/frames/000215.jpg,crops/session_20260710_124419/000215.png,940,36,1620,100,803b1c5ef4357793bd6937a95646ff772eba1c03ae930f5a8151b09e2fa8d031
session_20260710_124419,216,WAITING_IN_PROGRESS,assets/replay/sessions/session_20260710_124419/frames/000216.jpg,crops/session_20260710_124419/000216.png,940,36,1620,100,98ed784f2943d4745acca6832841769d68cd3ba95111b0b6cb1ec97ca0f96832
session_20260710_124419,217,WAITING_IN_PROGRESS,assets/replay/sessions/session_20260710_124419/frames/000217.jpg,crops/session_20260710_124419/000217.png,940,36,1620,100,f2a0f0fea300680df595567f3f24799af4bfdf9b8e433dde5bf38746c1244eb7
session_20260710_124419,218,WAITING_IN_PROGRESS,assets/replay/sessions/session_20260710_124419/frames/000218.jpg,crops/session_20260710_124419/000218.png,940,36,1620,100,ef796c6ab149d943cb8636f9f5a923c2ed5aebe2d471d2bccbcbd9cc4d21c2ab
session_20260710_124419,219,WAITING_IN_PROGRESS,assets/replay/sessions/session_20260710_124419/frames/000219.jpg,crops/session_20260710_124419/000219.png,940,36,1620,100,661af4eff39f8c4c48b9198d2ba5eeb34907da4895d3a0fafac8f59ed52acd00
session_20260710_124419,220,WAITING_IN_PROGRESS,assets/replay/sessions/session_20260710_124419/frames/000220.jpg,crops/session_20260710_124419/000220.png,940,36,1620,100,62473bf992833325a858f15221b182ca8fabf5f35c49b7e60c6444a286804e40
session_20260710_124419,221,WAITING_IN_PROGRESS,assets/replay/sessions/session_20260710_124419/frames/000221.jpg,crops/session_20260710_124419/000221.png,940,36,1620,100,fb860e96367dcbf12a81c86a028d19558410eb017e1689ce1a6e58a32de7e6a7
session_20260710_124419,222,WAITING_IN_PROGRESS,assets/replay/sessions/session_20260710_124419/frames/000222.jpg,crops/session_20260710_124419/000222.png,940,36,1620,100,9a78a2b8aea3f87b42ef4f7da99d1904f204002d71c5bff270074d59a3b2f158
session_20260710_124419,223,WAITING_IN_PROGRESS,assets/replay/sessions/session_20260710_124419/frames/000223.jpg,crops/session_20260710_124419/000223.png,940,36,1620,100,cadb174a5bee5533506be12f56dfe776101c4ecc02def386ad6bc7369a85eef5
session_20260710_124419,224,WAITING_IN_PROGRESS,assets/replay/sessions/session_20260710_124419/frames/000224.jpg,crops/session_20260710_124419/000224.png,940,36,1620,100,62d3d26da272bf6bd98a7d41fa80fea866891ed0b04cc81f40525a01de86a643
session_20260710_124419,225,WAITING_IN_PROGRESS,assets/replay/sessions/session_20260710_124419/frames/000225.jpg,crops/session_20260710_124419/000225.png,940,36,1620,100,21da49053b0950f7b8917a136db2510d0bc974863afbb8ed45f5957760883ac6
session_20260710_124419,226,WAITING_IN_PROGRESS,assets/replay/sessions/session_20260710_124419/frames/000226.jpg,crops/session_20260710_124419/000226.png,940,36,1620,100,310951e62b612056e900f6737fc26131bb4710cf2688bd0bc88e2025075352c3
session_20260710_124419,227,WAITING_IN_PROGRESS,assets/replay/sessions/session_20260710_124419/frames/000227.jpg,crops/session_20260710_124419/000227.png,940,36,1620,100,8ce89e96da66fc1e608da6d27df9dcaee9543ecd31c7580964fd190c9efc2309
session_20260710_124419,228,WAITING_IN_PROGRESS,assets/replay/sessions/session_20260710_124419/frames/000228.jpg,crops/session_20260710_124419/000228.png,940,36,1620,100,5b3606639dbaed0793d5f73f6df687663936819ab694e138682ca3c39c283e0f
session_20260710_124419,229,WAITING_IN_PROGRESS,assets/replay/sessions/session_20260710_124419/frames/000229.jpg,crops/session_20260710_124419/000229.png,940,36,1620,100,90432fe54258f9329b4149263861aea988ceddee7137f5044332ddbe4f54528e
session_20260710_124419,230,WAITING_IN_PROGRESS,assets/replay/sessions/session_20260710_124419/frames/000230.jpg,crops/session_20260710_124419/000230.png,940,36,1620,100,1b639f76c92e5d7d3b54057840c01022bc1930756f4f5b196f2c7f10709c037d
session_20260710_124419,231,WAITING_IN_PROGRESS,assets/replay/sessions/session_20260710_124419/frames/000231.jpg,crops/session_20260710_124419/000231.png,940,36,1620,100,439f9e40d639e866260d71a5ed1ee3ad5d0efe476630194e9ad2ff1927e526c6
session_20260710_124419,232,WAITING_IN_PROGRESS,assets/replay/sessions/session_20260710_124419/frames/000232.jpg,crops/session_20260710_124419/000232.png,940,36,1620,100,9c992336284fe303ea0e0ac3b473f44b06ee876cccb9b2352870d2c2b753ec09
session_20260710_124419,233,WAITING_IN_PROGRESS,assets/replay/sessions/session_20260710_124419/frames/000233.jpg,crops/session_20260710_124419/000233.png,940,36,1620,100,adc61fdea6a6c6bbd71cdadbf4bd84fa7e82317d25a92d15a7af7d09ae43f64e
session_20260710_124419,234,WAITING_IN_PROGRESS,assets/replay/sessions/session_20260710_124419/frames/000234.jpg,crops/session_20260710_124419/000234.png,940,36,1620,100,d39aaf0ff81c09b46df05955ec3db039fc84aa82ef312f767c090a4e81f8f2bf
session_20260710_124419,235,WAITING_IN_PROGRESS,assets/replay/sessions/session_20260710_124419/frames/000235.jpg,crops/session_20260710_124419/000235.png,940,36,1620,100,db79352c9e0e270c3afb893b3deb0fe4b6c18f0af0def84421c87b0bdd37532c
session_20260710_124419,236,WAITING_IN_PROGRESS,assets/replay/sessions/session_20260710_124419/frames/000236.jpg,crops/session_20260710_124419/000236.png,940,36,1620,100,a1daaaa3bfe7ea26dcb8f78449cc52095160abb7e154a63a8802512831db9184
session_20260710_124419,237,WAITING_IN_PROGRESS,assets/replay/sessions/session_20260710_124419/frames/000237.jpg,crops/session_20260710_124419/000237.png,940,36,1620,100,0cbc51c76e17cdb89b576178d00590cde07719e939b68b50ddf7798fd163a5bd
session_20260710_124419,238,WAITING_IN_PROGRESS,assets/replay/sessions/session_20260710_124419/frames/000238.jpg,crops/session_20260710_124419/000238.png,940,36,1620,100,f3348a9386f00791f2450d4ddf0f3efd2e811a10e0814ddc3bd99718a60155e3
session_20260710_124419,239,WAITING_IN_PROGRESS,assets/replay/sessions/session_20260710_124419/frames/000239.jpg,crops/session_20260710_124419/000239.png,940,36,1620,100,333a4d5665f710aaecbcbb3cee2e2f79871e574afe33b7a94c6998198d20d001
session_20260710_124419,240,WAITING_IN_PROGRESS,assets/replay/sessions/session_20260710_124419/frames/000240.jpg,crops/session_20260710_124419/000240.png,940,36,1620,100,185cb948650b3333730381f88307840cb4dada52c30042f67c7ebf15341cfe39
session_20260710_124419,241,WAITING_IN_PROGRESS,assets/replay/sessions/session_20260710_124419/frames/000241.jpg,crops/session_20260710_124419/000241.png,940,36,1620,100,488f47404b46e745836ec3b4b8d822b0d83ad3a05d6e4dd71dd8171ce7826f62
session_20260710_124419,242,WAITING_IN_PROGRESS,assets/replay/sessions/session_20260710_124419/frames/000242.jpg,crops/session_20260710_124419/000242.png,940,36,1620,100,43c72ccf14237d505a5598cf110f6e4b75ec01904ff372abdab6f3a1828170a0
session_20260710_124419,243,WAITING_IN_PROGRESS,assets/replay/sessions/session_20260710_124419/frames/000243.jpg,crops/session_20260710_124419/000243.png,940,36,1620,100,49a8851a940a2038cb78054e33c8e37bfb2d3080bde3ff5f98150361d66b2b95
session_20260710_124419,244,WAITING_IN_PROGRESS,assets/replay/sessions/session_20260710_124419/frames/000244.jpg,crops/session_20260710_124419/000244.png,940,36,1620,100,5e342051e8c1d32e293d65e30eda1f0eb6e4fba02e570f03fd616e9922c39a45
session_20260710_124419,245,WAITING_IN_PROGRESS,assets/replay/sessions/session_20260710_124419/frames/000245.jpg,crops/session_20260710_124419/000245.png,940,36,1620,100,84a15514953478902dd6d249cc1cf4f62eb9c4caa5278738333d4dbe19fdee0a
session_20260710_124419,246,WAITING_IN_PROGRESS,assets/replay/sessions/session_20260710_124419/frames/000246.jpg,crops/session_20260710_124419/000246.png,940,36,1620,100,a7ae67db173db43bec0ff34600d5232e5ef906ca72dc566f1cf31548631e5184
session_20260710_124419,247,WAITING_IN_PROGRESS,assets/replay/sessions/session_20260710_124419/frames/000247.jpg,crops/session_20260710_124419/000247.png,940,36,1620,100,5c718fa48e7dcc7210dc422a3a09e8f292d727febf8840ce7225b2eb51e3302e
session_20260710_124419,248,WAITING_IN_PROGRESS,assets/replay/sessions/session_20260710_124419/frames/000248.jpg,crops/session_20260710_124419/000248.png,940,36,1620,100,edeb33f3e52611f18a2f7d7270d804c285969f485fdbd9769b464b48f6a3db40
session_20260710_124419,249,WAITING_IN_PROGRESS,assets/replay/sessions/session_20260710_124419/frames/000249.jpg,crops/session_20260710_124419/000249.png,940,36,1620,100,5120543f077782dc6da70a2b028c8c6530ef6123e3bcf48423133fd612eb0974
session_20260710_124419,250,WAITING_IN_PROGRESS,assets/replay/sessions/session_20260710_124419/frames/000250.jpg,crops/session_20260710_124419/000250.png,940,36,1620,100,3af80155e72bd868bcec07cc6cbaa15090f9424c10538d4c577ebe86f51be228
session_20260710_124419,251,WAITING_IN_PROGRESS,assets/replay/sessions/session_20260710_124419/frames/000251.jpg,crops/session_20260710_124419/000251.png,940,36,1620,100,edd86ddd74e12dea327e8aaab7b5cab3bf8300ebcc566e1c47e697d8caa60b1d
session_20260710_124419,252,WAITING_IN_PROGRESS,assets/replay/sessions/session_20260710_124419/frames/000252.jpg,crops/session_20260710_124419/000252.png,940,36,1620,100,61d9d3c93e1f7029d7b3662c2f123af4e6e68e573cd63daeb157e8190b7d189f
session_20260710_124419,253,WAITING_IN_PROGRESS,assets/replay/sessions/session_20260710_124419/frames/000253.jpg,crops/session_20260710_124419/000253.png,940,36,1620,100,27350df856647f249ce7fda926b44228b189b256fefbd73b29565e0d8ca9ed04
session_20260710_124419,254,WAITING_IN_PROGRESS,assets/replay/sessions/session_20260710_124419/frames/000254.jpg,crops/session_20260710_124419/000254.png,940,36,1620,100,e3ad2936080a74ca66b6f41bc5da88a6f186433a5227aec3e4ef1764ebc1d699
session_20260710_124419,255,WAITING_IN_PROGRESS,assets/replay/sessions/session_20260710_124419/frames/000255.jpg,crops/session_20260710_124419/000255.png,940,36,1620,100,885039d69aef29b3e94a81338cf2b6757e177331bfca98d37587ceb7f9aacd12
session_20260710_124419,256,WAITING_IN_PROGRESS,assets/replay/sessions/session_20260710_124419/frames/000256.jpg,crops/session_20260710_124419/000256.png,940,36,1620,100,874ba286dd785de915478838f78b4ca490cc63d72a142ed8fb1c08367e7cc4ed
session_20260710_124419,257,READY_BITE,assets/replay/sessions/session_20260710_124419/frames/000257.jpg,crops/session_20260710_124419/000257.png,940,36,1620,100,a84bcb315807d211d47b7a12d6955993cfd291c093eecf873c06522a6608093c
session_20260710_124419,258,READY_BITE,assets/replay/sessions/session_20260710_124419/frames/000258.jpg,crops/session_20260710_124419/000258.png,940,36,1620,100,f497f3e252f0a9e817ae718ca779b30876d7188cf8a78ef026bda718d0ddd797
session_20260710_124419,259,READY_BITE,assets/replay/sessions/session_20260710_124419/frames/000259.jpg,crops/session_20260710_124419/000259.png,940,36,1620,100,66445a9a17285bf56a1ec5fb7ee795e8d9b7ea584f29828e87724b40892c50ce
session_20260710_124419,260,READY_BITE,assets/replay/sessions/session_20260710_124419/frames/000260.jpg,crops/session_20260710_124419/000260.png,940,36,1620,100,32cc80a9ca34dc04d8aa3049d12b769a9422a9ceaadd5c9f84596a0e07c679b2
session_20260710_124419,261,READY_BITE,assets/replay/sessions/session_20260710_124419/frames/000261.jpg,crops/session_20260710_124419/000261.png,940,36,1620,100,efb7d2e59f0584fa815558d4c25ea912e278a7d4974cd6be2a53c227e59485dc
session_20260710_124419,262,READY_BITE,assets/replay/sessions/session_20260710_124419/frames/000262.jpg,crops/session_20260710_124419/000262.png,940,36,1620,100,213c99b113f0d970225d2c53251a81c6ed4a33d527d42efad4c0e0f26203f77c
session_20260710_124419,263,READY_BITE,assets/replay/sessions/session_20260710_124419/frames/000263.jpg,crops/session_20260710_124419/000263.png,940,36,1620,100,460d1b36c3fcc0b860aba696d1b43fbd5d1c5abdb65d295d9ccbf97ad8125344
session_20260710_124419,264,READY_BITE,assets/replay/sessions/session_20260710_124419/frames/000264.jpg,crops/session_20260710_124419/000264.png,940,36,1620,100,9057cbfc0036cfc686a0cf6eb4772a6b00fe34c76cb44ad358d9329fcf4b667a
session_20260710_124419,265,READY_BITE,assets/replay/sessions/session_20260710_124419/frames/000265.jpg,crops/session_20260710_124419/000265.png,940,36,1620,100,c7adcd7e0a89cf919b5d73076d85263546855d68706257b528cb6d67a6741e63
session_20260710_124419,266,READY_BITE,assets/replay/sessions/session_20260710_124419/frames/000266.jpg,crops/session_20260710_124419/000266.png,940,36,1620,100,c5c98a2b26bcc8d6bddbb00f14c9c23ec69d5f9b9975e03b7b1c820a13ec636a
session_20260710_124419,267,READY_BITE,assets/replay/sessions/session_20260710_124419/frames/000267.jpg,crops/session_20260710_124419/000267.png,940,36,1620,100,551e53a615f229aee91640591b895ddfae5710032b1757a1624077f948cdb92c
session_20260710_124419,268,READY_BITE,assets/replay/sessions/session_20260710_124419/frames/000268.jpg,crops/session_20260710_124419/000268.png,940,36,1620,100,25894000ab2ff5ec61570cb5f1b9c49c100d483b9772e737bdccd3c6001d5d78
session_20260710_124419,269,READY_BITE,assets/replay/sessions/session_20260710_124419/frames/000269.jpg,crops/session_20260710_124419/000269.png,940,36,1620,100,3225b17508f590356e5af3edb84bc54094ba7bddadd350413573aeb8aae6843b
session_20260710_124419,270,READY_BITE,assets/replay/sessions/session_20260710_124419/frames/000270.jpg,crops/session_20260710_124419/000270.png,940,36,1620,100,a305723a43abd85e76e62da00533610ff6d25c7694ce5c8cad263109aad2e8df
session_20260710_124419,271,READY_BITE,assets/replay/sessions/session_20260710_124419/frames/000271.jpg,crops/session_20260710_124419/000271.png,940,36,1620,100,4267e06d9c9c393945eefcb2c3dd200168362913a75dd240e5040b9b209a076b
session_20260710_124419,272,READY_BITE,assets/replay/sessions/session_20260710_124419/frames/000272.jpg,crops/session_20260710_124419/000272.png,940,36,1620,100,7419590a7eb8c0cf304e4d0d01add7f8ed78c7a83eb14f4ed40f6d9262d67392
session_20260710_124419,273,READY_BITE,assets/replay/sessions/session_20260710_124419/frames/000273.jpg,crops/session_20260710_124419/000273.png,940,36,1620,100,548dbc8935ccb7654b8728c235eb0714b4372741039008ee02e7eae707e4332d
session_20260710_124419,274,READY_BITE,assets/replay/sessions/session_20260710_124419/frames/000274.jpg,crops/session_20260710_124419/000274.png,940,36,1620,100,1202dc043eb080c8501ddf91533926b7009c0a91c44c0d0c8acdb2dd19b24f48
session_20260710_124419,275,READY_BITE,assets/replay/sessions/session_20260710_124419/frames/000275.jpg,crops/session_20260710_124419/000275.png,940,36,1620,100,c9a869688e942e8443d496a40ebbe9f92b2325f22acffa31215c963035cb450e
session_20260710_124419,276,READY_BITE,assets/replay/sessions/session_20260710_124419/frames/000276.jpg,crops/session_20260710_124419/000276.png,940,36,1620,100,4e295c04c5310507e6f5c4eff97a86472b8a6961a0b7eccb7793240d191d3b2a
session_20260710_124419,277,READY_BITE,assets/replay/sessions/session_20260710_124419/frames/000277.jpg,crops/session_20260710_124419/000277.png,940,36,1620,100,e584a2d4b7446a008b553b99d5a45bbe6786e5f3d29f4c0c96559745ca9f77bc
session_20260710_124419,278,READY_BITE,assets/replay/sessions/session_20260710_124419/frames/000278.jpg,crops/session_20260710_124419/000278.png,940,36,1620,100,01352e3b310c01d44c005938228b1347d26e7f5d50efd0b9c0bd17b750566561
session_20260710_124419,279,READY_BITE,assets/replay/sessions/session_20260710_124419/frames/000279.jpg,crops/session_20260710_124419/000279.png,940,36,1620,100,9add3cbe224dd321225df72c4ba55045c39e30b5d6b25035f2c6402e6172afaf
session_20260710_124419,280,READY_BITE,assets/replay/sessions/session_20260710_124419/frames/000280.jpg,crops/session_20260710_124419/000280.png,940,36,1620,100,bb2f565a34cc458773c3e81904b06aff2a49b12190b0d636232d350d2aab27ac
session_20260710_124419,281,READY_BITE,assets/replay/sessions/session_20260710_124419/frames/000281.jpg,crops/session_20260710_124419/000281.png,940,36,1620,100,e519a2b262c62456117faba1206ad9f6c34b6179e7ed7937395e36b1b07f9304
session_20260710_124419,282,READY_BITE,assets/replay/sessions/session_20260710_124419/frames/000282.jpg,crops/session_20260710_124419/000282.png,940,36,1620,100,78fdc6f7836e008b9919949e139c5b6b04512b54c15d40511c6e4497ba56a702
session_20260710_124419,283,READY_BITE,assets/replay/sessions/session_20260710_124419/frames/000283.jpg,crops/session_20260710_124419/000283.png,940,36,1620,100,a4a7f6267be1d28f1ee7471f5ed397d01c9d46db7867c16dce979b94e84134af
session_20260710_124419,284,READY_BITE,assets/replay/sessions/session_20260710_124419/frames/000284.jpg,crops/session_20260710_124419/000284.png,940,36,1620,100,29ac1dbb925037f4eb86fb80594ab6d365892df32bf40082f9d81a8dea7c5e85
session_20260710_124419,285,READY_BITE,assets/replay/sessions/session_20260710_124419/frames/000285.jpg,crops/session_20260710_124419/000285.png,940,36,1620,100,3cbba2fd3773db88b478105e156a0d5da87a6371f32c257dc1347657fd8f63af
session_20260710_124419,286,READY_BITE,assets/replay/sessions/session_20260710_124419/frames/000286.jpg,crops/session_20260710_124419/000286.png,940,36,1620,100,05a035107fab491d78e3c7eaa2d3c38767c07fc64a2f87a8bd19e8fd9f86b620
session_20260710_124419,287,READY_BITE,assets/replay/sessions/session_20260710_124419/frames/000287.jpg,crops/session_20260710_124419/000287.png,940,36,1620,100,49c80b6672ecbbfa53e6604e326e33ebd2309aca68f9145f6632d51c955fc2aa
session_20260710_124419,288,READY_BITE,assets/replay/sessions/session_20260710_124419/frames/000288.jpg,crops/session_20260710_124419/000288.png,940,36,1620,100,7208b3ac37afb9dd5dfa444d4eb8b71711e3dd3042546820033e392b5630f213
session_20260710_124419,289,READY_BITE,assets/replay/sessions/session_20260710_124419/frames/000289.jpg,crops/session_20260710_124419/000289.png,940,36,1620,100,0f687d269baa03012977605ca7fa0bb1af73634c4300317cfb95fad140ecd0de
session_20260710_124419,290,READY_BITE,assets/replay/sessions/session_20260710_124419/frames/000290.jpg,crops/session_20260710_124419/000290.png,940,36,1620,100,58caaf8a249a3d4bd5c909c263d282ee9d5a1c153532c85f703d05acdc4db1df
session_20260710_124419,291,READY_BITE,assets/replay/sessions/session_20260710_124419/frames/000291.jpg,crops/session_20260710_124419/000291.png,940,36,1620,100,604cabc5c4fe3b0499b02556f18ba2f673120c203cc8983c5082d6cb61550bc5
session_20260710_124419,292,READY_BITE,assets/replay/sessions/session_20260710_124419/frames/000292.jpg,crops/session_20260710_124419/000292.png,940,36,1620,100,c77cd8a5f3ce2c31b16a0ddc3b2207e80bd6e8794a25db7e34ce0a31ef09ef2f
session_20260710_124419,293,READY_BITE,assets/replay/sessions/session_20260710_124419/frames/000293.jpg,crops/session_20260710_124419/000293.png,940,36,1620,100,51f59038c7e5f7e8b792ae69283cf756b8bf719f1ac4ea5ae3676a4c30899177
session_20260710_124419,294,READY_BITE,assets/replay/sessions/session_20260710_124419/frames/000294.jpg,crops/session_20260710_124419/000294.png,940,36,1620,100,c0f0583e2afdcef90d904142ca098a5a9191b46d9124cc77c53acc4eed9114ed
session_20260710_124419,295,READY_BITE,assets/replay/sessions/session_20260710_124419/frames/000295.jpg,crops/session_20260710_124419/000295.png,940,36,1620,100,16095c55277f7e31a5d2837775173bf10330dbbdaff4eb4fc6728ec68b0cab2e
session_20260710_124419,296,READY_BITE,assets/replay/sessions/session_20260710_124419/frames/000296.jpg,crops/session_20260710_124419/000296.png,940,36,1620,100,56320396541038e6547da4c9d4bcde424a34cecd04dea552bd757c72f8a9ed63
session_20260710_124419,297,READY_BITE,assets/replay/sessions/session_20260710_124419/frames/000297.jpg,crops/session_20260710_124419/000297.png,940,36,1620,100,e0b242ab65d60801ddb10a8a4c9f79da1fb033bb3d19a1e58e40c4763cc8b202
session_20260710_124419,298,READY_BITE,assets/replay/sessions/session_20260710_124419/frames/000298.jpg,crops/session_20260710_124419/000298.png,940,36,1620,100,a77d5f39b8d80ac3b93db835101b6d0bf9fad90044ab71dbf3fc501b523ca73b
session_20260710_124419,299,READY_BITE,assets/replay/sessions/session_20260710_124419/frames/000299.jpg,crops/session_20260710_124419/000299.png,940,36,1620,100,74e8574c90d97844f56a2d2f5e76094566f204bcd300676b4add10725a931c15
session_20260710_124419,300,READY_BITE,assets/replay/sessions/session_20260710_124419/frames/000300.jpg,crops/session_20260710_124419/000300.png,940,36,1620,100,ecf0d04683d7c0bda7a62a8265dc6f7584cb106dee0d294732c7ac257fe46d1c
session_20260710_124419,301,READY_BITE,assets/replay/sessions/session_20260710_124419/frames/000301.jpg,crops/session_20260710_124419/000301.png,940,36,1620,100,ebb8cf9ab315b3408980b5338ac56b7220c020ade9a259f3b0e9cd22dd8e91df
session_20260710_124419,302,READY_BITE,assets/replay/sessions/session_20260710_124419/frames/000302.jpg,crops/session_20260710_124419/000302.png,940,36,1620,100,c507982eb3f517635427d28b063604c69070835dc179db99e082da34fdc023e9
session_20260710_124419,303,READY_BITE,assets/replay/sessions/session_20260710_124419/frames/000303.jpg,crops/session_20260710_124419/000303.png,940,36,1620,100,722fc4ee5140f7daf590f7720f6499113134a5c3a64e3929b7f7f78b3b485e35
session_20260710_124419,304,READY_BITE,assets/replay/sessions/session_20260710_124419/frames/000304.jpg,crops/session_20260710_124419/000304.png,940,36,1620,100,178c8af97b70c4d6bc02ac8fb593577fba1e56ca195e57b0bf2200d855900df4
session_20260710_124419,305,READY_BITE,assets/replay/sessions/session_20260710_124419/frames/000305.jpg,crops/session_20260710_124419/000305.png,940,36,1620,100,4721dc77cd74970856c0681fb93eddfc0489dbda6a40b6bce0a2fc7d9b15ca46
session_20260710_124419,306,READY_BITE,assets/replay/sessions/session_20260710_124419/frames/000306.jpg,crops/session_20260710_124419/000306.png,940,36,1620,100,3f7692b21e502231b7584adb5a4fde63bdf8c00ec57ed489388d5d71c075738c
session_20260710_124419,307,READY_BITE,assets/replay/sessions/session_20260710_124419/frames/000307.jpg,crops/session_20260710_124419/000307.png,940,36,1620,100,53632cf7451129b4ce570e914814c61765430b41fcac236af5fa87e826a219ad
session_20260710_124419,308,READY_BITE,assets/replay/sessions/session_20260710_124419/frames/000308.jpg,crops/session_20260710_124419/000308.png,940,36,1620,100,78facd958c0e5c08f8f25f2ac219d4ca5d550ee5b712fe38429b5785c8ec585a
session_20260710_124419,309,HOOK_INSTRUCTION,assets/replay/sessions/session_20260710_124419/frames/000309.jpg,crops/session_20260710_124419/000309.png,940,36,1620,100,bac46c12525f57e65e67cf0d32eefff59db8b70f7ec53f3a31773ad5e52e0554
session_20260710_124419,310,HOOK_INSTRUCTION,assets/replay/sessions/session_20260710_124419/frames/000310.jpg,crops/session_20260710_124419/000310.png,940,36,1620,100,101687776c45dd46dfafd16b66aca1e000594805c022fbe5af1fe6484daaf5d3
session_20260710_124419,311,HOOK_INSTRUCTION,assets/replay/sessions/session_20260710_124419/frames/000311.jpg,crops/session_20260710_124419/000311.png,940,36,1620,100,6c7c0179ebf65e3644e33db908296b30f3bf9a58ce9d1c7fcbde795e6c8363c7
session_20260710_124419,312,HOOK_INSTRUCTION,assets/replay/sessions/session_20260710_124419/frames/000312.jpg,crops/session_20260710_124419/000312.png,940,36,1620,100,a082230fd24001e5b336138e7b3267826fe30d32118a4747c7958763983a4c3a
session_20260710_124419,313,HOOK_INSTRUCTION,assets/replay/sessions/session_20260710_124419/frames/000313.jpg,crops/session_20260710_124419/000313.png,940,36,1620,100,99168c24ae61a3daba61940474b3118d4aca2c8b8e7c2fc777e44990f456c1f1
session_20260710_124419,314,HOOK_INSTRUCTION,assets/replay/sessions/session_20260710_124419/frames/000314.jpg,crops/session_20260710_124419/000314.png,940,36,1620,100,2b943d1f0adcfd16054518cf29a726a1fce5a379e67bf06498aa403c2e1cceb8
session_20260710_124419,315,HOOK_INSTRUCTION,assets/replay/sessions/session_20260710_124419/frames/000315.jpg,crops/session_20260710_124419/000315.png,940,36,1620,100,f439c8647471757626cd1511053d1edb624086cdf2723ba83f513b992a63d36e
session_20260710_124419,316,HOOK_INSTRUCTION,assets/replay/sessions/session_20260710_124419/frames/000316.jpg,crops/session_20260710_124419/000316.png,940,36,1620,100,8667faec38e154bf22f3cb8a2d68eabdac6fcd11bc092fa79734d35b20e06f42
session_20260710_124419,317,HOOK_INSTRUCTION,assets/replay/sessions/session_20260710_124419/frames/000317.jpg,crops/session_20260710_124419/000317.png,940,36,1620,100,00d24de346b39c9f0f4b78aacd0c0ca8bc4032c63b5a9055b7a500a43afeec10
session_20260710_124419,318,HOOK_INSTRUCTION,assets/replay/sessions/session_20260710_124419/frames/000318.jpg,crops/session_20260710_124419/000318.png,940,36,1620,100,bd1258840a46add5d0bc6fc3603d7c5d651998af8c43bd0d31fbf1ac20c2429b
session_20260710_124419,319,HOOK_INSTRUCTION,assets/replay/sessions/session_20260710_124419/frames/000319.jpg,crops/session_20260710_124419/000319.png,940,36,1620,100,e271764ff211fbe356c0c5fb05c9c871164486ae1ae6c987449964bf72131e5f
session_20260710_124419,320,HOOK_INSTRUCTION,assets/replay/sessions/session_20260710_124419/frames/000320.jpg,crops/session_20260710_124419/000320.png,940,36,1620,100,76e862a0578e5a715043b488ef1257f68cd0f3143c0b3d5d0f9e67a7e7319c53
session_20260710_124419,321,HOOK_INSTRUCTION,assets/replay/sessions/session_20260710_124419/frames/000321.jpg,crops/session_20260710_124419/000321.png,940,36,1620,100,b3bcdd6c97fe7e45e312f87776be8ea7abb84e3c41fe9b1be1a8ae447ee01fdc
session_20260710_124419,322,HOOK_INSTRUCTION,assets/replay/sessions/session_20260710_124419/frames/000322.jpg,crops/session_20260710_124419/000322.png,940,36,1620,100,47bab05f654a4ef4db14d072468ba4d672e8fe020784620f76916937fc42460f
session_20260710_124419,323,HOOK_INSTRUCTION,assets/replay/sessions/session_20260710_124419/frames/000323.jpg,crops/session_20260710_124419/000323.png,940,36,1620,100,477b596c6f0d35426e37bb91a6dda4b82074567b65c735c27b2c2b3d6dc0f528
session_20260710_124419,324,HOOK_INSTRUCTION,assets/replay/sessions/session_20260710_124419/frames/000324.jpg,crops/session_20260710_124419/000324.png,940,36,1620,100,8ef2636d2f28262cdd697e6748b49e641f65b3eca9700672f44b7f08fd9130d6
session_20260710_124419,325,HOOK_INSTRUCTION,assets/replay/sessions/session_20260710_124419/frames/000325.jpg,crops/session_20260710_124419/000325.png,940,36,1620,100,a180eccb3c85782ae975f78c8d41d5fc992e60098ff78d75ee88c14bca798445
session_20260710_124419,326,HOOK_INSTRUCTION,assets/replay/sessions/session_20260710_124419/frames/000326.jpg,crops/session_20260710_124419/000326.png,940,36,1620,100,4341bd50031825648354a14ca491e4f2ed848705ddd9f442490cbee8a42baad4
session_20260710_124419,327,HOOK_INSTRUCTION,assets/replay/sessions/session_20260710_124419/frames/000327.jpg,crops/session_20260710_124419/000327.png,940,36,1620,100,a65f6cb724767b4789c1505aae30a545a574594ef4587c0e3d9b4a17188f4c1b
session_20260710_124419,328,HOOK_INSTRUCTION,assets/replay/sessions/session_20260710_124419/frames/000328.jpg,crops/session_20260710_124419/000328.png,940,36,1620,100,3e6b7dc0ed7d2f65e9f83d2839c616f9afd414a9a5f722303789fa62d531de67
session_20260710_124419,329,HOOK_INSTRUCTION,assets/replay/sessions/session_20260710_124419/frames/000329.jpg,crops/session_20260710_124419/000329.png,940,36,1620,100,06967ae27af3926011cb87b844f299fd589bab3965beb902b3aa4e0610ce77bf
session_20260710_124419,330,HOOK_INSTRUCTION,assets/replay/sessions/session_20260710_124419/frames/000330.jpg,crops/session_20260710_124419/000330.png,940,36,1620,100,fe2f3ec49fe88686db5e43d4f1059d375a977f9ebd4a89bfdaba6f18fc525d54
session_20260710_124419,331,HOOK_INSTRUCTION,assets/replay/sessions/session_20260710_124419/frames/000331.jpg,crops/session_20260710_124419/000331.png,940,36,1620,100,3740ec4bbc8f9d8cf3f0554de5325f5e6bed3026eeea6c478fb92499cf6fe621
session_20260710_124419,332,HOOK_INSTRUCTION,assets/replay/sessions/session_20260710_124419/frames/000332.jpg,crops/session_20260710_124419/000332.png,940,36,1620,100,f5cb5447baed39dd6ee00fec725485fab701fb7275bc0d5e0479cd63e6d544c0
session_20260710_124419,333,HOOK_INSTRUCTION,assets/replay/sessions/session_20260710_124419/frames/000333.jpg,crops/session_20260710_124419/000333.png,940,36,1620,100,7e5cde36734341b015acc216bce1dc436bbd5744f092df75ca1de0b10caa6dd1
session_20260710_124419,334,PRESS_INSTRUCTION,assets/replay/sessions/session_20260710_124419/frames/000334.jpg,crops/session_20260710_124419/000334.png,940,36,1620,100,0c7b2993bec2daa2528e27eba50feb2e1224d39e4a0d8f59a6aae8a441be8e41
session_20260710_124419,335,PRESS_INSTRUCTION,assets/replay/sessions/session_20260710_124419/frames/000335.jpg,crops/session_20260710_124419/000335.png,940,36,1620,100,785039b914f45795313dbdf0f1852b9bfa20b98fc3ada372940a69d37f8d6e5d
session_20260710_124419,336,PRESS_INSTRUCTION,assets/replay/sessions/session_20260710_124419/frames/000336.jpg,crops/session_20260710_124419/000336.png,940,36,1620,100,ccba34f79aa9c62032cdc1ecec39d828ca137517f54f783086f6f1d620378aa4
session_20260710_124419,337,PRESS_INSTRUCTION,assets/replay/sessions/session_20260710_124419/frames/000337.jpg,crops/session_20260710_124419/000337.png,940,36,1620,100,7cfdfdc7df7eb5070835dcea0be261b7fa679a181fca42c44c14371b47c54df4
session_20260710_124419,338,PRESS_INSTRUCTION,assets/replay/sessions/session_20260710_124419/frames/000338.jpg,crops/session_20260710_124419/000338.png,940,36,1620,100,a577e537e8eac14ad0f32016935973d6b453ff27e8889c884734eda885e4e12f
session_20260710_124419,339,PRESS_INSTRUCTION,assets/replay/sessions/session_20260710_124419/frames/000339.jpg,crops/session_20260710_124419/000339.png,940,36,1620,100,79c5f2fe4ac2a6f06372cff0575581747f38a854146ba42d8c5efda2e658562b
session_20260710_124419,340,PRESS_INSTRUCTION,assets/replay/sessions/session_20260710_124419/frames/000340.jpg,crops/session_20260710_124419/000340.png,940,36,1620,100,ecd8a4a2302a7472ab2b02f236d1c0ae789629f6e593a8b443708135e2639153
session_20260710_124419,341,PRESS_INSTRUCTION,assets/replay/sessions/session_20260710_124419/frames/000341.jpg,crops/session_20260710_124419/000341.png,940,36,1620,100,c15660b735c522f02fec435e9e0017b8e0fb8b3cfaed9624c6b2a92ae9b3c0cf
session_20260710_124419,342,PRESS_INSTRUCTION,assets/replay/sessions/session_20260710_124419/frames/000342.jpg,crops/session_20260710_124419/000342.png,940,36,1620,100,182047a25803df79b8d24272c93fb28923c9f13e3455e32bba06f37505de42d7
session_20260710_124419,343,PRESS_INSTRUCTION,assets/replay/sessions/session_20260710_124419/frames/000343.jpg,crops/session_20260710_124419/000343.png,940,36,1620,100,b5b0b4d7be965e0a2ebca6941cd43f324df4f902eaaaa04c63a199e4865506d9
session_20260710_124419,344,PRESS_INSTRUCTION,assets/replay/sessions/session_20260710_124419/frames/000344.jpg,crops/session_20260710_124419/000344.png,940,36,1620,100,98da6bd832b41441a2dc709f54849b5f3475e1788a21960683bde5e7877c54e9
session_20260710_124419,345,PRESS_INSTRUCTION,assets/replay/sessions/session_20260710_124419/frames/000345.jpg,crops/session_20260710_124419/000345.png,940,36,1620,100,767125bb5a879021b4bce4e7cabb1a94a7f5d63c22c405814de2853d1b28c881
session_20260710_124419,346,PRESS_INSTRUCTION,assets/replay/sessions/session_20260710_124419/frames/000346.jpg,crops/session_20260710_124419/000346.png,940,36,1620,100,079c8df46ca4553fac6994fb8dc1c08f922b1d1a06c924acdba2e2b9f1b2333b
session_20260710_124419,347,PRESS_INSTRUCTION,assets/replay/sessions/session_20260710_124419/frames/000347.jpg,crops/session_20260710_124419/000347.png,940,36,1620,100,89927cf7893654562790e7dfedc96707f8ea4c17aa3022126a6d2899834b9a51
session_20260710_124419,348,PRESS_INSTRUCTION,assets/replay/sessions/session_20260710_124419/frames/000348.jpg,crops/session_20260710_124419/000348.png,940,36,1620,100,00f6f0965165d01935a930035ce96c95cae71984ce7ce9356f22c5593afe3c9d
session_20260710_124419,349,PRESS_INSTRUCTION,assets/replay/sessions/session_20260710_124419/frames/000349.jpg,crops/session_20260710_124419/000349.png,940,36,1620,100,401f4c20381f56dc6d54923b005531b8a48a5dd40a43203104e2ad73d9190906
session_20260710_124419,350,PRESS_INSTRUCTION,assets/replay/sessions/session_20260710_124419/frames/000350.jpg,crops/session_20260710_124419/000350.png,940,36,1620,100,4a63c3f0e60055fd1cbb78789d9f8bf84dc1ca3075e93b80017338f2e073ff95
session_20260710_124419,351,PRESS_INSTRUCTION,assets/replay/sessions/session_20260710_124419/frames/000351.jpg,crops/session_20260710_124419/000351.png,940,36,1620,100,14200149d3736b503d441fafa9f58061e4c86aadedd5ed7124781061d1f3e7be
session_20260710_124419,352,PRESS_INSTRUCTION,assets/replay/sessions/session_20260710_124419/frames/000352.jpg,crops/session_20260710_124419/000352.png,940,36,1620,100,d265be752f6c64f6807a96f72019d92a71d124f88a0b07b647fc44da62ae773e
session_20260710_124419,353,PRESS_INSTRUCTION,assets/replay/sessions/session_20260710_124419/frames/000353.jpg,crops/session_20260710_124419/000353.png,940,36,1620,100,a1be2a7c620dcdbd75a47c6841fe2c0f1283dd013889e29ebd4b1234f31be533
session_20260710_124419,354,PRESS_INSTRUCTION,assets/replay/sessions/session_20260710_124419/frames/000354.jpg,crops/session_20260710_124419/000354.png,940,36,1620,100,e01e104296b7eb4a4aaadf82f531420fa64490878e180b830b344979e248cfcd
session_20260710_124419,355,PRESS_INSTRUCTION,assets/replay/sessions/session_20260710_124419/frames/000355.jpg,crops/session_20260710_124419/000355.png,940,36,1620,100,a558c7820b298960d1d6156b455b42574bc0106cfad0bdffb0349524633b10cc
session_20260710_124419,356,IGNORE,assets/replay/sessions/session_20260710_124419/frames/000356.jpg,crops/session_20260710_124419/000356.png,940,36,1620,100,fc9f7e66fe3d0af18fff46c8150ceacb9bce605f6baceaa931a6b4c2cbe75cc5
session_20260710_124419,357,IGNORE,assets/replay/sessions/session_20260710_124419/frames/000357.jpg,crops/session_20260710_124419/000357.png,940,36,1620,100,2e8a5d1b86070c24ee4b90f6b5aaf888d92361f4b539fd1ef7672f4d32a68d29
session_20260710_124419,358,IGNORE,assets/replay/sessions/session_20260710_124419/frames/000358.jpg,crops/session_20260710_124419/000358.png,940,36,1620,100,0cf44049e9781cf6751b75efaede502abb5f13cf313ebb1c1e7cd55df5fdb1ff
session_20260710_124419,359,IGNORE,assets/replay/sessions/session_20260710_124419/frames/000359.jpg,crops/session_20260710_124419/000359.png,940,36,1620,100,4b2f77be9e0eaddc51d2fb6fb37fce8de8b1db66519f4d6b2392d3e33eca39b6
session_20260710_124419,360,IGNORE,assets/replay/sessions/session_20260710_124419/frames/000360.jpg,crops/session_20260710_124419/000360.png,940,36,1620,100,357041b92e1334c1316c11a7c8aebdf740dd0f2543388b4ed8346b50c6498b19
session_20260710_124419,361,IGNORE,assets/replay/sessions/session_20260710_124419/frames/000361.jpg,crops/session_20260710_124419/000361.png,940,36,1620,100,ae5860fcc67c1759fa836f9b6fc38a5969ae12a15cdc8ea7614b907498e5edb9
session_20260710_124419,362,IGNORE,assets/replay/sessions/session_20260710_124419/frames/000362.jpg,crops/session_20260710_124419/000362.png,940,36,1620,100,7d4fe61597f33cebff2de5bf5af866742eb0dd7d470800a7c3956515e704424b
session_20260710_124419,363,IGNORE,assets/replay/sessions/session_20260710_124419/frames/000363.jpg,crops/session_20260710_124419/000363.png,940,36,1620,100,310f5fc6d116df7897b6878fd6eb17d12eab909d68bd1384d2daca3ca082565f
session_20260710_124419,364,IGNORE,assets/replay/sessions/session_20260710_124419/frames/000364.jpg,crops/session_20260710_124419/000364.png,940,36,1620,100,1ccaaff1b8ca0ea6f98088dd0deacdb493d465f219ccbda7976573f366d4258c
session_20260710_124419,365,IGNORE,assets/replay/sessions/session_20260710_124419/frames/000365.jpg,crops/session_20260710_124419/000365.png,940,36,1620,100,51d023e6f907f901114f7725e20fe8f7a683e553a3668c0c4e85fb4b8a7c526d
session_20260710_124419,366,IGNORE,assets/replay/sessions/session_20260710_124419/frames/000366.jpg,crops/session_20260710_124419/000366.png,940,36,1620,100,a2ff57c57da387d394646feee47e379f435867144bb36709018010dfd02f1b8c
session_20260710_124419,367,IGNORE,assets/replay/sessions/session_20260710_124419/frames/000367.jpg,crops/session_20260710_124419/000367.png,940,36,1620,100,ed29466b42bf987eb0ab96caed5d20d948bcc7c5d23555f879af73820ba7b7a6
session_20260710_124419,368,IGNORE,assets/replay/sessions/session_20260710_124419/frames/000368.jpg,crops/session_20260710_124419/000368.png,940,36,1620,100,a441c61497755bfc66dcb6af0906ee04c914d59c1aa5ab2c4048d44e05429972
session_20260710_124419,369,IGNORE,assets/replay/sessions/session_20260710_124419/frames/000369.jpg,crops/session_20260710_124419/000369.png,940,36,1620,100,e19b5473ac9e9babdde00a75a3538488580e1ffa3462fba1673a5640cbef155c
session_20260710_124419,370,IGNORE,assets/replay/sessions/session_20260710_124419/frames/000370.jpg,crops/session_20260710_124419/000370.png,940,36,1620,100,8955b75554d09dbefd0937e0c8ca89c4d19904dcf4081fbdf8423712939eb057
session_20260710_124419,371,IDLE_CAST,assets/replay/sessions/session_20260710_124419/frames/000371.jpg,crops/session_20260710_124419/000371.png,940,36,1620,100,b2ff48e8f8617a8716e65d97dbf1b9ffc8eeb2fd170d6f5528ec2f6abbff8c39
session_20260710_124419,372,IDLE_CAST,assets/replay/sessions/session_20260710_124419/frames/000372.jpg,crops/session_20260710_124419/000372.png,940,36,1620,100,b27e13feba27a86c0ff63dc6710ebdec53d686d01eb9f009133b37ec40cd3f84
session_20260710_124419,373,IDLE_CAST,assets/replay/sessions/session_20260710_124419/frames/000373.jpg,crops/session_20260710_124419/000373.png,940,36,1620,100,c45daae631fc7c2a3a717e916b323d32ed939f8aca45268c92d77856cfc73edc
session_20260710_124419,374,IDLE_CAST,assets/replay/sessions/session_20260710_124419/frames/000374.jpg,crops/session_20260710_124419/000374.png,940,36,1620,100,c7c342f660c32e060e833768c4909d9e5dbae642b808b3be6fb9fb355641d57a
session_20260710_124419,375,IDLE_CAST,assets/replay/sessions/session_20260710_124419/frames/000375.jpg,crops/session_20260710_124419/000375.png,940,36,1620,100,39002c436ff4892324943f439ba4da2c41a9ceed4b7abdd36af8563646523389
session_20260710_124419,376,IDLE_CAST,assets/replay/sessions/session_20260710_124419/frames/000376.jpg,crops/session_20260710_124419/000376.png,940,36,1620,100,36d4fa89b19f979d87fc740e74acaf6f5a49016d2a95a5f1ad379de7e5e9c2b4
session_20260710_124419,377,IDLE_CAST,assets/replay/sessions/session_20260710_124419/frames/000377.jpg,crops/session_20260710_124419/000377.png,940,36,1620,100,f1f84a40a25eb3869acbe445eb20022ec2f0721b598b15a0c3b68c20607dcf04
session_20260710_124419,378,IDLE_CAST,assets/replay/sessions/session_20260710_124419/frames/000378.jpg,crops/session_20260710_124419/000378.png,940,36,1620,100,5f818be7075fca106de5486a35e27836585d4f137620c1ace1fe0397d8ceea5e
session_20260710_124419,379,IDLE_CAST,assets/replay/sessions/session_20260710_124419/frames/000379.jpg,crops/session_20260710_124419/000379.png,940,36,1620,100,2f9224908315b2d0929b7c2a84fd106eded44c4ef789368693e9959fb76427e5
session_20260710_124419,380,IDLE_CAST,assets/replay/sessions/session_20260710_124419/frames/000380.jpg,crops/session_20260710_124419/000380.png,940,36,1620,100,34f1052fac28273fb7a452129990b8af5458af5ffc72fa9407f199ffcced17bd
session_20260710_124419,381,IDLE_CAST,assets/replay/sessions/session_20260710_124419/frames/000381.jpg,crops/session_20260710_124419/000381.png,940,36,1620,100,08acdb4d1787e9473d2fe94d3a53f2c6406c2b20ec7628a5dbe9b510895810b6
session_20260710_124419,382,IDLE_CAST,assets/replay/sessions/session_20260710_124419/frames/000382.jpg,crops/session_20260710_124419/000382.png,940,36,1620,100,37b5982f477558e6650eff744856e5e6f33f09b6ad89e781a5396431bbdd5b28
session_20260710_124419,383,IDLE_CAST,assets/replay/sessions/session_20260710_124419/frames/000383.jpg,crops/session_20260710_124419/000383.png,940,36,1620,100,fad4806c6cb9900c35d8e8d078143f390fbef9e9527a342d8a6ecd18ceb54703
session_20260710_124419,384,IDLE_CAST,assets/replay/sessions/session_20260710_124419/frames/000384.jpg,crops/session_20260710_124419/000384.png,940,36,1620,100,2a63c77282421eeaa67452653eb91c8c5719c6ab3fea61ead82b6cd54b964ada
session_20260710_124419,385,IDLE_CAST,assets/replay/sessions/session_20260710_124419/frames/000385.jpg,crops/session_20260710_124419/000385.png,940,36,1620,100,d3cbfcfa1d5b826c40f021fb33552498d99f4dfd40c227e65dc3bace18c8db7f
session_20260710_124419,386,IDLE_CAST,assets/replay/sessions/session_20260710_124419/frames/000386.jpg,crops/session_20260710_124419/000386.png,940,36,1620,100,48036dfdc0f21efd0aede3bef2af5fc1d25566b632b859406f83c2580e3857f4
session_20260710_124419,387,IDLE_CAST,assets/replay/sessions/session_20260710_124419/frames/000387.jpg,crops/session_20260710_124419/000387.png,940,36,1620,100,f5f22f47cbe152a51b9c5790ad1fdeb4ebd0b7a41a56a687cff508ea70d7f457
session_20260710_124419,388,IDLE_CAST,assets/replay/sessions/session_20260710_124419/frames/000388.jpg,crops/session_20260710_124419/000388.png,940,36,1620,100,d1c4954798ba300dfaf4d0548376e8ee3bacaa031c99a2ec8d1481f88f846190
session_20260710_124419,389,IDLE_CAST,assets/replay/sessions/session_20260710_124419/frames/000389.jpg,crops/session_20260710_124419/000389.png,940,36,1620,100,d17f6660d9523729ed0474ec62f18f6ff6f02b081fb2dde78a611a6b5fbfd301
session_20260710_124419,390,IDLE_CAST,assets/replay/sessions/session_20260710_124419/frames/000390.jpg,crops/session_20260710_124419/000390.png,940,36,1620,100,c239055815c71c826a6b7812ed9347d7d8d435e04168725d8753855a8ac8f935
session_20260710_124419,391,IDLE_CAST,assets/replay/sessions/session_20260710_124419/frames/000391.jpg,crops/session_20260710_124419/000391.png,940,36,1620,100,8e18bf755dfa45e7049aa8c10b02fa075a8b56e66f9df1848f1bc8643ee0cbae
session_20260710_124419,392,IDLE_CAST,assets/replay/sessions/session_20260710_124419/frames/000392.jpg,crops/session_20260710_124419/000392.png,940,36,1620,100,8816d96d0cc6809fed1ddfe18a656ece372ae22e13bef538b36cd6eb1d3482ef
session_20260710_124419,393,IDLE_CAST,assets/replay/sessions/session_20260710_124419/frames/000393.jpg,crops/session_20260710_124419/000393.png,940,36,1620,100,9b025166bd398790234ccca3e4c4f3e1b7e55421e1f1bd3ccc2297137275caa4
session_20260710_124419,394,IDLE_CAST,assets/replay/sessions/session_20260710_124419/frames/000394.jpg,crops/session_20260710_124419/000394.png,940,36,1620,100,13b0ebb03fecb1f4896815cd081044693e778997129687b1e1e2a300b4c36f22
session_20260710_124419,395,IDLE_CAST,assets/replay/sessions/session_20260710_124419/frames/000395.jpg,crops/session_20260710_124419/000395.png,940,36,1620,100,ca12daab5209f65116778a5cd9fd459d61a0c7469822b186daa528eafb862226
session_20260710_124419,396,IDLE_CAST,assets/replay/sessions/session_20260710_124419/frames/000396.jpg,crops/session_20260710_124419/000396.png,940,36,1620,100,23143845135afe0288d04f922d8707d489744d6e11e8b58c9c864d97db161fd3
session_20260710_124419,397,IDLE_CAST,assets/replay/sessions/session_20260710_124419/frames/000397.jpg,crops/session_20260710_124419/000397.png,940,36,1620,100,5ac96c53bfdcffba14de54d3ebb6e40d1f9f9f797c520863732534bbc416ed4d
session_20260710_124419,398,IDLE_CAST,assets/replay/sessions/session_20260710_124419/frames/000398.jpg,crops/session_20260710_124419/000398.png,940,36,1620,100,36b3f9af99a2cccce60feb2206a680726cf08f4025c9deb5b9414a77256acf82
session_20260710_124419,399,WAITING_IN_PROGRESS,assets/replay/sessions/session_20260710_124419/frames/000399.jpg,crops/session_20260710_124419/000399.png,940,36,1620,100,195e7cf819e623882c0e6d2e038f4f7a4dd7ea9bc54f139a04075a738da4a4f4
session_20260710_124419,400,WAITING_IN_PROGRESS,assets/replay/sessions/session_20260710_124419/frames/000400.jpg,crops/session_20260710_124419/000400.png,940,36,1620,100,01efd95f13eb95f22ded3cebbf43404dc41e1774d1dc2ac25b19846c276239c6
session_20260710_124419,401,WAITING_IN_PROGRESS,assets/replay/sessions/session_20260710_124419/frames/000401.jpg,crops/session_20260710_124419/000401.png,940,36,1620,100,e2f4e2210a74d7baac2209937deb981a6fe5cc56749a9412d47eecc1d9fa41eb
session_20260710_124419,402,WAITING_IN_PROGRESS,assets/replay/sessions/session_20260710_124419/frames/000402.jpg,crops/session_20260710_124419/000402.png,940,36,1620,100,da5057eb986453459c959d8cca287edeb7d072016be8fd596c84855c0f547bd1
session_20260710_124419,403,WAITING_IN_PROGRESS,assets/replay/sessions/session_20260710_124419/frames/000403.jpg,crops/session_20260710_124419/000403.png,940,36,1620,100,3810c4e11ace06233f996a008bf6586613e3a182a8842d65a15f43405e71530e
session_20260710_124419,404,WAITING_IN_PROGRESS,assets/replay/sessions/session_20260710_124419/frames/000404.jpg,crops/session_20260710_124419/000404.png,940,36,1620,100,e8cdcab19791969ee71480fa72bb66defdd99d15997d2b2190f16fdbedfcc1d3
session_20260710_124419,405,WAITING_IN_PROGRESS,assets/replay/sessions/session_20260710_124419/frames/000405.jpg,crops/session_20260710_124419/000405.png,940,36,1620,100,66c31d51e456be65129301c13147b30d7c414743e4d7f13592952a15e3e3d895
session_20260710_124419,406,WAITING_IN_PROGRESS,assets/replay/sessions/session_20260710_124419/frames/000406.jpg,crops/session_20260710_124419/000406.png,940,36,1620,100,6797a4401d048f772d894d26cef7fb9cd512e1ff018ec2d3ad35f2db531d9bed
session_20260710_124419,407,WAITING_IN_PROGRESS,assets/replay/sessions/session_20260710_124419/frames/000407.jpg,crops/session_20260710_124419/000407.png,940,36,1620,100,89c6607229fbd43fb7be5400520ce96689a5a3495fc809b3855015102ac22266
session_20260710_124419,408,WAITING_IN_PROGRESS,assets/replay/sessions/session_20260710_124419/frames/000408.jpg,crops/session_20260710_124419/000408.png,940,36,1620,100,5613e7faddfbe8cd7d155e976b6aed494a55652fcea896f58f9ee224c0a2b8b6
session_20260710_124419,409,WAITING_IN_PROGRESS,assets/replay/sessions/session_20260710_124419/frames/000409.jpg,crops/session_20260710_124419/000409.png,940,36,1620,100,e8bd797b96807cb76d64222c1abe49ca9210c23eae0124b56f5af44dac700a0b
session_20260710_124419,410,WAITING_IN_PROGRESS,assets/replay/sessions/session_20260710_124419/frames/000410.jpg,crops/session_20260710_124419/000410.png,940,36,1620,100,bb3fbcb99df8a7d170b10dbce6d01a3584240a0da35c9cfc960a037a6cbe0c3c
session_20260710_124419,411,WAITING_IN_PROGRESS,assets/replay/sessions/session_20260710_124419/frames/000411.jpg,crops/session_20260710_124419/000411.png,940,36,1620,100,6e0a26d5e55fda508727484f5c865eddc756ea88f829eec62935d36632e14308
session_20260710_124419,412,WAITING_IN_PROGRESS,assets/replay/sessions/session_20260710_124419/frames/000412.jpg,crops/session_20260710_124419/000412.png,940,36,1620,100,7d3422667ff707361d5b4d562ce5f1220f2737a560dfa11e8f54d97c4c4f2796
session_20260710_124419,413,WAITING_IN_PROGRESS,assets/replay/sessions/session_20260710_124419/frames/000413.jpg,crops/session_20260710_124419/000413.png,940,36,1620,100,f78d3dfb6f0ea2408eab5e3e48e4ec0388736804980892a009e7fbd790b2e7f6
session_20260710_124419,414,WAITING_IN_PROGRESS,assets/replay/sessions/session_20260710_124419/frames/000414.jpg,crops/session_20260710_124419/000414.png,940,36,1620,100,575a1196bc6f0fcfa0bddd3d98d70e140cfc7adf4d5a255ae07c659c18e790cf
session_20260710_124419,415,WAITING_IN_PROGRESS,assets/replay/sessions/session_20260710_124419/frames/000415.jpg,crops/session_20260710_124419/000415.png,940,36,1620,100,188d70dfbeb7dc93f6bcf7061634a302e64983875908f0fe228a76cb85d34599
session_20260710_124419,416,WAITING_IN_PROGRESS,assets/replay/sessions/session_20260710_124419/frames/000416.jpg,crops/session_20260710_124419/000416.png,940,36,1620,100,55f0a1952ff492f5f098f88e241c48d71f169e1d083f262855abf8711b418ce0
session_20260710_124419,417,WAITING_IN_PROGRESS,assets/replay/sessions/session_20260710_124419/frames/000417.jpg,crops/session_20260710_124419/000417.png,940,36,1620,100,567a458566fb7d84f9f440a0475832ce22cef47f9b4470b925bf9a0a60cdf6cb
session_20260710_124419,418,WAITING_IN_PROGRESS,assets/replay/sessions/session_20260710_124419/frames/000418.jpg,crops/session_20260710_124419/000418.png,940,36,1620,100,3f787502c8c7bf90a6d9ea859ea840d171335eb2360d3cefd3e0cc2c33a53e92
session_20260710_124419,419,WAITING_IN_PROGRESS,assets/replay/sessions/session_20260710_124419/frames/000419.jpg,crops/session_20260710_124419/000419.png,940,36,1620,100,f4cd8a14607cf3a5dcdd821b4043bfc680e910187077c253ccd0d2c7738df5a1
session_20260710_124419,420,WAITING_IN_PROGRESS,assets/replay/sessions/session_20260710_124419/frames/000420.jpg,crops/session_20260710_124419/000420.png,940,36,1620,100,b067fb5cd2082ce21d68505710fedfeeda7e5f3f1eadff14df077e3aad3a4891
session_20260710_124419,421,WAITING_IN_PROGRESS,assets/replay/sessions/session_20260710_124419/frames/000421.jpg,crops/session_20260710_124419/000421.png,940,36,1620,100,5294a14b8d1f19cec7597773dd425261bf1036e2e7a8ee16601f54ca2a35f5c7
session_20260710_124419,422,WAITING_IN_PROGRESS,assets/replay/sessions/session_20260710_124419/frames/000422.jpg,crops/session_20260710_124419/000422.png,940,36,1620,100,092a071fc868d2f80be6ecf5d1939b16e155ef33def5b25d8802027f056e4b32
session_20260710_124419,423,WAITING_IN_PROGRESS,assets/replay/sessions/session_20260710_124419/frames/000423.jpg,crops/session_20260710_124419/000423.png,940,36,1620,100,a15ce1605f5bad1d7ce7b01de8166838bf13011a19b20018d7ff72590b24cc80
session_20260710_124419,424,WAITING_IN_PROGRESS,assets/replay/sessions/session_20260710_124419/frames/000424.jpg,crops/session_20260710_124419/000424.png,940,36,1620,100,67349543de5f6dd42a9b9125f46cc306f4dfe047ff33307507ad8b211f59c1fa
session_20260710_124419,425,WAITING_IN_PROGRESS,assets/replay/sessions/session_20260710_124419/frames/000425.jpg,crops/session_20260710_124419/000425.png,940,36,1620,100,9e748ab35aa42fdaf13df0f6c254e033037bdef946c58ccda396d582d66463f2
session_20260710_124419,426,WAITING_IN_PROGRESS,assets/replay/sessions/session_20260710_124419/frames/000426.jpg,crops/session_20260710_124419/000426.png,940,36,1620,100,2fd2d92fd56de10f35079f12629d44424d707590b5492a8d33df67c3e4034f21
session_20260710_124419,427,WAITING_IN_PROGRESS,assets/replay/sessions/session_20260710_124419/frames/000427.jpg,crops/session_20260710_124419/000427.png,940,36,1620,100,afff0c2b9f89641017343b6af042ef06e9bb11d4d87e3dbfa680e70bbbbc174e
session_20260710_124419,428,WAITING_IN_PROGRESS,assets/replay/sessions/session_20260710_124419/frames/000428.jpg,crops/session_20260710_124419/000428.png,940,36,1620,100,20315ecf480f3d9f1bf8b876ae3ae7444fe59e0e14a2edbd3bb7a3e7b4ff9e4f
session_20260710_124419,429,WAITING_IN_PROGRESS,assets/replay/sessions/session_20260710_124419/frames/000429.jpg,crops/session_20260710_124419/000429.png,940,36,1620,100,2f6fff2ada47b671347facee5d73680b443e4bdb3e24ee9f120bc81b26b19387
session_20260710_124419,430,WAITING_IN_PROGRESS,assets/replay/sessions/session_20260710_124419/frames/000430.jpg,crops/session_20260710_124419/000430.png,940,36,1620,100,d10aa5efbf4f9eb6d39f7f3d3ceedbfbac842783e6fea0ddbd04a12fe2446003
session_20260710_124419,431,WAITING_IN_PROGRESS,assets/replay/sessions/session_20260710_124419/frames/000431.jpg,crops/session_20260710_124419/000431.png,940,36,1620,100,72a8698e9f149a55c34f1465c6b14452a1562aafc264be4b87baa78b9d9b309e
session_20260710_124419,432,WAITING_IN_PROGRESS,assets/replay/sessions/session_20260710_124419/frames/000432.jpg,crops/session_20260710_124419/000432.png,940,36,1620,100,cb982853d0475cfe78726a5ffaaf6c9d651aa7c75f6f0dfa4c9b61908c0632ac
session_20260710_124419,433,WAITING_IN_PROGRESS,assets/replay/sessions/session_20260710_124419/frames/000433.jpg,crops/session_20260710_124419/000433.png,940,36,1620,100,227f7aeced296a21e47bd10bf062eb289e90ad5fd7dc3ada1873a69ed2ac6d96
session_20260710_124419,434,WAITING_IN_PROGRESS,assets/replay/sessions/session_20260710_124419/frames/000434.jpg,crops/session_20260710_124419/000434.png,940,36,1620,100,dc8bb0fe534efc7180daf44f4bf0f31d3bf03e464bfa5530dafd29125abf6eb7
session_20260710_124419,435,WAITING_IN_PROGRESS,assets/replay/sessions/session_20260710_124419/frames/000435.jpg,crops/session_20260710_124419/000435.png,940,36,1620,100,cc6efad5662485119b61ba491567a60a012d72e26c991fae539952570e8a7489
session_20260710_124419,436,WAITING_IN_PROGRESS,assets/replay/sessions/session_20260710_124419/frames/000436.jpg,crops/session_20260710_124419/000436.png,940,36,1620,100,9d17e90d1d3ed5fa63236177de1b4f87ae1604dcdeb77e18bf0d7850d2eba024
session_20260710_124419,437,WAITING_IN_PROGRESS,assets/replay/sessions/session_20260710_124419/frames/000437.jpg,crops/session_20260710_124419/000437.png,940,36,1620,100,3ac43ea7a7d7b08f768c7b92cc37587f0d3049dcb3bc1061a2a0169031fcd8c7
session_20260710_124419,438,WAITING_IN_PROGRESS,assets/replay/sessions/session_20260710_124419/frames/000438.jpg,crops/session_20260710_124419/000438.png,940,36,1620,100,8c4b245877311a3441b5cc9307f57e94bea8c2b273553a5dd7cfb194560eadbf
session_20260710_124419,439,WAITING_IN_PROGRESS,assets/replay/sessions/session_20260710_124419/frames/000439.jpg,crops/session_20260710_124419/000439.png,940,36,1620,100,213acd83d8d5e5ef519b1e3ad7d67d8f02cf3f91fbbe376dd54a42718e3ba792
session_20260710_124419,440,WAITING_IN_PROGRESS,assets/replay/sessions/session_20260710_124419/frames/000440.jpg,crops/session_20260710_124419/000440.png,940,36,1620,100,8752a27a9d1fe23b042d28911c5bed156c61b99a3cd6f1a197e08b6e914a17cd
session_20260710_124419,441,WAITING_IN_PROGRESS,assets/replay/sessions/session_20260710_124419/frames/000441.jpg,crops/session_20260710_124419/000441.png,940,36,1620,100,52edafb0f18cdf41ed7f85789f6b4d9e77e9c390428607301d2d4f78e8aca8a0
session_20260710_124419,442,WAITING_IN_PROGRESS,assets/replay/sessions/session_20260710_124419/frames/000442.jpg,crops/session_20260710_124419/000442.png,940,36,1620,100,6e0ce086a38d2bd08b43366fd5717c0dcb717f3897bd3d6756e21bccae8725f2
session_20260710_124419,443,WAITING_IN_PROGRESS,assets/replay/sessions/session_20260710_124419/frames/000443.jpg,crops/session_20260710_124419/000443.png,940,36,1620,100,10a71f0ce2d46fa6bd72a127ec997a1f9e86de841f562ed8d80ecf1056d533ed
session_20260710_124419,444,WAITING_IN_PROGRESS,assets/replay/sessions/session_20260710_124419/frames/000444.jpg,crops/session_20260710_124419/000444.png,940,36,1620,100,34bfe94c67829b445042d2aadbe030faa60cb3b377b1136e7a5d78ef84998356
session_20260710_124419,445,WAITING_IN_PROGRESS,assets/replay/sessions/session_20260710_124419/frames/000445.jpg,crops/session_20260710_124419/000445.png,940,36,1620,100,12fd07609bf264f7f39a82f5c4599e623700a814103e32287d812f130abec5c6
session_20260710_124419,446,WAITING_IN_PROGRESS,assets/replay/sessions/session_20260710_124419/frames/000446.jpg,crops/session_20260710_124419/000446.png,940,36,1620,100,f3e6faf925233bb8fafc9891453d507f68016c281a2b8c8fe2c39d1fe8dbea13
session_20260710_124419,447,WAITING_IN_PROGRESS,assets/replay/sessions/session_20260710_124419/frames/000447.jpg,crops/session_20260710_124419/000447.png,940,36,1620,100,3948fb889b229c4173aefba874914ce3e2feedf4350e8177a08b9a9e4066ebdc
session_20260710_124419,448,WAITING_IN_PROGRESS,assets/replay/sessions/session_20260710_124419/frames/000448.jpg,crops/session_20260710_124419/000448.png,940,36,1620,100,f7876b4a2a2383d63c05e964822f4609470e47336cb8b7fc253f18932e3e7e75
session_20260710_124419,449,WAITING_IN_PROGRESS,assets/replay/sessions/session_20260710_124419/frames/000449.jpg,crops/session_20260710_124419/000449.png,940,36,1620,100,cb2d0a9ed412fb12865ef1db159835137649dd94d7e12805c53e234e7d769955
session_20260710_124419,450,WAITING_IN_PROGRESS,assets/replay/sessions/session_20260710_124419/frames/000450.jpg,crops/session_20260710_124419/000450.png,940,36,1620,100,d0b6841e0dc8467b0233e1303b27d53b9244e1eeb2bca322daf04f887072c2e3
session_20260710_124419,451,WAITING_IN_PROGRESS,assets/replay/sessions/session_20260710_124419/frames/000451.jpg,crops/session_20260710_124419/000451.png,940,36,1620,100,14f9d3740c33dc63149123d39c835bf835a980f462c79e73ad76f671f54e278a
session_20260710_124419,452,WAITING_IN_PROGRESS,assets/replay/sessions/session_20260710_124419/frames/000452.jpg,crops/session_20260710_124419/000452.png,940,36,1620,100,647b45ac21b4c230b4f5e71aafb7cbad0af675e7920b2e3eaf67a542e9e36f8d
session_20260710_124419,453,WAITING_IN_PROGRESS,assets/replay/sessions/session_20260710_124419/frames/000453.jpg,crops/session_20260710_124419/000453.png,940,36,1620,100,bc97cf53108855c7d6a3152f3a581e51fb4d874f158d0d5878368635c182fdd4
session_20260710_124419,454,WAITING_IN_PROGRESS,assets/replay/sessions/session_20260710_124419/frames/000454.jpg,crops/session_20260710_124419/000454.png,940,36,1620,100,5939a437b24358cac13ae50825cdc0f84f790361af7a2d57ab48ba7bcb0d5ec7
session_20260710_124419,455,WAITING_IN_PROGRESS,assets/replay/sessions/session_20260710_124419/frames/000455.jpg,crops/session_20260710_124419/000455.png,940,36,1620,100,0c37cfc280265632e8b83f1c9263e1ccf371ec7f69c8de54b67e360d1b9ef544
session_20260710_124419,456,WAITING_IN_PROGRESS,assets/replay/sessions/session_20260710_124419/frames/000456.jpg,crops/session_20260710_124419/000456.png,940,36,1620,100,0a4353541e2c7ab2c27516a3d26cfe1dd3feabccca8923d0f64fbaf37e031a4d
session_20260710_124419,457,WAITING_IN_PROGRESS,assets/replay/sessions/session_20260710_124419/frames/000457.jpg,crops/session_20260710_124419/000457.png,940,36,1620,100,53935169ec0baf24859543ff8554b7b8e300340e3c9313c9826af32e7c028f2a
session_20260710_124419,458,WAITING_IN_PROGRESS,assets/replay/sessions/session_20260710_124419/frames/000458.jpg,crops/session_20260710_124419/000458.png,940,36,1620,100,e6ebc6ffc31260d63f394c4b372fa41e832b73f25c5538293db63db934dfc828
session_20260710_124419,459,WAITING_IN_PROGRESS,assets/replay/sessions/session_20260710_124419/frames/000459.jpg,crops/session_20260710_124419/000459.png,940,36,1620,100,1811b7ee009905474fca8e6e360fbc5bbabc0b63a93508953e2e3ec49a11330a
session_20260710_124419,460,WAITING_IN_PROGRESS,assets/replay/sessions/session_20260710_124419/frames/000460.jpg,crops/session_20260710_124419/000460.png,940,36,1620,100,37192d6cc4846a5c8f9bc85d82d81631e223fe49846f6c51375bb2d6455d8964
session_20260710_124419,461,WAITING_IN_PROGRESS,assets/replay/sessions/session_20260710_124419/frames/000461.jpg,crops/session_20260710_124419/000461.png,940,36,1620,100,d340ebf8a607de9122afcc2ef429e3ea3033ad89dd55a7dd44acb2d17a10ae09
session_20260710_124419,462,WAITING_IN_PROGRESS,assets/replay/sessions/session_20260710_124419/frames/000462.jpg,crops/session_20260710_124419/000462.png,940,36,1620,100,7742c2cef99b16e5cf8ba8887254c8447b0e6ff066726bea30400c7a4ca4bc9c
session_20260710_124419,463,WAITING_IN_PROGRESS,assets/replay/sessions/session_20260710_124419/frames/000463.jpg,crops/session_20260710_124419/000463.png,940,36,1620,100,c3a76286f3767e510632ac3a18a0a7b9e8e882d1f2cd1b928f3f71371db37ca9
session_20260710_124419,464,WAITING_IN_PROGRESS,assets/replay/sessions/session_20260710_124419/frames/000464.jpg,crops/session_20260710_124419/000464.png,940,36,1620,100,c203e30b2e085fbdeb1e3ce3066450312d94bfb5d9c72389b16e3dfefb84e873
session_20260710_124419,465,WAITING_IN_PROGRESS,assets/replay/sessions/session_20260710_124419/frames/000465.jpg,crops/session_20260710_124419/000465.png,940,36,1620,100,41cad2371eead7f38804e8a6af6211d727902bb501e318f09c69277d1170b1ea
session_20260710_124419,466,WAITING_IN_PROGRESS,assets/replay/sessions/session_20260710_124419/frames/000466.jpg,crops/session_20260710_124419/000466.png,940,36,1620,100,9a9fe11818961a799eb17110e974f506648467dcb6ad419a8d5b931e49082aff
session_20260710_124419,467,WAITING_IN_PROGRESS,assets/replay/sessions/session_20260710_124419/frames/000467.jpg,crops/session_20260710_124419/000467.png,940,36,1620,100,41a814a3ed6949eb1bf93111bafce6e862111f81bd6de342744142d2851cacc1
session_20260710_124419,468,WAITING_IN_PROGRESS,assets/replay/sessions/session_20260710_124419/frames/000468.jpg,crops/session_20260710_124419/000468.png,940,36,1620,100,77fe400cc574b517891880588b250c0de78ace950c2bffcdfdcbb8f368c42f80
session_20260710_124419,469,WAITING_IN_PROGRESS,assets/replay/sessions/session_20260710_124419/frames/000469.jpg,crops/session_20260710_124419/000469.png,940,36,1620,100,d2889530c55106a6aa0b3858c3950ccd1c87d220582afcdb182d9b83e5c472b4
session_20260710_124419,470,WAITING_IN_PROGRESS,assets/replay/sessions/session_20260710_124419/frames/000470.jpg,crops/session_20260710_124419/000470.png,940,36,1620,100,169c9342608b487f2fe1877fafdef4bf7503170f0e1f375040d173b7a5f9b9cb
session_20260710_124419,471,WAITING_IN_PROGRESS,assets/replay/sessions/session_20260710_124419/frames/000471.jpg,crops/session_20260710_124419/000471.png,940,36,1620,100,20ae67460e597df237fad9d745f37b8221d604023571adcccb3ea9e85d000026
session_20260710_124419,472,WAITING_IN_PROGRESS,assets/replay/sessions/session_20260710_124419/frames/000472.jpg,crops/session_20260710_124419/000472.png,940,36,1620,100,74e6addc4c670896d589467c86f5864cf78beb59d254b673a0e16e89c3c69872
session_20260710_124419,473,WAITING_IN_PROGRESS,assets/replay/sessions/session_20260710_124419/frames/000473.jpg,crops/session_20260710_124419/000473.png,940,36,1620,100,c0778941a85fddd8a8f18d9900592217771a59690ce031bf8d442b232b1b11e2
session_20260710_124419,474,WAITING_IN_PROGRESS,assets/replay/sessions/session_20260710_124419/frames/000474.jpg,crops/session_20260710_124419/000474.png,940,36,1620,100,8c040f2491b09180a55bdbdc2969300f374463cbce3a1a896da7133e09f90f62
session_20260710_124419,475,WAITING_IN_PROGRESS,assets/replay/sessions/session_20260710_124419/frames/000475.jpg,crops/session_20260710_124419/000475.png,940,36,1620,100,74dc8140009724eaa8502bb8d50a134cd9921673d3f4c31e1ad71e57c431029e
session_20260710_124419,476,WAITING_IN_PROGRESS,assets/replay/sessions/session_20260710_124419/frames/000476.jpg,crops/session_20260710_124419/000476.png,940,36,1620,100,c197ebd4d8a1ab0334f7fd04a058cfdba178ed99975ea633aa5ed39a41a8a79c
session_20260710_124419,477,WAITING_IN_PROGRESS,assets/replay/sessions/session_20260710_124419/frames/000477.jpg,crops/session_20260710_124419/000477.png,940,36,1620,100,8f279a5c4430e2705b4c38217c2e65233b167a206fe009de524e57378f652aca
session_20260710_124419,478,WAITING_IN_PROGRESS,assets/replay/sessions/session_20260710_124419/frames/000478.jpg,crops/session_20260710_124419/000478.png,940,36,1620,100,a0db3cd264775fe99841e3aa5cc88aa2adb7dda67cc00e6eef1967588baae862
session_20260710_124419,479,WAITING_IN_PROGRESS,assets/replay/sessions/session_20260710_124419/frames/000479.jpg,crops/session_20260710_124419/000479.png,940,36,1620,100,bef0e33a0f05c79e98bb1a3f6cec553ea3ee3342a836f5272c8d4088b7a44fb9
session_20260710_124419,480,WAITING_IN_PROGRESS,assets/replay/sessions/session_20260710_124419/frames/000480.jpg,crops/session_20260710_124419/000480.png,940,36,1620,100,093712e991579e1a833dae4ec6a66e9b534b32a2dea50512c79967cccde449e0
session_20260710_124419,481,WAITING_IN_PROGRESS,assets/replay/sessions/session_20260710_124419/frames/000481.jpg,crops/session_20260710_124419/000481.png,940,36,1620,100,6e34d065dca47e2a7642baf58fa20a6e362c8034934f0f49c9d6c9729c2593a8
session_20260710_124419,482,WAITING_IN_PROGRESS,assets/replay/sessions/session_20260710_124419/frames/000482.jpg,crops/session_20260710_124419/000482.png,940,36,1620,100,077b79a28eb2cc5212730c2b2f54409a1a9c7d64fb98a82827a88da201b0abcd
session_20260710_124419,483,WAITING_IN_PROGRESS,assets/replay/sessions/session_20260710_124419/frames/000483.jpg,crops/session_20260710_124419/000483.png,940,36,1620,100,b988fe34702eb9e8a0f2736363199610981cd06379d04979c7181db5e7fced62
session_20260710_124419,484,WAITING_IN_PROGRESS,assets/replay/sessions/session_20260710_124419/frames/000484.jpg,crops/session_20260710_124419/000484.png,940,36,1620,100,01626cbb45083095363e097bde0be191f90cbe88b6babe3a7f4b65bf4842dfd0
session_20260710_124419,485,WAITING_IN_PROGRESS,assets/replay/sessions/session_20260710_124419/frames/000485.jpg,crops/session_20260710_124419/000485.png,940,36,1620,100,4e08f7f520f4b2ac96c0d782ca1e0550956c21051fcb0c67e3690e5681a7e3bf
session_20260710_124419,486,WAITING_IN_PROGRESS,assets/replay/sessions/session_20260710_124419/frames/000486.jpg,crops/session_20260710_124419/000486.png,940,36,1620,100,72c131c1e5d561a3380a0fb72341ef3409899d53a21577d8c257350d92a240c9
session_20260710_124419,487,WAITING_IN_PROGRESS,assets/replay/sessions/session_20260710_124419/frames/000487.jpg,crops/session_20260710_124419/000487.png,940,36,1620,100,49dda8cb07101333bc718800d9e208ddf79c13dc53111a33ea1b6739e3ebe157
session_20260710_124419,488,WAITING_IN_PROGRESS,assets/replay/sessions/session_20260710_124419/frames/000488.jpg,crops/session_20260710_124419/000488.png,940,36,1620,100,6449aac4d5f5ea6b54826e9e6d08825e3bdd5353e44b3c43fbb9724157bb8c41
session_20260710_124419,489,WAITING_IN_PROGRESS,assets/replay/sessions/session_20260710_124419/frames/000489.jpg,crops/session_20260710_124419/000489.png,940,36,1620,100,a5b48cd2b61041e487684759ed9a8cf9596b1a139065dcbf953007b511a145aa
session_20260710_124419,490,WAITING_IN_PROGRESS,assets/replay/sessions/session_20260710_124419/frames/000490.jpg,crops/session_20260710_124419/000490.png,940,36,1620,100,6d6fd48bfc8165d9a56b476ea9038fe9e9d3c4a0bc795c68e98b2dd5f5417b15
session_20260710_124419,491,WAITING_IN_PROGRESS,assets/replay/sessions/session_20260710_124419/frames/000491.jpg,crops/session_20260710_124419/000491.png,940,36,1620,100,c8f084f3c9072dd0c75d14865d4dff3ce21fb807a10a95dd9c6b1e8c70dc72f2
session_20260710_124419,492,WAITING_IN_PROGRESS,assets/replay/sessions/session_20260710_124419/frames/000492.jpg,crops/session_20260710_124419/000492.png,940,36,1620,100,c851c8954ce159a9ad005adf19eee7e24db59a74c278b11ad9f974cfe0222b4e
session_20260710_124419,493,WAITING_IN_PROGRESS,assets/replay/sessions/session_20260710_124419/frames/000493.jpg,crops/session_20260710_124419/000493.png,940,36,1620,100,3a31b67e801a28a2bd8e719bf73e13428f902371ea64e8402349249b561c48e4
session_20260710_124419,494,WAITING_IN_PROGRESS,assets/replay/sessions/session_20260710_124419/frames/000494.jpg,crops/session_20260710_124419/000494.png,940,36,1620,100,21fa60fcdec42e2c05ac1006bda84d663e07f8316534ca67362047882f513097
session_20260710_124419,495,WAITING_IN_PROGRESS,assets/replay/sessions/session_20260710_124419/frames/000495.jpg,crops/session_20260710_124419/000495.png,940,36,1620,100,1a24b5b4b52019d06cd26d091c141be1548ffd196b830c6372b0d2de75e6960a
session_20260710_124419,496,WAITING_IN_PROGRESS,assets/replay/sessions/session_20260710_124419/frames/000496.jpg,crops/session_20260710_124419/000496.png,940,36,1620,100,cad9bff50340afe20ccdbe29756d8a4826e9cb5df1e8fc8866c0c7398a43d884
session_20260710_124419,497,WAITING_IN_PROGRESS,assets/replay/sessions/session_20260710_124419/frames/000497.jpg,crops/session_20260710_124419/000497.png,940,36,1620,100,3dd5ee7634921357dc730cbc3d4c3ef87179f84cff07d938b6422fa59b41aa1f
session_20260710_124419,498,WAITING_IN_PROGRESS,assets/replay/sessions/session_20260710_124419/frames/000498.jpg,crops/session_20260710_124419/000498.png,940,36,1620,100,b4a13d2773d485f0196c66d308f3a6ea90b5322abcb30cd5b5dda659eabff3ae
session_20260710_124419,499,WAITING_IN_PROGRESS,assets/replay/sessions/session_20260710_124419/frames/000499.jpg,crops/session_20260710_124419/000499.png,940,36,1620,100,0a0e3fc48a924385a097cd84ce2a1f71ca60e19c10916d4f588582d6e91a12f0
session_20260710_124419,500,WAITING_IN_PROGRESS,assets/replay/sessions/session_20260710_124419/frames/000500.jpg,crops/session_20260710_124419/000500.png,940,36,1620,100,bcd45004075c4beaae2503dfa90f0dd299da3677df57f5b0c8e007776726fedf
session_20260710_124419,501,WAITING_IN_PROGRESS,assets/replay/sessions/session_20260710_124419/frames/000501.jpg,crops/session_20260710_124419/000501.png,940,36,1620,100,b29f3a4e871846ae9dc916fab1f0b199bebaf2878d80ddc1bc4b0fce8ce11545
session_20260710_124419,502,WAITING_IN_PROGRESS,assets/replay/sessions/session_20260710_124419/frames/000502.jpg,crops/session_20260710_124419/000502.png,940,36,1620,100,4c58fb36cf71e3834dfd087e6ed259fb0c67b9f55551ad4c2e1f663aab27bba1
session_20260710_124419,503,WAITING_IN_PROGRESS,assets/replay/sessions/session_20260710_124419/frames/000503.jpg,crops/session_20260710_124419/000503.png,940,36,1620,100,115ba77bf9fe3bd46eafb927b9ea75c45dfbc5f8dee134527e83cd0a90bc70fa
session_20260710_124419,504,WAITING_IN_PROGRESS,assets/replay/sessions/session_20260710_124419/frames/000504.jpg,crops/session_20260710_124419/000504.png,940,36,1620,100,9f5076a9253e39ba7c7dbd878d781f7bcffadeff4ff6b18ba46ab057bab3323f
session_20260710_124419,505,WAITING_IN_PROGRESS,assets/replay/sessions/session_20260710_124419/frames/000505.jpg,crops/session_20260710_124419/000505.png,940,36,1620,100,35cfa2e2a90930e8e40b67eba8bde60458fb64ce843eb585d56f32c01aaa120b
session_20260710_124419,506,WAITING_IN_PROGRESS,assets/replay/sessions/session_20260710_124419/frames/000506.jpg,crops/session_20260710_124419/000506.png,940,36,1620,100,d7cdcd0d11c14e6f18f5ff1adfd94a46ecdb001ae72c60df9599355fe5c97d98
session_20260710_124419,507,WAITING_IN_PROGRESS,assets/replay/sessions/session_20260710_124419/frames/000507.jpg,crops/session_20260710_124419/000507.png,940,36,1620,100,9cf48f8c955cbdd2beaa69357e7123eb5b857575bd434b1ea23466428d5f1929
session_20260710_124419,508,WAITING_IN_PROGRESS,assets/replay/sessions/session_20260710_124419/frames/000508.jpg,crops/session_20260710_124419/000508.png,940,36,1620,100,a8676403571eb4fcc2a504629731f07ce843594f8092e70c727609fbb6382e7e
session_20260710_124419,509,WAITING_IN_PROGRESS,assets/replay/sessions/session_20260710_124419/frames/000509.jpg,crops/session_20260710_124419/000509.png,940,36,1620,100,0fb77cdc4b8cef7485029f22f65001fe1187f8f7bb03b7bab36e4f97aabfb28d
session_20260710_124419,510,WAITING_IN_PROGRESS,assets/replay/sessions/session_20260710_124419/frames/000510.jpg,crops/session_20260710_124419/000510.png,940,36,1620,100,64f46a33cfe5cc7840f8ab970bceb4569cfb5527a42462a137c0cfd57292ef5c
session_20260710_124419,511,WAITING_IN_PROGRESS,assets/replay/sessions/session_20260710_124419/frames/000511.jpg,crops/session_20260710_124419/000511.png,940,36,1620,100,53d92b87c95748b7560f98cb5db2a60762efd864fdb43c2798b8eef18150e5ea
session_20260710_124419,512,WAITING_IN_PROGRESS,assets/replay/sessions/session_20260710_124419/frames/000512.jpg,crops/session_20260710_124419/000512.png,940,36,1620,100,da166ccdbb420479ab38a8a4f77f522a5364c311331a0f505a117b8e3fb562fd
session_20260710_124419,513,WAITING_IN_PROGRESS,assets/replay/sessions/session_20260710_124419/frames/000513.jpg,crops/session_20260710_124419/000513.png,940,36,1620,100,49eadfc82486b96f91726c6b2ee691e69032b3fe25820d1496d14af65158edaf
session_20260710_124419,514,WAITING_IN_PROGRESS,assets/replay/sessions/session_20260710_124419/frames/000514.jpg,crops/session_20260710_124419/000514.png,940,36,1620,100,aa2e8f0fad8cf6e99656cc957dd5778527f0dc25c24f51d1d1155d1fa00adcc2
session_20260710_124419,515,WAITING_IN_PROGRESS,assets/replay/sessions/session_20260710_124419/frames/000515.jpg,crops/session_20260710_124419/000515.png,940,36,1620,100,dd7412fc381478d7f4097839d093d5306eead634592e37f8e90747cf9ae4e661
session_20260710_124419,516,WAITING_IN_PROGRESS,assets/replay/sessions/session_20260710_124419/frames/000516.jpg,crops/session_20260710_124419/000516.png,940,36,1620,100,feb35159f3d29cf84761f4c7f7f82f49b2899892220d6c19bcf2098c21cd45ed
session_20260710_124419,517,WAITING_IN_PROGRESS,assets/replay/sessions/session_20260710_124419/frames/000517.jpg,crops/session_20260710_124419/000517.png,940,36,1620,100,9bd2cb46b48491fdca7d04d3a76ffb8d6041bb651847dd0addd8b9f60e7e5c98
session_20260710_124419,518,WAITING_IN_PROGRESS,assets/replay/sessions/session_20260710_124419/frames/000518.jpg,crops/session_20260710_124419/000518.png,940,36,1620,100,d1ab2d7e334841db3dafb3e9a6dfbf2bfeaf99d8c69f13277e10a10fc38c60c4
session_20260710_124419,519,WAITING_IN_PROGRESS,assets/replay/sessions/session_20260710_124419/frames/000519.jpg,crops/session_20260710_124419/000519.png,940,36,1620,100,97307d7753b817c9004377a4b39c7c58bfa614bfd0f9bbfdd312dcd1572da303
session_20260710_124419,520,WAITING_IN_PROGRESS,assets/replay/sessions/session_20260710_124419/frames/000520.jpg,crops/session_20260710_124419/000520.png,940,36,1620,100,ea993a14c689a4e43054d1836a397488d9c9b9a525f9ac0069e4b006c8e81b14
session_20260710_124419,521,WAITING_IN_PROGRESS,assets/replay/sessions/session_20260710_124419/frames/000521.jpg,crops/session_20260710_124419/000521.png,940,36,1620,100,6a99b7d32e9577c6443625a2a9b6a9d327a365bdb22dfd6b115cbb6205869131
session_20260710_124419,522,WAITING_IN_PROGRESS,assets/replay/sessions/session_20260710_124419/frames/000522.jpg,crops/session_20260710_124419/000522.png,940,36,1620,100,cd4c8cd890211e9590e6e34af08a6ed02fd0c655fc7c5e56bce62ea90d2788dc
session_20260710_124419,523,WAITING_IN_PROGRESS,assets/replay/sessions/session_20260710_124419/frames/000523.jpg,crops/session_20260710_124419/000523.png,940,36,1620,100,c60747500c09e893c36ad712af9d193b56b82d5ed7ea45596fb3d3abfb062cd4
session_20260710_124419,524,WAITING_IN_PROGRESS,assets/replay/sessions/session_20260710_124419/frames/000524.jpg,crops/session_20260710_124419/000524.png,940,36,1620,100,ef1df2f6cede0388205553850ffea5f54efbc9f7511c754080a68b177a5904ef
session_20260710_124419,525,WAITING_IN_PROGRESS,assets/replay/sessions/session_20260710_124419/frames/000525.jpg,crops/session_20260710_124419/000525.png,940,36,1620,100,abf0b4df2b37e1c39a7e7bad84003ec9b1e3a931539b449f4841626d46ca0603
session_20260710_124419,526,WAITING_IN_PROGRESS,assets/replay/sessions/session_20260710_124419/frames/000526.jpg,crops/session_20260710_124419/000526.png,940,36,1620,100,7fdac1f62434e3474a66cfaf76c053dfeb8cd27b1e8b922613a5c3b02c3cec67
session_20260710_124419,527,WAITING_IN_PROGRESS,assets/replay/sessions/session_20260710_124419/frames/000527.jpg,crops/session_20260710_124419/000527.png,940,36,1620,100,4761e15b2480bba42a9e66f3fd4764433a01ff6bef157cb48c25d862fe820d86
session_20260710_124419,528,WAITING_IN_PROGRESS,assets/replay/sessions/session_20260710_124419/frames/000528.jpg,crops/session_20260710_124419/000528.png,940,36,1620,100,b8fdb10c4c4542d5a12ff553f54190dc4382918d44a70e9565ad4ce26244ce60
session_20260710_124419,529,WAITING_IN_PROGRESS,assets/replay/sessions/session_20260710_124419/frames/000529.jpg,crops/session_20260710_124419/000529.png,940,36,1620,100,90319733712c0a10187f9a641de8c9641bbde943fbfb18064381af7ef00bbd9e
session_20260710_124419,530,WAITING_IN_PROGRESS,assets/replay/sessions/session_20260710_124419/frames/000530.jpg,crops/session_20260710_124419/000530.png,940,36,1620,100,e6739a22898034deb6c6809b74c2356ae987a3cb6e8f1a00fb139a8901f1692f
session_20260710_124419,531,WAITING_IN_PROGRESS,assets/replay/sessions/session_20260710_124419/frames/000531.jpg,crops/session_20260710_124419/000531.png,940,36,1620,100,ad2795feb1418cb26e12563b61658f4d3bf0cfce0a26a64b1c449c1fb5b5f04a
session_20260710_124419,532,WAITING_IN_PROGRESS,assets/replay/sessions/session_20260710_124419/frames/000532.jpg,crops/session_20260710_124419/000532.png,940,36,1620,100,d60f9c61f75644bb8fd7bd6eb187fa9c894083405654c3e682eb1763ad0d7010
session_20260710_124419,533,WAITING_IN_PROGRESS,assets/replay/sessions/session_20260710_124419/frames/000533.jpg,crops/session_20260710_124419/000533.png,940,36,1620,100,959b786759413ce8f0e6464c35db521f69d345763691ba011b46fb8057324fd4
session_20260710_124419,534,WAITING_IN_PROGRESS,assets/replay/sessions/session_20260710_124419/frames/000534.jpg,crops/session_20260710_124419/000534.png,940,36,1620,100,ffe77cffd6ff440e8df31f89c7008a46b2a072ce1970dae80459abcdb5cf0252
session_20260710_124419,535,WAITING_IN_PROGRESS,assets/replay/sessions/session_20260710_124419/frames/000535.jpg,crops/session_20260710_124419/000535.png,940,36,1620,100,c14ecc75261c13160ad822848891b967eb1d75f8939d347b0dfb50948789ff4b
session_20260710_124419,536,WAITING_IN_PROGRESS,assets/replay/sessions/session_20260710_124419/frames/000536.jpg,crops/session_20260710_124419/000536.png,940,36,1620,100,cbee0bf71335a324e463d464b4c6596543fcabc131f34163b18aa0ccb5247cf3
session_20260710_124419,537,WAITING_IN_PROGRESS,assets/replay/sessions/session_20260710_124419/frames/000537.jpg,crops/session_20260710_124419/000537.png,940,36,1620,100,7cb8bad99792fce0f9efafcf81fc942b97b50c4c897f7d447b4d2a34e1cc2e40
session_20260710_124419,538,WAITING_IN_PROGRESS,assets/replay/sessions/session_20260710_124419/frames/000538.jpg,crops/session_20260710_124419/000538.png,940,36,1620,100,2a548bb3e54e83d5dbbde04093c6bcb9e008b2bedec460057df7497bde1ee691
session_20260710_124419,539,WAITING_IN_PROGRESS,assets/replay/sessions/session_20260710_124419/frames/000539.jpg,crops/session_20260710_124419/000539.png,940,36,1620,100,bd424c1e7e084446ec31efe53bf0557bfc263b91310e70256d75210ea6db2637
session_20260710_124419,540,WAITING_IN_PROGRESS,assets/replay/sessions/session_20260710_124419/frames/000540.jpg,crops/session_20260710_124419/000540.png,940,36,1620,100,62465e61585fc03ee323527e0bbc06d4d95297a8ff327f909bacb1ee6457d095
session_20260710_124419,541,WAITING_IN_PROGRESS,assets/replay/sessions/session_20260710_124419/frames/000541.jpg,crops/session_20260710_124419/000541.png,940,36,1620,100,ac5ce0de3d1fbae82e18ee9496d1399f76fc663b7da8a4f9efbd1f0e2e2c7d23
session_20260710_124419,542,WAITING_IN_PROGRESS,assets/replay/sessions/session_20260710_124419/frames/000542.jpg,crops/session_20260710_124419/000542.png,940,36,1620,100,7461a146ca6365a6a37ab8da99bd785b6952b72c47701721ba331e42f4777496
session_20260710_124419,543,WAITING_IN_PROGRESS,assets/replay/sessions/session_20260710_124419/frames/000543.jpg,crops/session_20260710_124419/000543.png,940,36,1620,100,adee21ab0e8afcc94dfc8bbf8274e5bcadce28d93ab2b66f891935d5f6cbe2de
session_20260710_124419,544,WAITING_IN_PROGRESS,assets/replay/sessions/session_20260710_124419/frames/000544.jpg,crops/session_20260710_124419/000544.png,940,36,1620,100,936d719046c72bfc89d83c6df7fbf327d046128cf7cf584319e2be04ccbeb59d
session_20260710_124419,545,WAITING_IN_PROGRESS,assets/replay/sessions/session_20260710_124419/frames/000545.jpg,crops/session_20260710_124419/000545.png,940,36,1620,100,c3ee68f1ff7d01a96c0e7d1032a476a6ec236098d42f3b48e98f9f5b8cb26ff6
session_20260710_124419,546,WAITING_IN_PROGRESS,assets/replay/sessions/session_20260710_124419/frames/000546.jpg,crops/session_20260710_124419/000546.png,940,36,1620,100,98246b847fe225b50674938e4784e28b9f4233af1ebf66321713944d70a3e4ff
session_20260710_124419,547,WAITING_IN_PROGRESS,assets/replay/sessions/session_20260710_124419/frames/000547.jpg,crops/session_20260710_124419/000547.png,940,36,1620,100,b9b5394a11ba3cc71e58fd6bb8e63467c0f53e3fbf89355f882c1c0c85b00d0d
session_20260710_124419,548,WAITING_IN_PROGRESS,assets/replay/sessions/session_20260710_124419/frames/000548.jpg,crops/session_20260710_124419/000548.png,940,36,1620,100,7cdfe8ccaa7cf9a22ee3b14fb5a952648056c93e16932970b389a43335c6770a
session_20260710_124419,549,WAITING_IN_PROGRESS,assets/replay/sessions/session_20260710_124419/frames/000549.jpg,crops/session_20260710_124419/000549.png,940,36,1620,100,6b04ec05642af5eaf7dacc969bf53b5a0b6bd8b2b156a6c408de3f2f2b494002
session_20260710_124419,550,WAITING_IN_PROGRESS,assets/replay/sessions/session_20260710_124419/frames/000550.jpg,crops/session_20260710_124419/000550.png,940,36,1620,100,ceb59a62d8d331d9b15d6784cd604265ceb5fc07f1d055ba7f62fe3d47b64247
session_20260710_124419,551,WAITING_IN_PROGRESS,assets/replay/sessions/session_20260710_124419/frames/000551.jpg,crops/session_20260710_124419/000551.png,940,36,1620,100,f52d5db7f4151b0dbbb022d740b9d73d41660b1df4f52a75d5ada1b5e9ce71b0
session_20260710_124419,552,WAITING_IN_PROGRESS,assets/replay/sessions/session_20260710_124419/frames/000552.jpg,crops/session_20260710_124419/000552.png,940,36,1620,100,127fab48b5624d21e26a3c752986f2b923cfc0415e7fa664a7b040f2487c30f9
session_20260710_124419,553,WAITING_IN_PROGRESS,assets/replay/sessions/session_20260710_124419/frames/000553.jpg,crops/session_20260710_124419/000553.png,940,36,1620,100,9148f2600c7038bc1977aadc4c33a3b0c363d227b95e64ea4fef6d4c9cc19c53
session_20260710_124419,554,WAITING_IN_PROGRESS,assets/replay/sessions/session_20260710_124419/frames/000554.jpg,crops/session_20260710_124419/000554.png,940,36,1620,100,da13ba573b8109e529343e4948cfc6b07350d8564708a7fb1d4cc178014b2e19
session_20260710_124419,555,WAITING_IN_PROGRESS,assets/replay/sessions/session_20260710_124419/frames/000555.jpg,crops/session_20260710_124419/000555.png,940,36,1620,100,a663f41657769240a8b9addf19d6b070c6647a152c8c79f63ee36319d089d413
session_20260710_124419,556,WAITING_IN_PROGRESS,assets/replay/sessions/session_20260710_124419/frames/000556.jpg,crops/session_20260710_124419/000556.png,940,36,1620,100,da1c5eb980ec08b0d7be2be11c60fbb42a37a734fe6f19b4735671ceca6cf2b9
session_20260710_124419,557,WAITING_IN_PROGRESS,assets/replay/sessions/session_20260710_124419/frames/000557.jpg,crops/session_20260710_124419/000557.png,940,36,1620,100,b0964bfa0bc07c88430b07e5eb8e2dec3f016e8e4b710e02acd1514990f1f839
session_20260710_124419,558,WAITING_IN_PROGRESS,assets/replay/sessions/session_20260710_124419/frames/000558.jpg,crops/session_20260710_124419/000558.png,940,36,1620,100,205948f5be9e8e5b4d6fd856982edca26e14b239a2ea298f3ca57bef7d8dc66c
session_20260710_124419,559,WAITING_IN_PROGRESS,assets/replay/sessions/session_20260710_124419/frames/000559.jpg,crops/session_20260710_124419/000559.png,940,36,1620,100,f341f4f2660344195afb3d1ee5582d4d4fcbdaae83193dbe8a92c0f955b9d393
session_20260710_124419,560,WAITING_IN_PROGRESS,assets/replay/sessions/session_20260710_124419/frames/000560.jpg,crops/session_20260710_124419/000560.png,940,36,1620,100,eba8bbdc9a8946d4fc79f5fbf4fa6c876ed4ea135e4a812cadbb41fd3c0d58d5
session_20260710_124419,561,WAITING_IN_PROGRESS,assets/replay/sessions/session_20260710_124419/frames/000561.jpg,crops/session_20260710_124419/000561.png,940,36,1620,100,b5333966d19c5e872ef7cee5917219a1268b31dd72ce6dd55e271fd30c1fded8
session_20260710_124419,562,WAITING_IN_PROGRESS,assets/replay/sessions/session_20260710_124419/frames/000562.jpg,crops/session_20260710_124419/000562.png,940,36,1620,100,b1f7ef1b360ff6db80228f534859d255a494bd07c017bec276021d85d3de7d36
session_20260710_124419,563,WAITING_IN_PROGRESS,assets/replay/sessions/session_20260710_124419/frames/000563.jpg,crops/session_20260710_124419/000563.png,940,36,1620,100,39e3a33c528fc95390d0057994fa8f2e30bc04cded832cf2daf951252d254c88
session_20260710_124419,564,WAITING_IN_PROGRESS,assets/replay/sessions/session_20260710_124419/frames/000564.jpg,crops/session_20260710_124419/000564.png,940,36,1620,100,a7313463526bca65d174e11d2ffc296a3b7cd94b15cf7512241f31ebf48c703b
session_20260710_124419,565,WAITING_IN_PROGRESS,assets/replay/sessions/session_20260710_124419/frames/000565.jpg,crops/session_20260710_124419/000565.png,940,36,1620,100,955fe581280bc765c47c72348a6d1e2ff6f291b803ec7ee274a35ffee77cc6c1
session_20260710_124419,566,WAITING_IN_PROGRESS,assets/replay/sessions/session_20260710_124419/frames/000566.jpg,crops/session_20260710_124419/000566.png,940,36,1620,100,3d6369f64a9c0fc3bcc25ede43b31d1b3740bded9b27d6eb0149b02a9af3bde0
session_20260710_124419,567,WAITING_IN_PROGRESS,assets/replay/sessions/session_20260710_124419/frames/000567.jpg,crops/session_20260710_124419/000567.png,940,36,1620,100,f982bccabba8fccc63cb65a4572b4eee9c288b0ff2195f5845b61adc4d14d9b6
session_20260710_124419,568,WAITING_IN_PROGRESS,assets/replay/sessions/session_20260710_124419/frames/000568.jpg,crops/session_20260710_124419/000568.png,940,36,1620,100,73024c7afebb9c8e59cce86b4faf4dc9ba7312ccb43678ecc319a68297e0eb89
session_20260710_124419,569,WAITING_IN_PROGRESS,assets/replay/sessions/session_20260710_124419/frames/000569.jpg,crops/session_20260710_124419/000569.png,940,36,1620,100,97eff6e5771368125f3fd3ce3ff4e4e585a2f39a7a56d8dd1dd0822bdc042558
session_20260710_124419,570,WAITING_IN_PROGRESS,assets/replay/sessions/session_20260710_124419/frames/000570.jpg,crops/session_20260710_124419/000570.png,940,36,1620,100,61ae2f3c5a6918c058af75f6ea5fda7476ace303d15e54cac14ebb8732beda10
session_20260710_124419,571,WAITING_IN_PROGRESS,assets/replay/sessions/session_20260710_124419/frames/000571.jpg,crops/session_20260710_124419/000571.png,940,36,1620,100,24d66ab501b914c5289c34631ef0a4dcc744a1aa6cc6854f49f20e1b8c2145c5
session_20260710_124419,572,WAITING_IN_PROGRESS,assets/replay/sessions/session_20260710_124419/frames/000572.jpg,crops/session_20260710_124419/000572.png,940,36,1620,100,ec1a89edba068c47976b79c1e7a287a14449774579c116eb1fc7b5d6efb6b754
session_20260710_124419,573,WAITING_IN_PROGRESS,assets/replay/sessions/session_20260710_124419/frames/000573.jpg,crops/session_20260710_124419/000573.png,940,36,1620,100,7b9d4f6df264d191d96b8a4c2b1ead108e3edf093b5421f1fdaccdf9d15110d0
session_20260710_124419,574,WAITING_IN_PROGRESS,assets/replay/sessions/session_20260710_124419/frames/000574.jpg,crops/session_20260710_124419/000574.png,940,36,1620,100,65a5395fe0b54650fb245218dcaeaebf8a22d927750e85966964b0ce6e2aa74c
session_20260710_124419,575,WAITING_IN_PROGRESS,assets/replay/sessions/session_20260710_124419/frames/000575.jpg,crops/session_20260710_124419/000575.png,940,36,1620,100,a9041ca891bc9a436ccad84f64c8be435028a4c0cc38e248effe7f53e0266bc1
session_20260710_124419,576,WAITING_IN_PROGRESS,assets/replay/sessions/session_20260710_124419/frames/000576.jpg,crops/session_20260710_124419/000576.png,940,36,1620,100,60aaa517a571d47912fc6e9d3a431cac0cbe43fe60a0f3cb4be70deb211471eb
session_20260710_124419,577,WAITING_IN_PROGRESS,assets/replay/sessions/session_20260710_124419/frames/000577.jpg,crops/session_20260710_124419/000577.png,940,36,1620,100,e040f5c86c6e4e24facca447eb59ceae6e9b09971800364f9c0be412b5ce51c8
session_20260710_124419,578,WAITING_IN_PROGRESS,assets/replay/sessions/session_20260710_124419/frames/000578.jpg,crops/session_20260710_124419/000578.png,940,36,1620,100,2552bfee49755c43b11472ab1e5ffa39edd3dc28760126351465e8fc0973bdcf
session_20260710_124419,579,WAITING_IN_PROGRESS,assets/replay/sessions/session_20260710_124419/frames/000579.jpg,crops/session_20260710_124419/000579.png,940,36,1620,100,c597c6b73f75cfd8f339b2c1bbca7322e86e8157bb9a851cbe65e9cf9a229602
session_20260710_124419,580,WAITING_IN_PROGRESS,assets/replay/sessions/session_20260710_124419/frames/000580.jpg,crops/session_20260710_124419/000580.png,940,36,1620,100,b5b649fa672c856575018c2389b62811941da796711e12956b64fff00c11e15b
session_20260710_124419,581,WAITING_IN_PROGRESS,assets/replay/sessions/session_20260710_124419/frames/000581.jpg,crops/session_20260710_124419/000581.png,940,36,1620,100,21339821af5c5fac847da4a5e1c8ff215474626a4d63d5dff8210d9f1afaa2ff
session_20260710_124419,582,WAITING_IN_PROGRESS,assets/replay/sessions/session_20260710_124419/frames/000582.jpg,crops/session_20260710_124419/000582.png,940,36,1620,100,67ba5593ac435f554377f0c9940273eebfef173a2e3c4afc500671774e0549f5
session_20260710_124419,583,WAITING_IN_PROGRESS,assets/replay/sessions/session_20260710_124419/frames/000583.jpg,crops/session_20260710_124419/000583.png,940,36,1620,100,87080da1c928f6f164932c88e71a0dd34190778ed003daac6903f41b70ce6ec6
session_20260710_124419,584,WAITING_IN_PROGRESS,assets/replay/sessions/session_20260710_124419/frames/000584.jpg,crops/session_20260710_124419/000584.png,940,36,1620,100,1d0b69af77cb9feb7e35b4f33cc030dc1b565d41d53062b24bd46e9683c099af
session_20260710_124419,585,WAITING_IN_PROGRESS,assets/replay/sessions/session_20260710_124419/frames/000585.jpg,crops/session_20260710_124419/000585.png,940,36,1620,100,95cd4b14d33b1a9fdc7da2eb6bb862aed2d3bfcb5d405a19e0760651c1a06da0
session_20260710_124419,586,WAITING_IN_PROGRESS,assets/replay/sessions/session_20260710_124419/frames/000586.jpg,crops/session_20260710_124419/000586.png,940,36,1620,100,12c9e2f77f89d7f9a000663445aceee8e6684b4cd3267bfd26b87ff5c3f16312
session_20260710_124419,587,WAITING_IN_PROGRESS,assets/replay/sessions/session_20260710_124419/frames/000587.jpg,crops/session_20260710_124419/000587.png,940,36,1620,100,cca0bf0e4134ae37c3eceb2141526bd86bd7b186d3f8ecec94383345129e980a
session_20260710_124419,588,WAITING_IN_PROGRESS,assets/replay/sessions/session_20260710_124419/frames/000588.jpg,crops/session_20260710_124419/000588.png,940,36,1620,100,ed32c6f4dc360231fa74deea261b8308f412e932ea10d6522e28480bfb03bb52
session_20260710_124419,589,WAITING_IN_PROGRESS,assets/replay/sessions/session_20260710_124419/frames/000589.jpg,crops/session_20260710_124419/000589.png,940,36,1620,100,a2fce38c9197fb9bbb3ffef4aeb3bca37ba496092071a16ade61c2d48abc409c
session_20260710_124419,590,WAITING_IN_PROGRESS,assets/replay/sessions/session_20260710_124419/frames/000590.jpg,crops/session_20260710_124419/000590.png,940,36,1620,100,59daa34ad80a0fd6d95fde371c764e40a0d177284ad51909358d4402c5c5cae5
session_20260710_124419,591,WAITING_IN_PROGRESS,assets/replay/sessions/session_20260710_124419/frames/000591.jpg,crops/session_20260710_124419/000591.png,940,36,1620,100,8292899f17e9159976a18457a781412c149c538a14f310e85d84699eb47c592b
session_20260710_124419,592,WAITING_IN_PROGRESS,assets/replay/sessions/session_20260710_124419/frames/000592.jpg,crops/session_20260710_124419/000592.png,940,36,1620,100,bb031e99066983037c1f9c2306e1c15af6868aef07474e11c4584dd346c4b339
session_20260710_124419,593,WAITING_IN_PROGRESS,assets/replay/sessions/session_20260710_124419/frames/000593.jpg,crops/session_20260710_124419/000593.png,940,36,1620,100,06fba120658daa10e243f46ab023fafb9b7d93c3d5cea6d477bce492f0655d1e
session_20260710_124419,594,WAITING_IN_PROGRESS,assets/replay/sessions/session_20260710_124419/frames/000594.jpg,crops/session_20260710_124419/000594.png,940,36,1620,100,922a1a37c6ca546d33961f8e5e1c6516cdd5069def5bb1e87b39057292e8df86
session_20260710_124419,595,WAITING_IN_PROGRESS,assets/replay/sessions/session_20260710_124419/frames/000595.jpg,crops/session_20260710_124419/000595.png,940,36,1620,100,77046bf28045c81a70d0de46ed46b8c46beb946070000cd56be6a105686d4933
session_20260710_124419,596,WAITING_IN_PROGRESS,assets/replay/sessions/session_20260710_124419/frames/000596.jpg,crops/session_20260710_124419/000596.png,940,36,1620,100,105d22d549efb83f0dd17a1fd54ce0103aa311ab95291e5cd310258483406224
session_20260710_124419,597,WAITING_IN_PROGRESS,assets/replay/sessions/session_20260710_124419/frames/000597.jpg,crops/session_20260710_124419/000597.png,940,36,1620,100,15e56e359f0b514acc7e485efc17227b3c4e0bcf2d25fe84312f369370882554
session_20260710_124419,598,WAITING_IN_PROGRESS,assets/replay/sessions/session_20260710_124419/frames/000598.jpg,crops/session_20260710_124419/000598.png,940,36,1620,100,df181b35b9772c6668c46dd340f2a961cd338ff54b504e34ca1241728ba0cb3b
session_20260710_124419,599,WAITING_IN_PROGRESS,assets/replay/sessions/session_20260710_124419/frames/000599.jpg,crops/session_20260710_124419/000599.png,940,36,1620,100,794c7930afeb61d052b082b8cfa3c84c3665e064a1fa54685dc2926b48772643
session_20260710_124419,600,WAITING_IN_PROGRESS,assets/replay/sessions/session_20260710_124419/frames/000600.jpg,crops/session_20260710_124419/000600.png,940,36,1620,100,7ab5008509a796a1f0f378ad88f664dc0a5d28ae603e763f816e453a2084cc4b
session_20260710_125441,1,IDLE_CAST,assets/replay/sessions/session_20260710_125441/frames/000001.jpg,crops/session_20260710_125441/000001.png,940,36,1620,100,df29bd53e4bbb7e3a7ae16dc98b2f3ecef8f58e7456e2df2aeed643f6ae5a83e
session_20260710_125441,2,IDLE_CAST,assets/replay/sessions/session_20260710_125441/frames/000002.jpg,crops/session_20260710_125441/000002.png,940,36,1620,100,41cd5c2da18bb5efe65fd3e08d71b0a2a26e17b525c00173d6aac7fc1b525956
session_20260710_125441,3,IDLE_CAST,assets/replay/sessions/session_20260710_125441/frames/000003.jpg,crops/session_20260710_125441/000003.png,940,36,1620,100,892e95e52846b45fc5b8fc9375db2430d574cfa5527762a5ce0df317546c8698
session_20260710_125441,4,IDLE_CAST,assets/replay/sessions/session_20260710_125441/frames/000004.jpg,crops/session_20260710_125441/000004.png,940,36,1620,100,a5ebad227930588892c0bacc0bc475548716c09fe607d2d083093c00ea1991bd
session_20260710_125441,5,IDLE_CAST,assets/replay/sessions/session_20260710_125441/frames/000005.jpg,crops/session_20260710_125441/000005.png,940,36,1620,100,eff4345dc60149e2d3260a77358d819bde0698f477e4164697df3345fbfbc635
session_20260710_125441,6,IDLE_CAST,assets/replay/sessions/session_20260710_125441/frames/000006.jpg,crops/session_20260710_125441/000006.png,940,36,1620,100,b4f06f668c9b85529c3e572761792337299440d43fd13333af496dc85d48e2b4
session_20260710_125441,7,IDLE_CAST,assets/replay/sessions/session_20260710_125441/frames/000007.jpg,crops/session_20260710_125441/000007.png,940,36,1620,100,2aa580589b5ad508ce125272041994b1a03f4b043b03f37ff74ef78df3525a02
session_20260710_125441,8,IDLE_CAST,assets/replay/sessions/session_20260710_125441/frames/000008.jpg,crops/session_20260710_125441/000008.png,940,36,1620,100,0db0ef5f5ebb9800605156d9e2e388df41a01d4d31706daabca576269daf6508
session_20260710_125441,9,IDLE_CAST,assets/replay/sessions/session_20260710_125441/frames/000009.jpg,crops/session_20260710_125441/000009.png,940,36,1620,100,920fd522fbe10e0df4dc3849a052b211dd525eb26bc6ec0f164ba72671061052
session_20260710_125441,10,IDLE_CAST,assets/replay/sessions/session_20260710_125441/frames/000010.jpg,crops/session_20260710_125441/000010.png,940,36,1620,100,562c6b67abf57ee7386aa358aee7e6431f6922cee2a63139edfe00445f8239ce
session_20260710_125441,11,IDLE_CAST,assets/replay/sessions/session_20260710_125441/frames/000011.jpg,crops/session_20260710_125441/000011.png,940,36,1620,100,e5b7c2c88ac6ddca5d1b7be1e373051c5291b709c5506e4dd7a0eecb9ff2f063
session_20260710_125441,12,IDLE_CAST,assets/replay/sessions/session_20260710_125441/frames/000012.jpg,crops/session_20260710_125441/000012.png,940,36,1620,100,08bcbd5cc535351b058c3d054207e0122a1e6bed2e55104b12b57fe5c4d1e3fe
session_20260710_125441,13,IDLE_CAST,assets/replay/sessions/session_20260710_125441/frames/000013.jpg,crops/session_20260710_125441/000013.png,940,36,1620,100,628c5c80e7447b259fe46713c24cb2ac876b5868bf2956bbc692d50bac0ca5d3
session_20260710_125441,14,IDLE_CAST,assets/replay/sessions/session_20260710_125441/frames/000014.jpg,crops/session_20260710_125441/000014.png,940,36,1620,100,3ce21124242f1a2f61b31195ed776aea63c8ff4658d6aae1dd6003fe27827e57
session_20260710_125441,15,IDLE_CAST,assets/replay/sessions/session_20260710_125441/frames/000015.jpg,crops/session_20260710_125441/000015.png,940,36,1620,100,8a9056877d353c81d7fb735addbb5715175d5fdfb0d94014f79a45f1215b2836
session_20260710_125441,16,IDLE_CAST,assets/replay/sessions/session_20260710_125441/frames/000016.jpg,crops/session_20260710_125441/000016.png,940,36,1620,100,08010f07876ec4f069d709bfefb50ebe785873fbd00068cadc4b6cb1e31a763b
session_20260710_125441,17,IDLE_CAST,assets/replay/sessions/session_20260710_125441/frames/000017.jpg,crops/session_20260710_125441/000017.png,940,36,1620,100,d752e44fe2a0d6622141171439dbe057361b02ff04e4cceb1c327db5139fe958
session_20260710_125441,18,IDLE_CAST,assets/replay/sessions/session_20260710_125441/frames/000018.jpg,crops/session_20260710_125441/000018.png,940,36,1620,100,5bea38ded783484d1e7b9dd1bd6d03e1384f18b51f5a3ebe918d9ffea140378a
session_20260710_125441,19,IDLE_CAST,assets/replay/sessions/session_20260710_125441/frames/000019.jpg,crops/session_20260710_125441/000019.png,940,36,1620,100,54ace65f6a8c745d139a4f96e3aad8c0f2c7138231452f70f7ebe08aab53b2b2
session_20260710_125441,20,IDLE_CAST,assets/replay/sessions/session_20260710_125441/frames/000020.jpg,crops/session_20260710_125441/000020.png,940,36,1620,100,8af4a90b55f9f771cc6d0be345c0b220dc30a9964b371251f1fbade7335bccc8
session_20260710_125441,21,IDLE_CAST,assets/replay/sessions/session_20260710_125441/frames/000021.jpg,crops/session_20260710_125441/000021.png,940,36,1620,100,7346a07bf019f5e99ef612d3487047fb763f1e39836c13d9d5ce7def7c6415c6
session_20260710_125441,22,IDLE_CAST,assets/replay/sessions/session_20260710_125441/frames/000022.jpg,crops/session_20260710_125441/000022.png,940,36,1620,100,5ee31f30c1209f181225c10ff49b9fe90f4bae4cebff72ad90cdfa778e919b73
session_20260710_125441,23,IDLE_CAST,assets/replay/sessions/session_20260710_125441/frames/000023.jpg,crops/session_20260710_125441/000023.png,940,36,1620,100,7aa97605285d7a3867cc54f0ce8bb0c8f586fbdd75571b4f46939f1cb45e67ec
session_20260710_125441,24,IDLE_CAST,assets/replay/sessions/session_20260710_125441/frames/000024.jpg,crops/session_20260710_125441/000024.png,940,36,1620,100,717a5e99977c2237bc0b6c4c29907c6f78296712c76049b35ad0afa64ef0e2cd
session_20260710_125441,25,IDLE_CAST,assets/replay/sessions/session_20260710_125441/frames/000025.jpg,crops/session_20260710_125441/000025.png,940,36,1620,100,439b95e3acca1b349186e4b3baedc7a7e2e7a1bb4bb3db6ec03df6a73ac57e20
session_20260710_125441,26,IDLE_CAST,assets/replay/sessions/session_20260710_125441/frames/000026.jpg,crops/session_20260710_125441/000026.png,940,36,1620,100,5b3d27ab0f882edb2d8cdc0eaaea1968cacbfdbeba46319a6133d93c413e00e5
session_20260710_125441,27,IDLE_CAST,assets/replay/sessions/session_20260710_125441/frames/000027.jpg,crops/session_20260710_125441/000027.png,940,36,1620,100,358791db5171108dd83e98b46b3f42ac14adbabbb0812d323416f2bee2c26d04
session_20260710_125441,28,IDLE_CAST,assets/replay/sessions/session_20260710_125441/frames/000028.jpg,crops/session_20260710_125441/000028.png,940,36,1620,100,aa3a42e3d37056fa9c679f5743dadcb81cbf8b5ea47704c79aa89b02317a5717
session_20260710_125441,29,IDLE_CAST,assets/replay/sessions/session_20260710_125441/frames/000029.jpg,crops/session_20260710_125441/000029.png,940,36,1620,100,2ee35a1fffd1f2290d40806d3424cad7e81a08f9588e4c5c60615ff2c36be11e
session_20260710_125441,30,IDLE_CAST,assets/replay/sessions/session_20260710_125441/frames/000030.jpg,crops/session_20260710_125441/000030.png,940,36,1620,100,d52ac0635af8d44ae3c83027ba233c5f1a19c3f1897b720af237db71c8d42ff6
session_20260710_125441,31,IDLE_CAST,assets/replay/sessions/session_20260710_125441/frames/000031.jpg,crops/session_20260710_125441/000031.png,940,36,1620,100,af14caf5eabcc19f992456e6523c03582b8c1056d424dc2035a040a71f76f4d1
session_20260710_125441,32,IDLE_CAST,assets/replay/sessions/session_20260710_125441/frames/000032.jpg,crops/session_20260710_125441/000032.png,940,36,1620,100,6957a5014a8a60121adf41ed22cf704142de8de828f6fad93fbdb4b8e4b1fc23
session_20260710_125441,33,IDLE_CAST,assets/replay/sessions/session_20260710_125441/frames/000033.jpg,crops/session_20260710_125441/000033.png,940,36,1620,100,d9eaf4ae5cc83cc8ef4c72ea14f6500703df2afe6187e1c8d46ef1c53f2f529d
session_20260710_125441,34,IDLE_CAST,assets/replay/sessions/session_20260710_125441/frames/000034.jpg,crops/session_20260710_125441/000034.png,940,36,1620,100,25c997261189333f8481c86310c1b0366b805356fff308eb6c236c989d9b9d57
session_20260710_125441,35,IDLE_CAST,assets/replay/sessions/session_20260710_125441/frames/000035.jpg,crops/session_20260710_125441/000035.png,940,36,1620,100,1a2fc9aab7251c5e8ee78bd36ec7bb606941f3000d4fc461ab65312d1986e360
session_20260710_125441,36,IDLE_CAST,assets/replay/sessions/session_20260710_125441/frames/000036.jpg,crops/session_20260710_125441/000036.png,940,36,1620,100,c3702f8638d194c5a1982e735395bb121a6e9a97a658650847cff5069fd6ee4c
session_20260710_125441,37,IDLE_CAST,assets/replay/sessions/session_20260710_125441/frames/000037.jpg,crops/session_20260710_125441/000037.png,940,36,1620,100,829372c31a7febf03329d7d3d42eefa2da130f40fdf185da917d275e6bf83a2f
session_20260710_125441,38,IDLE_CAST,assets/replay/sessions/session_20260710_125441/frames/000038.jpg,crops/session_20260710_125441/000038.png,940,36,1620,100,5cadaa2a49291b850f33d9ddddf843e265c56cf443a8769a04a63dabe73ea205
session_20260710_125441,39,IDLE_CAST,assets/replay/sessions/session_20260710_125441/frames/000039.jpg,crops/session_20260710_125441/000039.png,940,36,1620,100,3c4a33f248e567cccf326e74cf9986e0d6b311b2d1b1ee055ca0f382689df5f8
session_20260710_125441,40,IDLE_CAST,assets/replay/sessions/session_20260710_125441/frames/000040.jpg,crops/session_20260710_125441/000040.png,940,36,1620,100,dc9dc020190b456853ac39e71c16be8d0133cc1ea5345b9e4bc52e8ffc42fabc
session_20260710_125441,41,IDLE_CAST,assets/replay/sessions/session_20260710_125441/frames/000041.jpg,crops/session_20260710_125441/000041.png,940,36,1620,100,192efbe767939f59bd05ddd78fbd60a8ea488afef726264b067596957aa2408d
session_20260710_125441,42,IDLE_CAST,assets/replay/sessions/session_20260710_125441/frames/000042.jpg,crops/session_20260710_125441/000042.png,940,36,1620,100,79ae7445419e67ea0b3947b87efe4e452d0419056f0f3eda061f381c5d5d3f73
session_20260710_125441,43,IDLE_CAST,assets/replay/sessions/session_20260710_125441/frames/000043.jpg,crops/session_20260710_125441/000043.png,940,36,1620,100,8d45eceea13d7732c60795cf9d91238d5ad6ea86a7dfc83d3e723bf8347e6aa8
session_20260710_125441,44,IDLE_CAST,assets/replay/sessions/session_20260710_125441/frames/000044.jpg,crops/session_20260710_125441/000044.png,940,36,1620,100,6daf23b1f3ffe03de33d10e0d708e6bc13676873ade64af77899cfb7f9e19168
session_20260710_125441,45,IDLE_CAST,assets/replay/sessions/session_20260710_125441/frames/000045.jpg,crops/session_20260710_125441/000045.png,940,36,1620,100,798ee87d7e44f072aa0820d63c72898c5304b76d247bc5c96bdd54726ac1412c
session_20260710_125441,46,IDLE_CAST,assets/replay/sessions/session_20260710_125441/frames/000046.jpg,crops/session_20260710_125441/000046.png,940,36,1620,100,10b224af53b0d0ee409039481d302ebf81b4f55aa86c230e60f6a52a4b0c1e0a
session_20260710_125441,47,IDLE_CAST,assets/replay/sessions/session_20260710_125441/frames/000047.jpg,crops/session_20260710_125441/000047.png,940,36,1620,100,8e7493cb5843dc40aae0cdc8691b689c2dd01fa360b7fa29ccb6be672278b408
session_20260710_125441,48,IDLE_CAST,assets/replay/sessions/session_20260710_125441/frames/000048.jpg,crops/session_20260710_125441/000048.png,940,36,1620,100,3f55c78c23b9080acffe33dd380c6cca87c3fa49b9f28b1c1be1d1da4dbe6ef8
session_20260710_125441,49,IDLE_CAST,assets/replay/sessions/session_20260710_125441/frames/000049.jpg,crops/session_20260710_125441/000049.png,940,36,1620,100,30512a9dea311324df2e069310c544ecf70d6d926ca6ca8e515c8cf738747f37
session_20260710_125441,50,IDLE_CAST,assets/replay/sessions/session_20260710_125441/frames/000050.jpg,crops/session_20260710_125441/000050.png,940,36,1620,100,c102c2d59f875f2a3eb9778cf290d22cd26596395a926cbd7da23751da60633d
session_20260710_125441,51,IDLE_CAST,assets/replay/sessions/session_20260710_125441/frames/000051.jpg,crops/session_20260710_125441/000051.png,940,36,1620,100,3a5d58a38cea57b54e5cd84bc5b0e3e1651d62655d47887ee0210de3333999e3
session_20260710_125441,52,IDLE_CAST,assets/replay/sessions/session_20260710_125441/frames/000052.jpg,crops/session_20260710_125441/000052.png,940,36,1620,100,138885d97217db4efc47c6eba5e08163249a33a29cc2c7e661ba6ad95e6b17cd
session_20260710_125441,53,IDLE_CAST,assets/replay/sessions/session_20260710_125441/frames/000053.jpg,crops/session_20260710_125441/000053.png,940,36,1620,100,ffa193539ad90197ba77b5544a7c83cca86fe692dbb607ec7a0641b807a7eed7
session_20260710_125441,54,IDLE_CAST,assets/replay/sessions/session_20260710_125441/frames/000054.jpg,crops/session_20260710_125441/000054.png,940,36,1620,100,050e1f6b76be8f7bcc76d9f0bd12375ea40bde01cb66b5ec0ea5c1b4683cd868
session_20260710_125441,55,IDLE_CAST,assets/replay/sessions/session_20260710_125441/frames/000055.jpg,crops/session_20260710_125441/000055.png,940,36,1620,100,19a27b3ec7aa8948f6aa604dc549c8049e4f344c9d6f028559d7d8a89a773920
session_20260710_125441,56,IDLE_CAST,assets/replay/sessions/session_20260710_125441/frames/000056.jpg,crops/session_20260710_125441/000056.png,940,36,1620,100,d256abe1558d654d7d6bfb9ed7c43db439f31c8cbf4001e199a161cf6979a078
session_20260710_125441,57,IDLE_CAST,assets/replay/sessions/session_20260710_125441/frames/000057.jpg,crops/session_20260710_125441/000057.png,940,36,1620,100,1aa4920224ddbb0d73cb32a6377d92f305714918ce474d8e39d8056199b62186
session_20260710_125441,58,IDLE_CAST,assets/replay/sessions/session_20260710_125441/frames/000058.jpg,crops/session_20260710_125441/000058.png,940,36,1620,100,63300175e2d13c58e86dca3b4b827f8dc3d679c53e9b9431499e23cea01e1894
session_20260710_125441,59,WAITING_IN_PROGRESS,assets/replay/sessions/session_20260710_125441/frames/000059.jpg,crops/session_20260710_125441/000059.png,940,36,1620,100,b1ad9d2d84cadb32c39b57d77bd2038bc9f6a0404ea47dd5eca9a030b39521ad
session_20260710_125441,60,WAITING_IN_PROGRESS,assets/replay/sessions/session_20260710_125441/frames/000060.jpg,crops/session_20260710_125441/000060.png,940,36,1620,100,0acff07506515f7298f6c5738ee7309209c27454ed823da57872eefaa96e5ac3
session_20260710_125441,61,WAITING_IN_PROGRESS,assets/replay/sessions/session_20260710_125441/frames/000061.jpg,crops/session_20260710_125441/000061.png,940,36,1620,100,a20c913b4bd0d7ea7225a661a2abf55cb24df70f633020663d39ce0e5c0950a7
session_20260710_125441,62,WAITING_IN_PROGRESS,assets/replay/sessions/session_20260710_125441/frames/000062.jpg,crops/session_20260710_125441/000062.png,940,36,1620,100,49548a36f653d3ab6b86a8ffb113d72b05e691557502908e9b0c74747dccbfbe
session_20260710_125441,63,WAITING_IN_PROGRESS,assets/replay/sessions/session_20260710_125441/frames/000063.jpg,crops/session_20260710_125441/000063.png,940,36,1620,100,78de9fb6231dafeb11615a049c06332eb0190ef80d6f4e4527c0bbdaf7f098f4
session_20260710_125441,64,WAITING_IN_PROGRESS,assets/replay/sessions/session_20260710_125441/frames/000064.jpg,crops/session_20260710_125441/000064.png,940,36,1620,100,c79fcbbf73b8a7e07ea1afe86788b755ce8682af1820d9ab349c27ba6c836556
session_20260710_125441,65,WAITING_IN_PROGRESS,assets/replay/sessions/session_20260710_125441/frames/000065.jpg,crops/session_20260710_125441/000065.png,940,36,1620,100,e8c3f87e8cf8ed81c867d4e419d98cd38ed6ec364efcf7bffe97b2948c7c6d43
session_20260710_125441,66,WAITING_IN_PROGRESS,assets/replay/sessions/session_20260710_125441/frames/000066.jpg,crops/session_20260710_125441/000066.png,940,36,1620,100,2d8179d456987836e45df5cac078d6a04ebb16a243a5ae05b66d28f4f20ae8b6
session_20260710_125441,67,WAITING_IN_PROGRESS,assets/replay/sessions/session_20260710_125441/frames/000067.jpg,crops/session_20260710_125441/000067.png,940,36,1620,100,fc6315e3f19def61a650d5ebce96befe25f7004b7f091ccae32afc1f95db7bea
session_20260710_125441,68,WAITING_IN_PROGRESS,assets/replay/sessions/session_20260710_125441/frames/000068.jpg,crops/session_20260710_125441/000068.png,940,36,1620,100,87549c7b6ef45550d072b6a55b477f077f59717967746ad4fed7c4ae180b9ab0
session_20260710_125441,69,WAITING_IN_PROGRESS,assets/replay/sessions/session_20260710_125441/frames/000069.jpg,crops/session_20260710_125441/000069.png,940,36,1620,100,31ebd0252f6fa10dd7a6aa23e6b081c44e38f7e80e0b0b5aa1c24d6c8f79c09a
session_20260710_125441,70,WAITING_IN_PROGRESS,assets/replay/sessions/session_20260710_125441/frames/000070.jpg,crops/session_20260710_125441/000070.png,940,36,1620,100,3de3d03dfb18a3ae397e4a208f96d18af33d8bf4d7cd667265d6c855058e4d54
session_20260710_125441,71,WAITING_IN_PROGRESS,assets/replay/sessions/session_20260710_125441/frames/000071.jpg,crops/session_20260710_125441/000071.png,940,36,1620,100,7a32526c9e9ae3c895cd4f56f8e4a1719f4fccdef3e59f49070691437a270cbf
session_20260710_125441,72,WAITING_IN_PROGRESS,assets/replay/sessions/session_20260710_125441/frames/000072.jpg,crops/session_20260710_125441/000072.png,940,36,1620,100,22b779cb1e439f153afab4d51ba249750b1036101b9e9b4b4c42978d66089076
session_20260710_125441,73,WAITING_IN_PROGRESS,assets/replay/sessions/session_20260710_125441/frames/000073.jpg,crops/session_20260710_125441/000073.png,940,36,1620,100,68739159dad4cf2c83dd5e9cdf426b0ac1c8305fd5b70c0cfa9ae4c07f211bc3
session_20260710_125441,74,WAITING_IN_PROGRESS,assets/replay/sessions/session_20260710_125441/frames/000074.jpg,crops/session_20260710_125441/000074.png,940,36,1620,100,3cce2fc23a2537020fde9030ab9f3c358a9485c6b37675290a48662b378afbf5
session_20260710_125441,75,WAITING_IN_PROGRESS,assets/replay/sessions/session_20260710_125441/frames/000075.jpg,crops/session_20260710_125441/000075.png,940,36,1620,100,b29e1507e2a0b954ed76ce1f6179c2873d0b5be3d112122baaf67df2c1844721
session_20260710_125441,76,WAITING_IN_PROGRESS,assets/replay/sessions/session_20260710_125441/frames/000076.jpg,crops/session_20260710_125441/000076.png,940,36,1620,100,407b7f41ae3d43cc5f5bde33e89a717ff747b2c3455ca9b2637fbb9ed0a4abd5
session_20260710_125441,77,WAITING_IN_PROGRESS,assets/replay/sessions/session_20260710_125441/frames/000077.jpg,crops/session_20260710_125441/000077.png,940,36,1620,100,05d96ae059c361073d0c6e781efa1d8c710021d70aa0e8166e44e52e104b9eaa
session_20260710_125441,78,WAITING_IN_PROGRESS,assets/replay/sessions/session_20260710_125441/frames/000078.jpg,crops/session_20260710_125441/000078.png,940,36,1620,100,f045564d38f9d588d5ce053551aa57a5fa03d839b758069e6f72e241d61b1bde
session_20260710_125441,79,WAITING_IN_PROGRESS,assets/replay/sessions/session_20260710_125441/frames/000079.jpg,crops/session_20260710_125441/000079.png,940,36,1620,100,e42e92b562192283395ff44eab0db4bad69371ed1033b538a9f677f3e8f507ab
session_20260710_125441,80,WAITING_IN_PROGRESS,assets/replay/sessions/session_20260710_125441/frames/000080.jpg,crops/session_20260710_125441/000080.png,940,36,1620,100,929006076019a1c3edb325577fce8dbb9d4809385d069bf064650677d249a9dc
session_20260710_125441,81,WAITING_IN_PROGRESS,assets/replay/sessions/session_20260710_125441/frames/000081.jpg,crops/session_20260710_125441/000081.png,940,36,1620,100,9486e1a3a1345f894218fc611337161529252e330c1b4de03dbb0cb5ccfc4e05
session_20260710_125441,82,WAITING_IN_PROGRESS,assets/replay/sessions/session_20260710_125441/frames/000082.jpg,crops/session_20260710_125441/000082.png,940,36,1620,100,2e47c42b3f7964842a1be0bf91eaa1e5d2cd4b369d02c8e9a802de1ac4730108
session_20260710_125441,83,WAITING_IN_PROGRESS,assets/replay/sessions/session_20260710_125441/frames/000083.jpg,crops/session_20260710_125441/000083.png,940,36,1620,100,2969acc3dc7e4755ba70970d28be3fb035042bb1c60c7e4fbd26c13693956698
session_20260710_125441,84,WAITING_IN_PROGRESS,assets/replay/sessions/session_20260710_125441/frames/000084.jpg,crops/session_20260710_125441/000084.png,940,36,1620,100,be9496994e84e28b6f95b2931f37f52271e76e649b3be45172bb4767df9e0b54
session_20260710_125441,85,WAITING_IN_PROGRESS,assets/replay/sessions/session_20260710_125441/frames/000085.jpg,crops/session_20260710_125441/000085.png,940,36,1620,100,d8125997a5c2a5d9b050065c6951b6a244ca8b8dcc1c0088b090be73cfcd1a5c
session_20260710_125441,86,WAITING_IN_PROGRESS,assets/replay/sessions/session_20260710_125441/frames/000086.jpg,crops/session_20260710_125441/000086.png,940,36,1620,100,ed7b9b2588154e21f0cb5c984732ca96555a78e9b4cd1fd1081d4c4a1be6fdd4
session_20260710_125441,87,WAITING_IN_PROGRESS,assets/replay/sessions/session_20260710_125441/frames/000087.jpg,crops/session_20260710_125441/000087.png,940,36,1620,100,9781d05c16639cf8f0f19b58f6e4ea29695a850ba4d91813d6b0c18f1746570c
session_20260710_125441,88,WAITING_IN_PROGRESS,assets/replay/sessions/session_20260710_125441/frames/000088.jpg,crops/session_20260710_125441/000088.png,940,36,1620,100,90c8d64ab68be9677f28f37b7f10e45435d4e110e398ed01844c55560ca349f3
session_20260710_125441,89,WAITING_IN_PROGRESS,assets/replay/sessions/session_20260710_125441/frames/000089.jpg,crops/session_20260710_125441/000089.png,940,36,1620,100,69091db786ebcf8ae9218e13de0ee3213e07b16ad51f2fc6e2e8952844c2d357
session_20260710_125441,90,WAITING_IN_PROGRESS,assets/replay/sessions/session_20260710_125441/frames/000090.jpg,crops/session_20260710_125441/000090.png,940,36,1620,100,9548198435883df9f04d46a0ed5d53b98b17bd7610348f1c33ded10b1b92d3b7
session_20260710_125441,91,WAITING_IN_PROGRESS,assets/replay/sessions/session_20260710_125441/frames/000091.jpg,crops/session_20260710_125441/000091.png,940,36,1620,100,06df38b8ddcb6e04c42f381a11583d959caafab18acdc29d36c34bc492d08f89
session_20260710_125441,92,WAITING_IN_PROGRESS,assets/replay/sessions/session_20260710_125441/frames/000092.jpg,crops/session_20260710_125441/000092.png,940,36,1620,100,c7e5f6184b16423a9f05e1dbe6ac74fd05c9e570ce4b4e43965716bd3fd1e58b
session_20260710_125441,93,WAITING_IN_PROGRESS,assets/replay/sessions/session_20260710_125441/frames/000093.jpg,crops/session_20260710_125441/000093.png,940,36,1620,100,77dab9b020699adc5bae2a5253d02b3e031e70729bd4e17f87e0476edb9850ae
session_20260710_125441,94,WAITING_IN_PROGRESS,assets/replay/sessions/session_20260710_125441/frames/000094.jpg,crops/session_20260710_125441/000094.png,940,36,1620,100,3c5c207587bb9192d91d126128c3a8d3d4b5320ceb5306c4679194cff8d31a59
session_20260710_125441,95,WAITING_IN_PROGRESS,assets/replay/sessions/session_20260710_125441/frames/000095.jpg,crops/session_20260710_125441/000095.png,940,36,1620,100,7de3fe03eaac40af5e4b9624063855cbf631f038807e80d74aa8ac9b15fc98a1
session_20260710_125441,96,WAITING_IN_PROGRESS,assets/replay/sessions/session_20260710_125441/frames/000096.jpg,crops/session_20260710_125441/000096.png,940,36,1620,100,4e598986788188ffe2a0dfab6182b0edc61ebdc06812aa0d423fbd19f15300c3
session_20260710_125441,97,WAITING_IN_PROGRESS,assets/replay/sessions/session_20260710_125441/frames/000097.jpg,crops/session_20260710_125441/000097.png,940,36,1620,100,61610e4315a0ceb6dd117e09e62e3d885d1d579b65503e31a6331c4914f085aa
session_20260710_125441,98,WAITING_IN_PROGRESS,assets/replay/sessions/session_20260710_125441/frames/000098.jpg,crops/session_20260710_125441/000098.png,940,36,1620,100,9c0ce0681e8af017401c844813dadd4a71b64a04a7966d60e0209a3813a672a3
session_20260710_125441,99,WAITING_IN_PROGRESS,assets/replay/sessions/session_20260710_125441/frames/000099.jpg,crops/session_20260710_125441/000099.png,940,36,1620,100,7311e6c0edcdf6093796df2d22039e311a46302edd6888d46a67a126276a7b61
session_20260710_125441,100,WAITING_IN_PROGRESS,assets/replay/sessions/session_20260710_125441/frames/000100.jpg,crops/session_20260710_125441/000100.png,940,36,1620,100,fcc0875432304111dc99eed3ae9111bbbefc9424a5dc314b272c08e55402718d
session_20260710_125441,101,WAITING_IN_PROGRESS,assets/replay/sessions/session_20260710_125441/frames/000101.jpg,crops/session_20260710_125441/000101.png,940,36,1620,100,4ad9e7191c09785885b9624391062784aae7825017559241172b4892b87e3949
session_20260710_125441,102,WAITING_IN_PROGRESS,assets/replay/sessions/session_20260710_125441/frames/000102.jpg,crops/session_20260710_125441/000102.png,940,36,1620,100,126f25137b536570f4f06ce0b83934fc200382b1655ea533e75f9cb110c71bd6
session_20260710_125441,103,WAITING_IN_PROGRESS,assets/replay/sessions/session_20260710_125441/frames/000103.jpg,crops/session_20260710_125441/000103.png,940,36,1620,100,e71919d7ed2bf2cd36124105c678797d31222d362b1b0dd92966018d19604395
session_20260710_125441,104,WAITING_IN_PROGRESS,assets/replay/sessions/session_20260710_125441/frames/000104.jpg,crops/session_20260710_125441/000104.png,940,36,1620,100,bb4d831895b80148b769f5a2d9876b5ad056b3c98d1025cfe2b0b6b13ba6cac5
session_20260710_125441,105,WAITING_IN_PROGRESS,assets/replay/sessions/session_20260710_125441/frames/000105.jpg,crops/session_20260710_125441/000105.png,940,36,1620,100,7e8c2099bfa2068b8fc0cb5d7ffe86a159bd94502fb0487e7f1b85becb530551
session_20260710_125441,106,WAITING_IN_PROGRESS,assets/replay/sessions/session_20260710_125441/frames/000106.jpg,crops/session_20260710_125441/000106.png,940,36,1620,100,10e9947ba889578d3bb60d8a517de8bb9902600c2b3f61bd8df829a824cb7f2f
session_20260710_125441,107,WAITING_IN_PROGRESS,assets/replay/sessions/session_20260710_125441/frames/000107.jpg,crops/session_20260710_125441/000107.png,940,36,1620,100,fe51a395314667757c48062f228c6228a4a9d36114676243f64e7aa9886d2a41
session_20260710_125441,108,WAITING_IN_PROGRESS,assets/replay/sessions/session_20260710_125441/frames/000108.jpg,crops/session_20260710_125441/000108.png,940,36,1620,100,ef882e50c51d15a224acbb48e75cc42580fd3279e072006e672fb5742a271cfe
session_20260710_125441,109,WAITING_IN_PROGRESS,assets/replay/sessions/session_20260710_125441/frames/000109.jpg,crops/session_20260710_125441/000109.png,940,36,1620,100,05de15b6da9c7403b730375754debe86e8555960ab0205aac55876e971a85276
session_20260710_125441,110,WAITING_IN_PROGRESS,assets/replay/sessions/session_20260710_125441/frames/000110.jpg,crops/session_20260710_125441/000110.png,940,36,1620,100,07063befaa3385faffb17d69b093d365fb70c8d862c4ebc684ab08659d9e83ca
session_20260710_125441,111,WAITING_IN_PROGRESS,assets/replay/sessions/session_20260710_125441/frames/000111.jpg,crops/session_20260710_125441/000111.png,940,36,1620,100,d33af3bf349534997df61ac11f796534c0c128f4b7fad35d81bee65a029e503b
session_20260710_125441,112,WAITING_IN_PROGRESS,assets/replay/sessions/session_20260710_125441/frames/000112.jpg,crops/session_20260710_125441/000112.png,940,36,1620,100,8ca87d66bfdd04bf323cc6b051cee83f90474e1f2fb68cfc6d768869308c2bda
session_20260710_125441,113,WAITING_IN_PROGRESS,assets/replay/sessions/session_20260710_125441/frames/000113.jpg,crops/session_20260710_125441/000113.png,940,36,1620,100,37f1cceffbfa0d79bba4979ab519204c25f529a2732d3a475577c16129ae1a21
session_20260710_125441,114,WAITING_IN_PROGRESS,assets/replay/sessions/session_20260710_125441/frames/000114.jpg,crops/session_20260710_125441/000114.png,940,36,1620,100,233734fa5c8850398fad698ad6b8a7a4c83cc0d03c3f349347e9e3413cecdc70
session_20260710_125441,115,WAITING_IN_PROGRESS,assets/replay/sessions/session_20260710_125441/frames/000115.jpg,crops/session_20260710_125441/000115.png,940,36,1620,100,07cde6e408f840f4d27f4c229c813bd7edd1f8b79eb5ea77ff18fcbfe6e8f4c0
session_20260710_125441,116,WAITING_IN_PROGRESS,assets/replay/sessions/session_20260710_125441/frames/000116.jpg,crops/session_20260710_125441/000116.png,940,36,1620,100,fb25b97056507e6040354fa796c555e3d534fd3bb085078c64497b2f366005ce
session_20260710_125441,117,WAITING_IN_PROGRESS,assets/replay/sessions/session_20260710_125441/frames/000117.jpg,crops/session_20260710_125441/000117.png,940,36,1620,100,cfbd87f67afa78c950a09827b8bdba45a66a25b2986635d3c9df4d508acdbce9
session_20260710_125441,118,WAITING_IN_PROGRESS,assets/replay/sessions/session_20260710_125441/frames/000118.jpg,crops/session_20260710_125441/000118.png,940,36,1620,100,7f2e085235fa173d28e6f439727b7a764a9785904a3d010b34bae9de339282b6
session_20260710_125441,119,WAITING_IN_PROGRESS,assets/replay/sessions/session_20260710_125441/frames/000119.jpg,crops/session_20260710_125441/000119.png,940,36,1620,100,3cb440966c23b2b568a29ed3967eed4573845070b0cbe5ac03027053d47991d3
session_20260710_125441,120,WAITING_IN_PROGRESS,assets/replay/sessions/session_20260710_125441/frames/000120.jpg,crops/session_20260710_125441/000120.png,940,36,1620,100,28a2ec2567735c209fd874c1dadfb62885faac5bb9f2cd5a1b16ff588cfb67a3
session_20260710_125441,121,WAITING_IN_PROGRESS,assets/replay/sessions/session_20260710_125441/frames/000121.jpg,crops/session_20260710_125441/000121.png,940,36,1620,100,5a528e8043a63dc11018802ab4848e06ba16b0f7adb00e2393e3d36aa00859d5
session_20260710_125441,122,WAITING_IN_PROGRESS,assets/replay/sessions/session_20260710_125441/frames/000122.jpg,crops/session_20260710_125441/000122.png,940,36,1620,100,c81dde50ad8ead4497db0402a85156f1677956631e35166c7a69702f2bcee9ee
session_20260710_125441,123,WAITING_IN_PROGRESS,assets/replay/sessions/session_20260710_125441/frames/000123.jpg,crops/session_20260710_125441/000123.png,940,36,1620,100,c71f2393d8e33a8c6eda003f0765b9e0fa4b74aab46b30e0b7cca9b32e70ffc4
session_20260710_125441,124,WAITING_IN_PROGRESS,assets/replay/sessions/session_20260710_125441/frames/000124.jpg,crops/session_20260710_125441/000124.png,940,36,1620,100,88c1ae4b1826a5b3c20a09bd4c3b7c27cac6d63682a220a6b9e58b47b345ec17
session_20260710_125441,125,WAITING_IN_PROGRESS,assets/replay/sessions/session_20260710_125441/frames/000125.jpg,crops/session_20260710_125441/000125.png,940,36,1620,100,152f2d3cb418b025e936e099c52a53c6e6c76c1f6dd3e43983719d8bca3ec9a1
session_20260710_125441,126,WAITING_IN_PROGRESS,assets/replay/sessions/session_20260710_125441/frames/000126.jpg,crops/session_20260710_125441/000126.png,940,36,1620,100,820c78a11ffb8a112561f0faf98f52d7c385d055c602d30eb377e6292784c5d9
session_20260710_125441,127,WAITING_IN_PROGRESS,assets/replay/sessions/session_20260710_125441/frames/000127.jpg,crops/session_20260710_125441/000127.png,940,36,1620,100,5e30cd0abd4f83bc2e576600545f18ce73441054a3b415cb0e8f40ca459477b8
session_20260710_125441,128,WAITING_IN_PROGRESS,assets/replay/sessions/session_20260710_125441/frames/000128.jpg,crops/session_20260710_125441/000128.png,940,36,1620,100,7a599688ebce475f13c1d00d3f3e8358590a4691658322ca8f68847e65f12c83
session_20260710_125441,129,WAITING_IN_PROGRESS,assets/replay/sessions/session_20260710_125441/frames/000129.jpg,crops/session_20260710_125441/000129.png,940,36,1620,100,c8440d2f8b875a175fcd69e0dbccd4660a65e1e65c225a8bc2a521f07f66fc61
session_20260710_125441,130,WAITING_IN_PROGRESS,assets/replay/sessions/session_20260710_125441/frames/000130.jpg,crops/session_20260710_125441/000130.png,940,36,1620,100,c81cccfa015fe51a17d4a4ca1abb08de998936a4d92c9c331467ab1d89bc4517
session_20260710_125441,131,WAITING_IN_PROGRESS,assets/replay/sessions/session_20260710_125441/frames/000131.jpg,crops/session_20260710_125441/000131.png,940,36,1620,100,fa40a3216b636a6ef9919f311ebbd7ac90b8eee2cd82cf0d2f37f1c0ae4af6d0
session_20260710_125441,132,WAITING_IN_PROGRESS,assets/replay/sessions/session_20260710_125441/frames/000132.jpg,crops/session_20260710_125441/000132.png,940,36,1620,100,842aec72b2346b7eeef8800f1650ef8a8b00970040f3f31108f2983b288e4e7c
session_20260710_125441,133,WAITING_IN_PROGRESS,assets/replay/sessions/session_20260710_125441/frames/000133.jpg,crops/session_20260710_125441/000133.png,940,36,1620,100,a0d99b69cab16046df9441b73575f9db7cff4ded5db71aac22326975ae0ebe1c
session_20260710_125441,134,WAITING_IN_PROGRESS,assets/replay/sessions/session_20260710_125441/frames/000134.jpg,crops/session_20260710_125441/000134.png,940,36,1620,100,9c383bc5a769c4ddf0c8321ff115627ffe14720ae1b07fbe33f36ae2297c7b96
session_20260710_125441,135,WAITING_IN_PROGRESS,assets/replay/sessions/session_20260710_125441/frames/000135.jpg,crops/session_20260710_125441/000135.png,940,36,1620,100,bf6bd7d7e0ed94c1b9429c4f1325c61ff2c81c553e3f985aa12209705dd53bf8
session_20260710_125441,136,WAITING_IN_PROGRESS,assets/replay/sessions/session_20260710_125441/frames/000136.jpg,crops/session_20260710_125441/000136.png,940,36,1620,100,78aeb9fc59053520968a4d7e00bed85261e948e6a7f6e324146840df7729a6ab
session_20260710_125441,137,WAITING_IN_PROGRESS,assets/replay/sessions/session_20260710_125441/frames/000137.jpg,crops/session_20260710_125441/000137.png,940,36,1620,100,a60ee0052b98f575a21cbd2d3ab151df6df981077365c239201d0cba9f7a06ef
session_20260710_125441,138,WAITING_IN_PROGRESS,assets/replay/sessions/session_20260710_125441/frames/000138.jpg,crops/session_20260710_125441/000138.png,940,36,1620,100,7f75674818eac57748f73903d5d7738310d42819629e5b240f07e8ed6494b038
session_20260710_125441,139,WAITING_IN_PROGRESS,assets/replay/sessions/session_20260710_125441/frames/000139.jpg,crops/session_20260710_125441/000139.png,940,36,1620,100,2dca4284f8f1556311264a3062bcb581221708d1e28a5365fae08bf9f5ad5b1e
session_20260710_125441,140,WAITING_IN_PROGRESS,assets/replay/sessions/session_20260710_125441/frames/000140.jpg,crops/session_20260710_125441/000140.png,940,36,1620,100,dd4fc17d596c6a5ea42f9569611c22cff346249614438ddc03f2cd82cad7b6ce
session_20260710_125441,141,WAITING_IN_PROGRESS,assets/replay/sessions/session_20260710_125441/frames/000141.jpg,crops/session_20260710_125441/000141.png,940,36,1620,100,82f4b90c895c94f0cc057a74b4fabc9d4db0e6059accb68a8e623d006c43123d
session_20260710_125441,142,WAITING_IN_PROGRESS,assets/replay/sessions/session_20260710_125441/frames/000142.jpg,crops/session_20260710_125441/000142.png,940,36,1620,100,ccc9072f47e6f3df96857ada82f317c56cce7fe181605bfbfafd021360a9fc01
session_20260710_125441,143,WAITING_IN_PROGRESS,assets/replay/sessions/session_20260710_125441/frames/000143.jpg,crops/session_20260710_125441/000143.png,940,36,1620,100,ccc9072f47e6f3df96857ada82f317c56cce7fe181605bfbfafd021360a9fc01
session_20260710_125441,144,WAITING_IN_PROGRESS,assets/replay/sessions/session_20260710_125441/frames/000144.jpg,crops/session_20260710_125441/000144.png,940,36,1620,100,63a5640c6626046926cac3dd68afed6f2af39ec4d8b79eb523e22105ed8f8568
session_20260710_125441,145,WAITING_IN_PROGRESS,assets/replay/sessions/session_20260710_125441/frames/000145.jpg,crops/session_20260710_125441/000145.png,940,36,1620,100,6a5b6a9c4b2affa133ef4d891dcfcf4e84d3fd48002851390dba34bf386730f1
session_20260710_125441,146,WAITING_IN_PROGRESS,assets/replay/sessions/session_20260710_125441/frames/000146.jpg,crops/session_20260710_125441/000146.png,940,36,1620,100,3d56bf0c21f98784fe2ce95023667a907b9094d0b74b402be04106e2b5d64a84
session_20260710_125441,147,WAITING_IN_PROGRESS,assets/replay/sessions/session_20260710_125441/frames/000147.jpg,crops/session_20260710_125441/000147.png,940,36,1620,100,9420be895053cb0e6e600ca4aac1e296d7038e45c756a7a33a7d028ecc4f1569
session_20260710_125441,148,WAITING_IN_PROGRESS,assets/replay/sessions/session_20260710_125441/frames/000148.jpg,crops/session_20260710_125441/000148.png,940,36,1620,100,d03e06240d9d127748822a4aca2a7b9d67e36b6c9fcb9a3349b83bc9e234c0f4
session_20260710_125441,149,WAITING_IN_PROGRESS,assets/replay/sessions/session_20260710_125441/frames/000149.jpg,crops/session_20260710_125441/000149.png,940,36,1620,100,8b17ddea1db1e2b66fd7f6519bc9d33417b04f7effed97eb1d6fc729ee759ec3
session_20260710_125441,150,WAITING_IN_PROGRESS,assets/replay/sessions/session_20260710_125441/frames/000150.jpg,crops/session_20260710_125441/000150.png,940,36,1620,100,a29df528e53df230db7c01b6c0e005c18a5de13a244f995f657498f02d38a881
session_20260710_125441,151,WAITING_IN_PROGRESS,assets/replay/sessions/session_20260710_125441/frames/000151.jpg,crops/session_20260710_125441/000151.png,940,36,1620,100,59905a676cad67efe1269204103a09007c58fdf98c6753d2b7cbe2d359ec9912
session_20260710_125441,152,WAITING_IN_PROGRESS,assets/replay/sessions/session_20260710_125441/frames/000152.jpg,crops/session_20260710_125441/000152.png,940,36,1620,100,50a482d7240cf306c958905a90eb44d903da494837ab88cd5b42c7223a038a6d
session_20260710_125441,153,WAITING_IN_PROGRESS,assets/replay/sessions/session_20260710_125441/frames/000153.jpg,crops/session_20260710_125441/000153.png,940,36,1620,100,0578c0b18f2441a214f3fcf7d0cfb1a38b5aa9e2bec2db5997baa14de26d31de
session_20260710_125441,154,WAITING_IN_PROGRESS,assets/replay/sessions/session_20260710_125441/frames/000154.jpg,crops/session_20260710_125441/000154.png,940,36,1620,100,acc0622e48b69db999a2f2d2ed8eb67cd8e72518b1e4fac1dd18ab300c655908
session_20260710_125441,155,WAITING_IN_PROGRESS,assets/replay/sessions/session_20260710_125441/frames/000155.jpg,crops/session_20260710_125441/000155.png,940,36,1620,100,8761fe1d3bd591807cc231b09f1b3844a7e88895c011e66d0ea983115bdd9451
session_20260710_125441,156,WAITING_IN_PROGRESS,assets/replay/sessions/session_20260710_125441/frames/000156.jpg,crops/session_20260710_125441/000156.png,940,36,1620,100,42d576d2109661861414ae8006067008fca3d94dc03e86d461f32b4be0836a33
session_20260710_125441,157,WAITING_IN_PROGRESS,assets/replay/sessions/session_20260710_125441/frames/000157.jpg,crops/session_20260710_125441/000157.png,940,36,1620,100,0af4e53cd0a3dc6a8e999dcb027cd25d3721de2b36af294aae96fba5ab465038
session_20260710_125441,158,WAITING_IN_PROGRESS,assets/replay/sessions/session_20260710_125441/frames/000158.jpg,crops/session_20260710_125441/000158.png,940,36,1620,100,8e7e4635dae5e426b106ebbaac2bb2d57a152922e07d581058872ce66478a560
session_20260710_125441,159,WAITING_IN_PROGRESS,assets/replay/sessions/session_20260710_125441/frames/000159.jpg,crops/session_20260710_125441/000159.png,940,36,1620,100,7c15c5af9b4a044f84ac128bbee8778eb01956eee9bad8763b13f24ca85ea371
session_20260710_125441,160,WAITING_IN_PROGRESS,assets/replay/sessions/session_20260710_125441/frames/000160.jpg,crops/session_20260710_125441/000160.png,940,36,1620,100,5a23a67e5164d835ba68bfcdd33aaea24677952ae5f88434ae362da5006e489b
session_20260710_125441,161,WAITING_IN_PROGRESS,assets/replay/sessions/session_20260710_125441/frames/000161.jpg,crops/session_20260710_125441/000161.png,940,36,1620,100,062e6f24e80af6a8873c777616f06c7afc4e8e123993ab4ed2e45d61646563cf
session_20260710_125441,162,WAITING_IN_PROGRESS,assets/replay/sessions/session_20260710_125441/frames/000162.jpg,crops/session_20260710_125441/000162.png,940,36,1620,100,e3f28fdd8cd88899786e18e2ab37fe6ab937af02cc89f5c06d0bfde14f1ceb51
session_20260710_125441,163,WAITING_IN_PROGRESS,assets/replay/sessions/session_20260710_125441/frames/000163.jpg,crops/session_20260710_125441/000163.png,940,36,1620,100,74e6c845373746f9819a82cf5214857b12ab4cf5230f19f70df435416fb5004a
session_20260710_125441,164,WAITING_IN_PROGRESS,assets/replay/sessions/session_20260710_125441/frames/000164.jpg,crops/session_20260710_125441/000164.png,940,36,1620,100,052c38e3532030cf8e768c79a0851b1cfab4832ba3f8f9e8c749a7dd583a28dd
session_20260710_125441,165,WAITING_IN_PROGRESS,assets/replay/sessions/session_20260710_125441/frames/000165.jpg,crops/session_20260710_125441/000165.png,940,36,1620,100,aef116d23cc27969931ade8db8c471591b3a1bee69fe8e23f82652b4bbf7bfc0
session_20260710_125441,166,WAITING_IN_PROGRESS,assets/replay/sessions/session_20260710_125441/frames/000166.jpg,crops/session_20260710_125441/000166.png,940,36,1620,100,693fab1b45205f9104832bd79f33c0b8bf573022572f0f24182257019c5ed38b
session_20260710_125441,167,WAITING_IN_PROGRESS,assets/replay/sessions/session_20260710_125441/frames/000167.jpg,crops/session_20260710_125441/000167.png,940,36,1620,100,72876805ef84aaf9d472ccc15d4d54c11669646559f8cce5bfaf1bf1ab70e586
session_20260710_125441,168,WAITING_IN_PROGRESS,assets/replay/sessions/session_20260710_125441/frames/000168.jpg,crops/session_20260710_125441/000168.png,940,36,1620,100,f3b81e8abb731f3a507bb7a07b9fcce56a9f9b61f791607ddeec50bf826892eb
session_20260710_125441,169,WAITING_IN_PROGRESS,assets/replay/sessions/session_20260710_125441/frames/000169.jpg,crops/session_20260710_125441/000169.png,940,36,1620,100,cb2f62b90b1957d9553eba86167676e1a81cd23402fcc3da1db00974bfadca21
session_20260710_125441,170,WAITING_IN_PROGRESS,assets/replay/sessions/session_20260710_125441/frames/000170.jpg,crops/session_20260710_125441/000170.png,940,36,1620,100,96f4f53940e7a511a7efb84f8cfc4867742b85bd2d489392f64898d539f78d77
session_20260710_125441,171,WAITING_IN_PROGRESS,assets/replay/sessions/session_20260710_125441/frames/000171.jpg,crops/session_20260710_125441/000171.png,940,36,1620,100,ebf037abb442f718182c344161e275a4060feb002baf76a41536ac65d74fb2aa
session_20260710_125441,172,WAITING_IN_PROGRESS,assets/replay/sessions/session_20260710_125441/frames/000172.jpg,crops/session_20260710_125441/000172.png,940,36,1620,100,1998c47a8cf5a71bb4180ba6d3213d3d39bf9dfc0a53f4fec55e25b614f722db
session_20260710_125441,173,WAITING_IN_PROGRESS,assets/replay/sessions/session_20260710_125441/frames/000173.jpg,crops/session_20260710_125441/000173.png,940,36,1620,100,dfc9138addd7666f198fb6719e451e62a838678942fea3d03da55ff4eddb2e8b
session_20260710_125441,174,WAITING_IN_PROGRESS,assets/replay/sessions/session_20260710_125441/frames/000174.jpg,crops/session_20260710_125441/000174.png,940,36,1620,100,56cef475b4fbecc6555fa96e47e78cd1024b4c9dfdc5a3c775ebc59f841dc060
session_20260710_125441,175,WAITING_IN_PROGRESS,assets/replay/sessions/session_20260710_125441/frames/000175.jpg,crops/session_20260710_125441/000175.png,940,36,1620,100,13fdd8a8c07b7ad0ef55f9467e4421e1b53809d27e6dc6f83d09c4dc62fa13b9
session_20260710_125441,176,WAITING_IN_PROGRESS,assets/replay/sessions/session_20260710_125441/frames/000176.jpg,crops/session_20260710_125441/000176.png,940,36,1620,100,0a2e57f85a5b60abd40ea1c564bd0ef6cd78f9a01d28f02e4f22ed6cd2b32a58
session_20260710_125441,177,WAITING_IN_PROGRESS,assets/replay/sessions/session_20260710_125441/frames/000177.jpg,crops/session_20260710_125441/000177.png,940,36,1620,100,b6d7ad9a8849fbc5c509f96c7858e60c76e0da6802252082a562eb678b23ab52
session_20260710_125441,178,WAITING_IN_PROGRESS,assets/replay/sessions/session_20260710_125441/frames/000178.jpg,crops/session_20260710_125441/000178.png,940,36,1620,100,9b59cc57622b2e8078435ce07b1dbc749c6d2f72080849a14749ca00f1df4020
session_20260710_125441,179,WAITING_IN_PROGRESS,assets/replay/sessions/session_20260710_125441/frames/000179.jpg,crops/session_20260710_125441/000179.png,940,36,1620,100,6ffcf1bdc69bffaccba7fd6414c2228677be8e69a99c8ee50dbf29f4c40ef56f
session_20260710_125441,180,WAITING_IN_PROGRESS,assets/replay/sessions/session_20260710_125441/frames/000180.jpg,crops/session_20260710_125441/000180.png,940,36,1620,100,fcbd276cbfdf9674251ed0014ae6774eca001f660f4c9fdbd763741dd0bdd509
session_20260710_125441,181,WAITING_IN_PROGRESS,assets/replay/sessions/session_20260710_125441/frames/000181.jpg,crops/session_20260710_125441/000181.png,940,36,1620,100,8a4579c0493f7556872254ea269080af117468298bfc80c2cbbdb72863c9fa2a
session_20260710_125441,182,WAITING_IN_PROGRESS,assets/replay/sessions/session_20260710_125441/frames/000182.jpg,crops/session_20260710_125441/000182.png,940,36,1620,100,77d9eb1834fb758fbd3ff201c2deb31da66ad938aa23326271c626c20f672faf
session_20260710_125441,183,WAITING_IN_PROGRESS,assets/replay/sessions/session_20260710_125441/frames/000183.jpg,crops/session_20260710_125441/000183.png,940,36,1620,100,6e9774ea5dd78dc9f0f7aef12e4fa8672e5ffd36bab4658fbc7150cea57ef414
session_20260710_125441,184,WAITING_IN_PROGRESS,assets/replay/sessions/session_20260710_125441/frames/000184.jpg,crops/session_20260710_125441/000184.png,940,36,1620,100,30e2a25350b5806655f5daf916ade1abff761c258cbaa5bf135621ce452fb7d0
session_20260710_125441,185,WAITING_IN_PROGRESS,assets/replay/sessions/session_20260710_125441/frames/000185.jpg,crops/session_20260710_125441/000185.png,940,36,1620,100,cdc51e36d1a94f8f810204deae271894eeca8b28ba36370d3a00943e29640c1b
session_20260710_125441,186,WAITING_IN_PROGRESS,assets/replay/sessions/session_20260710_125441/frames/000186.jpg,crops/session_20260710_125441/000186.png,940,36,1620,100,4ca0fd7630d3bea80f487584fd63093c1a3b328b487c985720293ec64b3d81f4
session_20260710_125441,187,WAITING_IN_PROGRESS,assets/replay/sessions/session_20260710_125441/frames/000187.jpg,crops/session_20260710_125441/000187.png,940,36,1620,100,8e2e177123bb1037a0a4ee4fdd2b6f258c64b684a449344a31d255c933d9f349
session_20260710_125441,188,WAITING_IN_PROGRESS,assets/replay/sessions/session_20260710_125441/frames/000188.jpg,crops/session_20260710_125441/000188.png,940,36,1620,100,3b4c64887cee27329f000e969d1dcc68682e4e215127f444863c0545c3231548
session_20260710_125441,189,WAITING_IN_PROGRESS,assets/replay/sessions/session_20260710_125441/frames/000189.jpg,crops/session_20260710_125441/000189.png,940,36,1620,100,fa2e0da6719787c31d22f2fd792dba5398dbb0b8a9039d25914152526f03495d
session_20260710_125441,190,WAITING_IN_PROGRESS,assets/replay/sessions/session_20260710_125441/frames/000190.jpg,crops/session_20260710_125441/000190.png,940,36,1620,100,13ec1be371737bd2c13dc89e8417bdeeaf6e0a18de2b61050688d1349c80526f
session_20260710_125441,191,WAITING_IN_PROGRESS,assets/replay/sessions/session_20260710_125441/frames/000191.jpg,crops/session_20260710_125441/000191.png,940,36,1620,100,f67c00197d1a9dd70105940ef0b7d95cd5964bb83b6e21b617104a477587874d
session_20260710_125441,192,WAITING_IN_PROGRESS,assets/replay/sessions/session_20260710_125441/frames/000192.jpg,crops/session_20260710_125441/000192.png,940,36,1620,100,afaa14934ba0ed884a519f2239e1fc3ede7260c94417e88e48746fc7033d96e4
session_20260710_125441,193,WAITING_IN_PROGRESS,assets/replay/sessions/session_20260710_125441/frames/000193.jpg,crops/session_20260710_125441/000193.png,940,36,1620,100,6f5c7e3b1ccd5ea2f6854db2a8c5579e9419412e439de0b23345c59c1e2d5fd8
session_20260710_125441,194,WAITING_IN_PROGRESS,assets/replay/sessions/session_20260710_125441/frames/000194.jpg,crops/session_20260710_125441/000194.png,940,36,1620,100,1ec386ad50f010a9f5f902ab8c2af7d803b3416722bc9abd0712d6b0d464fa96
session_20260710_125441,195,WAITING_IN_PROGRESS,assets/replay/sessions/session_20260710_125441/frames/000195.jpg,crops/session_20260710_125441/000195.png,940,36,1620,100,1ed2b067cdb454e62ce300658ff262d16a45a46c3c72b9bb2991752f414a32a2
session_20260710_125441,196,WAITING_IN_PROGRESS,assets/replay/sessions/session_20260710_125441/frames/000196.jpg,crops/session_20260710_125441/000196.png,940,36,1620,100,798cd67d12862d808ebceabfafa6483dba43387ad1c75649bf053bfdb5dde96a
session_20260710_125441,197,WAITING_IN_PROGRESS,assets/replay/sessions/session_20260710_125441/frames/000197.jpg,crops/session_20260710_125441/000197.png,940,36,1620,100,4ae9c8d8f0e31147eec9a0d066ac29fb778d465d7cf8191359c772ace0c01469
session_20260710_125441,198,WAITING_IN_PROGRESS,assets/replay/sessions/session_20260710_125441/frames/000198.jpg,crops/session_20260710_125441/000198.png,940,36,1620,100,080dde6731023ef06a004db25c0ec04742c70896d0a99302aebe95de7e9d64f5
session_20260710_125441,199,WAITING_IN_PROGRESS,assets/replay/sessions/session_20260710_125441/frames/000199.jpg,crops/session_20260710_125441/000199.png,940,36,1620,100,b30b387393e2deeaac741300c059b3791d346468d8e3ed389deea78f19b8d97f
session_20260710_125441,200,WAITING_IN_PROGRESS,assets/replay/sessions/session_20260710_125441/frames/000200.jpg,crops/session_20260710_125441/000200.png,940,36,1620,100,b10ca576be4c1b2a5de351f78f35a9b2e2310447edd5e467cebfafc253906044
session_20260710_125441,201,WAITING_IN_PROGRESS,assets/replay/sessions/session_20260710_125441/frames/000201.jpg,crops/session_20260710_125441/000201.png,940,36,1620,100,984e882e4d02d91ac75f1431b5ccd2159250ef4daeb21718517c705dbbb1cb8b
session_20260710_125441,202,WAITING_IN_PROGRESS,assets/replay/sessions/session_20260710_125441/frames/000202.jpg,crops/session_20260710_125441/000202.png,940,36,1620,100,cf3ce73b2e9d183d7282363aea6dc0f7e6db3ad6668be8635764b7ec00b0aa15
session_20260710_125441,203,WAITING_IN_PROGRESS,assets/replay/sessions/session_20260710_125441/frames/000203.jpg,crops/session_20260710_125441/000203.png,940,36,1620,100,e180ee579516c63128edb5b571efe43e8b45e4e974d82c71d2aa579e475e51fb
session_20260710_125441,204,WAITING_IN_PROGRESS,assets/replay/sessions/session_20260710_125441/frames/000204.jpg,crops/session_20260710_125441/000204.png,940,36,1620,100,f8a75aa2a94687e196f097f4ab6a21e55d1299a3acf87fa067446c1d2df8fd33
session_20260710_125441,205,WAITING_IN_PROGRESS,assets/replay/sessions/session_20260710_125441/frames/000205.jpg,crops/session_20260710_125441/000205.png,940,36,1620,100,debf2719b6ba0d86a7c83f0cf6bbf2c444d78ea23290e1f867c83398affa7661
session_20260710_125441,206,WAITING_IN_PROGRESS,assets/replay/sessions/session_20260710_125441/frames/000206.jpg,crops/session_20260710_125441/000206.png,940,36,1620,100,0c8c37f9fcab668d958f4e7d602e218c6eaf94ca0e55d2e5ae42ad3fc09a5a96
session_20260710_125441,207,WAITING_IN_PROGRESS,assets/replay/sessions/session_20260710_125441/frames/000207.jpg,crops/session_20260710_125441/000207.png,940,36,1620,100,9f6d6567a4e4ffdd7027089f1f909329b8aab7a4148d2975083479d4a343df27
session_20260710_125441,208,WAITING_IN_PROGRESS,assets/replay/sessions/session_20260710_125441/frames/000208.jpg,crops/session_20260710_125441/000208.png,940,36,1620,100,8c2a1d738a09d763d59eb42617458c84bb31674f593b36804060473e469cc05b
session_20260710_125441,209,WAITING_IN_PROGRESS,assets/replay/sessions/session_20260710_125441/frames/000209.jpg,crops/session_20260710_125441/000209.png,940,36,1620,100,cdef3b5fe7c3938e4b9fa0079333757a9b2db79bc9dfcc50ed5823982a728fa2
session_20260710_125441,210,WAITING_IN_PROGRESS,assets/replay/sessions/session_20260710_125441/frames/000210.jpg,crops/session_20260710_125441/000210.png,940,36,1620,100,dc9a04f7a9d784441d3cbd94cfddbb78b286fe863c61f434d8bd2ba06820cf00
session_20260710_125441,211,WAITING_IN_PROGRESS,assets/replay/sessions/session_20260710_125441/frames/000211.jpg,crops/session_20260710_125441/000211.png,940,36,1620,100,036fcbaa42ad6d8d7a1ba771bcbbb1558354e4125b72ce7bff71aebbc91696bb
session_20260710_125441,212,WAITING_IN_PROGRESS,assets/replay/sessions/session_20260710_125441/frames/000212.jpg,crops/session_20260710_125441/000212.png,940,36,1620,100,4ecbc1363a2d39bba017051bcb3c02f86abaa01adcb352b4591ab643f07bb884
session_20260710_125441,213,WAITING_IN_PROGRESS,assets/replay/sessions/session_20260710_125441/frames/000213.jpg,crops/session_20260710_125441/000213.png,940,36,1620,100,e05f6a9ff3c1661d1fbd756cf7de84798c1158f360f566de24b4b76b19f50ccf
session_20260710_125441,214,WAITING_IN_PROGRESS,assets/replay/sessions/session_20260710_125441/frames/000214.jpg,crops/session_20260710_125441/000214.png,940,36,1620,100,93fbc9344aacfbdd59df1a2f67dbfee047e110c3895f7bbb465950414879c8a3
session_20260710_125441,215,WAITING_IN_PROGRESS,assets/replay/sessions/session_20260710_125441/frames/000215.jpg,crops/session_20260710_125441/000215.png,940,36,1620,100,b314b0562e86ccb5baa52e14ed702461ef4d1a343a303f8c2520c5a7be83b83d
session_20260710_125441,216,WAITING_IN_PROGRESS,assets/replay/sessions/session_20260710_125441/frames/000216.jpg,crops/session_20260710_125441/000216.png,940,36,1620,100,74f94645a6a6cdbed4532cddcdc962bb6af9755134bcaed51cb4f4b002df44a3
session_20260710_125441,217,WAITING_IN_PROGRESS,assets/replay/sessions/session_20260710_125441/frames/000217.jpg,crops/session_20260710_125441/000217.png,940,36,1620,100,1b588bc02610102f579f5c672f4051a46be0c071df31f4b09ee512ccf097e757
session_20260710_125441,218,WAITING_IN_PROGRESS,assets/replay/sessions/session_20260710_125441/frames/000218.jpg,crops/session_20260710_125441/000218.png,940,36,1620,100,c8ba1aba38f330d63def92d0301a61a32c0536943ff6de67105ed436cbc1810f
session_20260710_125441,219,WAITING_IN_PROGRESS,assets/replay/sessions/session_20260710_125441/frames/000219.jpg,crops/session_20260710_125441/000219.png,940,36,1620,100,e2bf51f78adf7c4de6a9124d7e1aff5970a4505cf534d714a3731d73765f04b4
session_20260710_125441,220,WAITING_IN_PROGRESS,assets/replay/sessions/session_20260710_125441/frames/000220.jpg,crops/session_20260710_125441/000220.png,940,36,1620,100,65f979dd56eccbcab7b39c9cbc8d0569cdd404b3e1b285bd58d60a9b0476d01f
session_20260710_125441,221,WAITING_IN_PROGRESS,assets/replay/sessions/session_20260710_125441/frames/000221.jpg,crops/session_20260710_125441/000221.png,940,36,1620,100,785c1f59888f125bb1430d768e6bcc2119ad88a071bda701a445fcd3c2bff66c
session_20260710_125441,222,WAITING_IN_PROGRESS,assets/replay/sessions/session_20260710_125441/frames/000222.jpg,crops/session_20260710_125441/000222.png,940,36,1620,100,52e2cff47e3e9d385e5725bf37bef75b9d0934803aa0b01ac1b8100c0e80e771
session_20260710_125441,223,WAITING_IN_PROGRESS,assets/replay/sessions/session_20260710_125441/frames/000223.jpg,crops/session_20260710_125441/000223.png,940,36,1620,100,56e01d234188c09f2f1277529892f59865938100a9dd46d574d1f3ce17429651
session_20260710_125441,224,WAITING_IN_PROGRESS,assets/replay/sessions/session_20260710_125441/frames/000224.jpg,crops/session_20260710_125441/000224.png,940,36,1620,100,79d64c0ebf3ea0f971896c48d4e03ec7bb272286e06cab6d7d3c0b0dc65465d6
session_20260710_125441,225,WAITING_IN_PROGRESS,assets/replay/sessions/session_20260710_125441/frames/000225.jpg,crops/session_20260710_125441/000225.png,940,36,1620,100,df5d6b244af25357231abc2e4a4279886f2776bd3bd97f8cb3e4ef111decb7e9
session_20260710_125441,226,WAITING_IN_PROGRESS,assets/replay/sessions/session_20260710_125441/frames/000226.jpg,crops/session_20260710_125441/000226.png,940,36,1620,100,0b38823bcb5ae561eecec1174784dd61c1803b05a4d9ed6d8f1935dc3ec77888
session_20260710_125441,227,WAITING_IN_PROGRESS,assets/replay/sessions/session_20260710_125441/frames/000227.jpg,crops/session_20260710_125441/000227.png,940,36,1620,100,366a6ca0edd1d25000c0276d7ae6478f56f3070d8cd489f6c2ae789ee23f32c7
session_20260710_125441,228,WAITING_IN_PROGRESS,assets/replay/sessions/session_20260710_125441/frames/000228.jpg,crops/session_20260710_125441/000228.png,940,36,1620,100,94a9d044b255954342c558cf0df41f3a3a1c0f052e8fdd50f1c88692cb2fc9c8
session_20260710_125441,229,WAITING_IN_PROGRESS,assets/replay/sessions/session_20260710_125441/frames/000229.jpg,crops/session_20260710_125441/000229.png,940,36,1620,100,1e0b19a2a1359fb0424f712bb0bf4266f214e3adae9e2531ec82220a2ae9aea4
session_20260710_125441,230,WAITING_IN_PROGRESS,assets/replay/sessions/session_20260710_125441/frames/000230.jpg,crops/session_20260710_125441/000230.png,940,36,1620,100,2c8ac8ad5cd0c435ffccc67f4b131941d3b62fedb6aefde00f2d381ef2877122
session_20260710_125441,231,WAITING_IN_PROGRESS,assets/replay/sessions/session_20260710_125441/frames/000231.jpg,crops/session_20260710_125441/000231.png,940,36,1620,100,e94692745b9f25e5c71227598b6e49682e8ba48a2c07df8087cf628fd1c5f8e4
session_20260710_125441,232,WAITING_IN_PROGRESS,assets/replay/sessions/session_20260710_125441/frames/000232.jpg,crops/session_20260710_125441/000232.png,940,36,1620,100,5f8e8fac4ce534f83fa90ebd7a12ebb4fb325f9d3a97c64ec7128f7033cc3740
session_20260710_125441,233,WAITING_IN_PROGRESS,assets/replay/sessions/session_20260710_125441/frames/000233.jpg,crops/session_20260710_125441/000233.png,940,36,1620,100,d6e444fb46797134ee184c2aa575fd4758067f93b22df3df64a942b2847991fe
session_20260710_125441,234,WAITING_IN_PROGRESS,assets/replay/sessions/session_20260710_125441/frames/000234.jpg,crops/session_20260710_125441/000234.png,940,36,1620,100,45e2eb4204f0a1bf755fef8bc17efd6fe66d9749a36908f22ef3b3c6af0aad96
session_20260710_125441,235,WAITING_IN_PROGRESS,assets/replay/sessions/session_20260710_125441/frames/000235.jpg,crops/session_20260710_125441/000235.png,940,36,1620,100,8539f7749a1ee6b5eae21e21d1009ca3001413992ceb237ff91fc7a03cdf2f0c
session_20260710_125441,236,WAITING_IN_PROGRESS,assets/replay/sessions/session_20260710_125441/frames/000236.jpg,crops/session_20260710_125441/000236.png,940,36,1620,100,f554c6c81a487057820be845899712a4a38bdbcc5352ee85514eadb7d002d6d3
session_20260710_125441,237,WAITING_IN_PROGRESS,assets/replay/sessions/session_20260710_125441/frames/000237.jpg,crops/session_20260710_125441/000237.png,940,36,1620,100,5a4343c08103dca07f84d519587ee55a4c5aade9430cd5199461cc18bdee81f9
session_20260710_125441,238,WAITING_IN_PROGRESS,assets/replay/sessions/session_20260710_125441/frames/000238.jpg,crops/session_20260710_125441/000238.png,940,36,1620,100,b12f69b9e312a79e58d2ef2923f7991c934d27cfed85fdceed2bde8f79c392cb
session_20260710_125441,239,WAITING_IN_PROGRESS,assets/replay/sessions/session_20260710_125441/frames/000239.jpg,crops/session_20260710_125441/000239.png,940,36,1620,100,523cd9b3f3b0b6daa8ae51cacfc74457cdda22307a67d5ab51ab73276c22eea4
session_20260710_125441,240,WAITING_IN_PROGRESS,assets/replay/sessions/session_20260710_125441/frames/000240.jpg,crops/session_20260710_125441/000240.png,940,36,1620,100,682a3b96f03bf00f6a68fe38e68d3d62579d1b41a2039161580c63e83d5a271d
session_20260710_125441,241,WAITING_IN_PROGRESS,assets/replay/sessions/session_20260710_125441/frames/000241.jpg,crops/session_20260710_125441/000241.png,940,36,1620,100,96c2f80ec8be93fa3b13491dba02cf727abe5837d903c384db09094c23221830
session_20260710_125441,242,WAITING_IN_PROGRESS,assets/replay/sessions/session_20260710_125441/frames/000242.jpg,crops/session_20260710_125441/000242.png,940,36,1620,100,deb8765be04a89537d5bc67937fac428a2105c5860d4c6c71c81db90eff770ac
session_20260710_125441,243,WAITING_IN_PROGRESS,assets/replay/sessions/session_20260710_125441/frames/000243.jpg,crops/session_20260710_125441/000243.png,940,36,1620,100,6acc323a19484c3a8893d4744aaea1d1d0ff4a2bf79619aa54883e931948853a
session_20260710_125441,244,WAITING_IN_PROGRESS,assets/replay/sessions/session_20260710_125441/frames/000244.jpg,crops/session_20260710_125441/000244.png,940,36,1620,100,284604f922eb6e6ad2b5613ba7203b6aecc482eab33aa344b12676e8cca366d0
session_20260710_125441,245,WAITING_IN_PROGRESS,assets/replay/sessions/session_20260710_125441/frames/000245.jpg,crops/session_20260710_125441/000245.png,940,36,1620,100,953a5155b75bc98f63b8e159ede161fdf089c4f370421a1f0b911185d593b9d6
session_20260710_125441,246,WAITING_IN_PROGRESS,assets/replay/sessions/session_20260710_125441/frames/000246.jpg,crops/session_20260710_125441/000246.png,940,36,1620,100,220c5ff40b0aeb96351f591ba649d82713f132a22fcffa3d8ccc02ecba2f5398
session_20260710_125441,247,WAITING_IN_PROGRESS,assets/replay/sessions/session_20260710_125441/frames/000247.jpg,crops/session_20260710_125441/000247.png,940,36,1620,100,01e8898bf9311b166f953c0dff3f9cd2592eebeef32b7591455583bf75a89a8c
session_20260710_125441,248,WAITING_IN_PROGRESS,assets/replay/sessions/session_20260710_125441/frames/000248.jpg,crops/session_20260710_125441/000248.png,940,36,1620,100,61e83ad1a9efee995047013902f118e4e192721ec918a1a87e0c3ea874a91d92
session_20260710_125441,249,WAITING_IN_PROGRESS,assets/replay/sessions/session_20260710_125441/frames/000249.jpg,crops/session_20260710_125441/000249.png,940,36,1620,100,5a43aec9775dfa91b51dd2316267046f61191bf6093b128e7cbe6c84cba6af22
session_20260710_125441,250,WAITING_IN_PROGRESS,assets/replay/sessions/session_20260710_125441/frames/000250.jpg,crops/session_20260710_125441/000250.png,940,36,1620,100,a03bfcc1db7036559e9cf575ad4ba94978e868260f45e5bf826170780287b8f2
session_20260710_125441,251,WAITING_IN_PROGRESS,assets/replay/sessions/session_20260710_125441/frames/000251.jpg,crops/session_20260710_125441/000251.png,940,36,1620,100,2d21ded95ff4acfea788ed6637f1572d22a6e26139bc70f945e297a31037fb7f
session_20260710_125441,252,WAITING_IN_PROGRESS,assets/replay/sessions/session_20260710_125441/frames/000252.jpg,crops/session_20260710_125441/000252.png,940,36,1620,100,46311f9f54405683a23498f60a2f461725fbb6a7111018fdd6afefe96ffd7750
session_20260710_125441,253,WAITING_IN_PROGRESS,assets/replay/sessions/session_20260710_125441/frames/000253.jpg,crops/session_20260710_125441/000253.png,940,36,1620,100,0b3d7e425dde41891e59dc35d9ae329de8206a75264087782ea6dda3cac83a87
session_20260710_125441,254,WAITING_IN_PROGRESS,assets/replay/sessions/session_20260710_125441/frames/000254.jpg,crops/session_20260710_125441/000254.png,940,36,1620,100,ab68a19f01398a6641d888cd2c250df133665ea4ec50b704de44ff5f2a7dc85c
session_20260710_125441,255,WAITING_IN_PROGRESS,assets/replay/sessions/session_20260710_125441/frames/000255.jpg,crops/session_20260710_125441/000255.png,940,36,1620,100,2e456c39e8fb4cd4d8b83eccacb70a9ae97b528396db252492081cea75aa2533
session_20260710_125441,256,WAITING_IN_PROGRESS,assets/replay/sessions/session_20260710_125441/frames/000256.jpg,crops/session_20260710_125441/000256.png,940,36,1620,100,21dd707f06cf8d8163e9442a0bbbc64bad2ab165c46e5beca044abd7691e5105
session_20260710_125441,257,WAITING_IN_PROGRESS,assets/replay/sessions/session_20260710_125441/frames/000257.jpg,crops/session_20260710_125441/000257.png,940,36,1620,100,0b8e8461433e187ad981575deb7a6a5aa5e360aaf5a79829497012b4e4d33d89
session_20260710_125441,258,WAITING_IN_PROGRESS,assets/replay/sessions/session_20260710_125441/frames/000258.jpg,crops/session_20260710_125441/000258.png,940,36,1620,100,87b27b405989ba444255644bb5edc1a7c61e9b98ae9b2ca6a03e61abbc155ae4
session_20260710_125441,259,WAITING_IN_PROGRESS,assets/replay/sessions/session_20260710_125441/frames/000259.jpg,crops/session_20260710_125441/000259.png,940,36,1620,100,4204a6306a7c06921d3fe9cb624f04bf11bb160540b31e8315e26d100f7c0a9b
session_20260710_125441,260,WAITING_IN_PROGRESS,assets/replay/sessions/session_20260710_125441/frames/000260.jpg,crops/session_20260710_125441/000260.png,940,36,1620,100,998f6473592ef65646d8353de226dd42635fe2994b218351d281b51ed2305fb9
session_20260710_125441,261,WAITING_IN_PROGRESS,assets/replay/sessions/session_20260710_125441/frames/000261.jpg,crops/session_20260710_125441/000261.png,940,36,1620,100,0d5fb4da10235c68087d21176a1a5e755d87c98ce4bed3c54695621daa74498d
session_20260710_125441,262,WAITING_IN_PROGRESS,assets/replay/sessions/session_20260710_125441/frames/000262.jpg,crops/session_20260710_125441/000262.png,940,36,1620,100,131600c85ecef1c0e6a856ff3f8c6368503bcf3fbcd64cbaae28ce91a315db72
session_20260710_125441,263,WAITING_IN_PROGRESS,assets/replay/sessions/session_20260710_125441/frames/000263.jpg,crops/session_20260710_125441/000263.png,940,36,1620,100,cdbf4fcd3f9241beb1abdc5e84983cea05d3945b7f2d90e89e3abb1589f9115b
session_20260710_125441,264,WAITING_IN_PROGRESS,assets/replay/sessions/session_20260710_125441/frames/000264.jpg,crops/session_20260710_125441/000264.png,940,36,1620,100,73e1fc030ddaae606ccbd6b044359a97bab0d6ea6404a885bb607baa038ec1b0
session_20260710_125441,265,WAITING_IN_PROGRESS,assets/replay/sessions/session_20260710_125441/frames/000265.jpg,crops/session_20260710_125441/000265.png,940,36,1620,100,61ae6105f5228d7f7f90ec77a21b613f4f6f181b2050d4ef5d0ddd6d14e05f24
session_20260710_125441,266,WAITING_IN_PROGRESS,assets/replay/sessions/session_20260710_125441/frames/000266.jpg,crops/session_20260710_125441/000266.png,940,36,1620,100,2df841064192d4b3c1aa3eed00080065e3c4ad00657e5107a4d4e0e8be3057d1
session_20260710_125441,267,WAITING_IN_PROGRESS,assets/replay/sessions/session_20260710_125441/frames/000267.jpg,crops/session_20260710_125441/000267.png,940,36,1620,100,0b903d24612011b39354f1a9dc519c4df2bbb758e8108da08bfdaa521f79f581
session_20260710_125441,268,WAITING_IN_PROGRESS,assets/replay/sessions/session_20260710_125441/frames/000268.jpg,crops/session_20260710_125441/000268.png,940,36,1620,100,bffc23cc6162350adfd1051f9190e6cd9cde2600a721314e3f73fe406c1a7b11
session_20260710_125441,269,WAITING_IN_PROGRESS,assets/replay/sessions/session_20260710_125441/frames/000269.jpg,crops/session_20260710_125441/000269.png,940,36,1620,100,843ca004d08efa76a9607fce497311766bcd6a002a515c0149858d8a636bd38d
session_20260710_125441,270,WAITING_IN_PROGRESS,assets/replay/sessions/session_20260710_125441/frames/000270.jpg,crops/session_20260710_125441/000270.png,940,36,1620,100,c1655bae53edf3467fb9e05109a1d160f42272bf108604a9c3be1e0a9bee6009
session_20260710_125441,271,WAITING_IN_PROGRESS,assets/replay/sessions/session_20260710_125441/frames/000271.jpg,crops/session_20260710_125441/000271.png,940,36,1620,100,978acb7fa2db1c32f4f2e4a229e48c5e461a5a95eac017f342730c81803f63c1
session_20260710_125441,272,WAITING_IN_PROGRESS,assets/replay/sessions/session_20260710_125441/frames/000272.jpg,crops/session_20260710_125441/000272.png,940,36,1620,100,b8f0d4723e2f5c2a45618a85f6d232bb0ca1a6d3bd6d2c6ac7d422cb864c3c78
session_20260710_125441,273,WAITING_IN_PROGRESS,assets/replay/sessions/session_20260710_125441/frames/000273.jpg,crops/session_20260710_125441/000273.png,940,36,1620,100,63ff167ba8b8ed2e93b77497c2986c2d4eeeeb271129ccddad6af4f2d15cf9f6
session_20260710_125441,274,READY_BITE,assets/replay/sessions/session_20260710_125441/frames/000274.jpg,crops/session_20260710_125441/000274.png,940,36,1620,100,c06aff7c592f7c075229b2cb330592dd0fee849d46f02a4c2d73b87690f23a32
session_20260710_125441,275,READY_BITE,assets/replay/sessions/session_20260710_125441/frames/000275.jpg,crops/session_20260710_125441/000275.png,940,36,1620,100,f668fe641590657851b346e8ea3b549675475ffd46fa2881e7adc915d0c2f75b
session_20260710_125441,276,READY_BITE,assets/replay/sessions/session_20260710_125441/frames/000276.jpg,crops/session_20260710_125441/000276.png,940,36,1620,100,4f7581daa074cb740104c1ecb02642fb5a425db08a01abefc82279a9ed1803fb
session_20260710_125441,277,READY_BITE,assets/replay/sessions/session_20260710_125441/frames/000277.jpg,crops/session_20260710_125441/000277.png,940,36,1620,100,ee89a359d06f27af19d7da2b0051990436ebcd5d6b37591dc1d38f82e397463b
session_20260710_125441,278,READY_BITE,assets/replay/sessions/session_20260710_125441/frames/000278.jpg,crops/session_20260710_125441/000278.png,940,36,1620,100,1982791c6e3633e85c41004a3db19d02f832c84c9576de85a140528e218abf6f
session_20260710_125441,279,READY_BITE,assets/replay/sessions/session_20260710_125441/frames/000279.jpg,crops/session_20260710_125441/000279.png,940,36,1620,100,f4758016db60942708e804dda69efad451e4f0a6d45a809ac273f978d5fd0fb4
session_20260710_125441,280,READY_BITE,assets/replay/sessions/session_20260710_125441/frames/000280.jpg,crops/session_20260710_125441/000280.png,940,36,1620,100,cc0c8e27f7989dfd0d3986aede30173710126afba3fdf0a15e5936239982e7ed
session_20260710_125441,281,READY_BITE,assets/replay/sessions/session_20260710_125441/frames/000281.jpg,crops/session_20260710_125441/000281.png,940,36,1620,100,9ef2aef5a0d486af189e5a691214fbde425d11236f4e627e3e60c417e9f89976
session_20260710_125441,282,READY_BITE,assets/replay/sessions/session_20260710_125441/frames/000282.jpg,crops/session_20260710_125441/000282.png,940,36,1620,100,40ff743a03845b575db12926e27082655daded27559559ee901abe82b6c4fb58
session_20260710_125441,283,READY_BITE,assets/replay/sessions/session_20260710_125441/frames/000283.jpg,crops/session_20260710_125441/000283.png,940,36,1620,100,4e3f6e7b88bf9574c1caa268e2077d0f110630a656314fbeb4cd1664dbdade80
session_20260710_125441,284,READY_BITE,assets/replay/sessions/session_20260710_125441/frames/000284.jpg,crops/session_20260710_125441/000284.png,940,36,1620,100,d13de56e4f1c67b5d55a74b88727a6c517dfb27054b785300d301d806ad5708c
session_20260710_125441,285,READY_BITE,assets/replay/sessions/session_20260710_125441/frames/000285.jpg,crops/session_20260710_125441/000285.png,940,36,1620,100,bf2750d919222a8c7a23e2687dc1552147bae222c2e4d7f6a2f5f92fac7b37d8
session_20260710_125441,286,READY_BITE,assets/replay/sessions/session_20260710_125441/frames/000286.jpg,crops/session_20260710_125441/000286.png,940,36,1620,100,f30bd9f2e9f5b6bf1291a494127e81734c4599c8b4a93f920bced83b3e49578a
session_20260710_125441,287,READY_BITE,assets/replay/sessions/session_20260710_125441/frames/000287.jpg,crops/session_20260710_125441/000287.png,940,36,1620,100,3ab53238cee710469938d0066f9e4e04c4045c5c6a652362151a3d865f639cbe
session_20260710_125441,288,READY_BITE,assets/replay/sessions/session_20260710_125441/frames/000288.jpg,crops/session_20260710_125441/000288.png,940,36,1620,100,14cb40f241280459fe617868741803f4121781feda45d76521548925af3cb32c
session_20260710_125441,289,READY_BITE,assets/replay/sessions/session_20260710_125441/frames/000289.jpg,crops/session_20260710_125441/000289.png,940,36,1620,100,4497da7145b0bb728483528f52fe1735dfe62755a3b47c408add3afd57017ceb
session_20260710_125441,290,READY_BITE,assets/replay/sessions/session_20260710_125441/frames/000290.jpg,crops/session_20260710_125441/000290.png,940,36,1620,100,27141c28d8828917ec25799884fa28e401ea1f6973ee070ad42a2481d6706409
session_20260710_125441,291,READY_BITE,assets/replay/sessions/session_20260710_125441/frames/000291.jpg,crops/session_20260710_125441/000291.png,940,36,1620,100,9d8e526f44930b8507439fa45ccb0001f624f99ff0c6d23a334231ceb92a7fc7
session_20260710_125441,292,READY_BITE,assets/replay/sessions/session_20260710_125441/frames/000292.jpg,crops/session_20260710_125441/000292.png,940,36,1620,100,2bc922b0eacec7d9917b66286ff97c8ca8d5a982a2002a07d4bec40b779ea3af
session_20260710_125441,293,READY_BITE,assets/replay/sessions/session_20260710_125441/frames/000293.jpg,crops/session_20260710_125441/000293.png,940,36,1620,100,3bb03377de14d17a87d5e8d42b8f8b23c8035a83cf49cd992ab3f5595d19de49
session_20260710_125441,294,READY_BITE,assets/replay/sessions/session_20260710_125441/frames/000294.jpg,crops/session_20260710_125441/000294.png,940,36,1620,100,fba265e9f1bea9ca4e0d6fefe90d4b9b873c96c9668e963b96be7c95806fb0e2
session_20260710_125441,295,READY_BITE,assets/replay/sessions/session_20260710_125441/frames/000295.jpg,crops/session_20260710_125441/000295.png,940,36,1620,100,249d7463edf380256b07fff18a8a7d271f4c0074f6385889b092e496104bea9b
session_20260710_125441,296,READY_BITE,assets/replay/sessions/session_20260710_125441/frames/000296.jpg,crops/session_20260710_125441/000296.png,940,36,1620,100,e715aed5b9338183aadfaceea5caf193d05d8da2a4d363522f3b76f80a4ad01b
session_20260710_125441,297,READY_BITE,assets/replay/sessions/session_20260710_125441/frames/000297.jpg,crops/session_20260710_125441/000297.png,940,36,1620,100,6077452d021f0283e60ae0d079b98bde0d3e0a7fe523abe9a5a89c0c0844fbbc
session_20260710_125441,298,READY_BITE,assets/replay/sessions/session_20260710_125441/frames/000298.jpg,crops/session_20260710_125441/000298.png,940,36,1620,100,ef80e549376638920325858fd8f1a66ff7f7b782856e0be8ad713c273d063a3c
session_20260710_125441,299,READY_BITE,assets/replay/sessions/session_20260710_125441/frames/000299.jpg,crops/session_20260710_125441/000299.png,940,36,1620,100,626e56f56783035b8229f768be88a3a1bbff38e87c5cf7ed7b3730042d70cd94
session_20260710_125441,300,READY_BITE,assets/replay/sessions/session_20260710_125441/frames/000300.jpg,crops/session_20260710_125441/000300.png,940,36,1620,100,1fae3aec2ba1c4eec3004fe085fcf152542dc48e08d8bb5a22275b66f2f42569
session_20260710_125441,301,READY_BITE,assets/replay/sessions/session_20260710_125441/frames/000301.jpg,crops/session_20260710_125441/000301.png,940,36,1620,100,b736bf8109aff06ad0a1f55e4c70c3450a4e6e12efa552bbb59690f759d176f5
session_20260710_125441,302,READY_BITE,assets/replay/sessions/session_20260710_125441/frames/000302.jpg,crops/session_20260710_125441/000302.png,940,36,1620,100,9283354e4bee61b5f36cf32a2e5a964206a3f4c000aa90c9c8029be8045c8ba1
session_20260710_125441,303,READY_BITE,assets/replay/sessions/session_20260710_125441/frames/000303.jpg,crops/session_20260710_125441/000303.png,940,36,1620,100,48dd04db5ab94efee87ec4a8c14258db051781c738a235e0e39c30c14dc2991c
session_20260710_125441,304,READY_BITE,assets/replay/sessions/session_20260710_125441/frames/000304.jpg,crops/session_20260710_125441/000304.png,940,36,1620,100,a02a5005a858500ecbb24e3c6607893c3e1bbdb3efb942ea2a381a86c4655c50
session_20260710_125441,305,READY_BITE,assets/replay/sessions/session_20260710_125441/frames/000305.jpg,crops/session_20260710_125441/000305.png,940,36,1620,100,801685e8c0e50dd3435280f487be7ce280bbff4b6ac1af57d8a4d878edd0655f
session_20260710_125441,306,READY_BITE,assets/replay/sessions/session_20260710_125441/frames/000306.jpg,crops/session_20260710_125441/000306.png,940,36,1620,100,ae0393d6ecf24be0442773b62f510744784db6cdea56b0224fd7560b011fb81b
session_20260710_125441,307,READY_BITE,assets/replay/sessions/session_20260710_125441/frames/000307.jpg,crops/session_20260710_125441/000307.png,940,36,1620,100,9b0114e0e15c42340134be81b330b71eab61268408fbe85985bc69cad2a7d356
session_20260710_125441,308,READY_BITE,assets/replay/sessions/session_20260710_125441/frames/000308.jpg,crops/session_20260710_125441/000308.png,940,36,1620,100,259c03ea87f3cb423e99afa7b9ae4e8b122b2cf9450491d93208a1e8c8bdbe69
session_20260710_125441,309,READY_BITE,assets/replay/sessions/session_20260710_125441/frames/000309.jpg,crops/session_20260710_125441/000309.png,940,36,1620,100,3a535c32742fc4799114c7ceb59ed7107d39c784845674e21cf750c45133f615
session_20260710_125441,310,READY_BITE,assets/replay/sessions/session_20260710_125441/frames/000310.jpg,crops/session_20260710_125441/000310.png,940,36,1620,100,791f7f974c138c171604c3bf66be1874912067a8471a2ca4318c3380a948694e
session_20260710_125441,311,READY_BITE,assets/replay/sessions/session_20260710_125441/frames/000311.jpg,crops/session_20260710_125441/000311.png,940,36,1620,100,9bd355845685e194cf43a44eafca4efdfecd0a59093a65176d912f4de279601f
session_20260710_125441,312,READY_BITE,assets/replay/sessions/session_20260710_125441/frames/000312.jpg,crops/session_20260710_125441/000312.png,940,36,1620,100,44a82e602ed164d0eb62a6cdb3197370f825ddb7ad0567a686b32dd9f1863213
session_20260710_125441,313,READY_BITE,assets/replay/sessions/session_20260710_125441/frames/000313.jpg,crops/session_20260710_125441/000313.png,940,36,1620,100,51bc2711f89e390b90d1ed86abfe170754e0fb580ec35699985e1576285b3ded
session_20260710_125441,314,READY_BITE,assets/replay/sessions/session_20260710_125441/frames/000314.jpg,crops/session_20260710_125441/000314.png,940,36,1620,100,6fcbd2e7c4f6fcbb03bd216b99f885e9911bb802bbf9950dea1b7a085f72b823
session_20260710_125441,315,READY_BITE,assets/replay/sessions/session_20260710_125441/frames/000315.jpg,crops/session_20260710_125441/000315.png,940,36,1620,100,a5630e4f0b0c50f2bc2d7dff80dc732c85cc6640026845ac9a7b6cad69168061
session_20260710_125441,316,READY_BITE,assets/replay/sessions/session_20260710_125441/frames/000316.jpg,crops/session_20260710_125441/000316.png,940,36,1620,100,d9f0cfa67dc733e61d4935278c00829ae71f37ea1fd01cd57271bea84e47b93f
session_20260710_125441,317,READY_BITE,assets/replay/sessions/session_20260710_125441/frames/000317.jpg,crops/session_20260710_125441/000317.png,940,36,1620,100,398db29ac16b66f01bd91f857a9aadb207307713b4291663dfd285150ef5eb95
session_20260710_125441,318,READY_BITE,assets/replay/sessions/session_20260710_125441/frames/000318.jpg,crops/session_20260710_125441/000318.png,940,36,1620,100,d3b6642f58b2a08900a1d1d04e49714627ad9945c2699714c682c803d5475fde
session_20260710_125441,319,READY_BITE,assets/replay/sessions/session_20260710_125441/frames/000319.jpg,crops/session_20260710_125441/000319.png,940,36,1620,100,17554faf2267cc6fb02de8e59f187c168b35a9db5226d153ac8a539426891ebb
session_20260710_125441,320,READY_BITE,assets/replay/sessions/session_20260710_125441/frames/000320.jpg,crops/session_20260710_125441/000320.png,940,36,1620,100,6297b852922f70aac01fcf40d9266f9a1996dc3684184fcec87ce59546116fbc
session_20260710_125441,321,READY_BITE,assets/replay/sessions/session_20260710_125441/frames/000321.jpg,crops/session_20260710_125441/000321.png,940,36,1620,100,c4984a088348d60cf7179c8fb7e33f2b1bcef73558d2c686ea8144b12e783b34
session_20260710_125441,322,READY_BITE,assets/replay/sessions/session_20260710_125441/frames/000322.jpg,crops/session_20260710_125441/000322.png,940,36,1620,100,4df041b1e6debd34af7ec255eeb9c70ddd7ac2b732b8282dea8e426753ff1126
session_20260710_125441,323,READY_BITE,assets/replay/sessions/session_20260710_125441/frames/000323.jpg,crops/session_20260710_125441/000323.png,940,36,1620,100,7234bafe4bdf61658cb0a52914e6c0d8346b832d9e3c69bad33e82f48c3c9714
session_20260710_125441,324,READY_BITE,assets/replay/sessions/session_20260710_125441/frames/000324.jpg,crops/session_20260710_125441/000324.png,940,36,1620,100,fb5587e69912b80914ca68024e672558b065792519b1744075c18192c3964fbf
session_20260710_125441,325,READY_BITE,assets/replay/sessions/session_20260710_125441/frames/000325.jpg,crops/session_20260710_125441/000325.png,940,36,1620,100,88567b872124e28e7bba49c7e9b6c63a881132b401037101be3eae1727aa7621
session_20260710_125441,326,READY_BITE,assets/replay/sessions/session_20260710_125441/frames/000326.jpg,crops/session_20260710_125441/000326.png,940,36,1620,100,204fec6defcda576ea4f89af89cf6b0473ef33c5abadc680efbd4172f35d7792
session_20260710_125441,327,READY_BITE,assets/replay/sessions/session_20260710_125441/frames/000327.jpg,crops/session_20260710_125441/000327.png,940,36,1620,100,ce87b773bce9ab3f6632e3e7f36c61be5f52839c86707ff96fd2968ad6684e0c
session_20260710_125441,328,READY_BITE,assets/replay/sessions/session_20260710_125441/frames/000328.jpg,crops/session_20260710_125441/000328.png,940,36,1620,100,44c0097e6517c9248d758ea1b1d9cc6429a99b3a794d3904b746bed5d6f8d059
session_20260710_125441,329,READY_BITE,assets/replay/sessions/session_20260710_125441/frames/000329.jpg,crops/session_20260710_125441/000329.png,940,36,1620,100,d41a38485d5aa2fec195740a50717e51f09d3e6a2b672adb3573745de70f76ce
session_20260710_125441,330,READY_BITE,assets/replay/sessions/session_20260710_125441/frames/000330.jpg,crops/session_20260710_125441/000330.png,940,36,1620,100,de2a0eace3dec9215d2164c03a93649a7f7d65649e3468fcd72d9a8e97864dbe
session_20260710_125441,331,READY_BITE,assets/replay/sessions/session_20260710_125441/frames/000331.jpg,crops/session_20260710_125441/000331.png,940,36,1620,100,e1b9cb7c5a0b9474c020bcc6608d0409abab52cd337345a2ed5a8a3c5b1249cd
session_20260710_125441,332,READY_BITE,assets/replay/sessions/session_20260710_125441/frames/000332.jpg,crops/session_20260710_125441/000332.png,940,36,1620,100,dbb72cacace58479061bfe7c4068dee803dd5e2ace94677429cd1d700e026f92
session_20260710_125441,333,READY_BITE,assets/replay/sessions/session_20260710_125441/frames/000333.jpg,crops/session_20260710_125441/000333.png,940,36,1620,100,9a891d918a87d6bbb7d0fce27be6ea52523d25af4bd9ee1876248bc216dd6e86
session_20260710_125441,334,READY_BITE,assets/replay/sessions/session_20260710_125441/frames/000334.jpg,crops/session_20260710_125441/000334.png,940,36,1620,100,94cbd7fa3b69e9788003ec0e4e6d7a55226b32cc049e9a53c037b686de4d77ce
session_20260710_125441,335,READY_BITE,assets/replay/sessions/session_20260710_125441/frames/000335.jpg,crops/session_20260710_125441/000335.png,940,36,1620,100,78249997dbd75ebcc7a60a7935c77bf96d25f6a0940e258a6068b292bae05c10
session_20260710_125441,336,READY_BITE,assets/replay/sessions/session_20260710_125441/frames/000336.jpg,crops/session_20260710_125441/000336.png,940,36,1620,100,d4df3ce7ad7ccfc73866dce9e1accb7014d2e273ef0b6673248fd87acad98cd7
session_20260710_125441,337,READY_BITE,assets/replay/sessions/session_20260710_125441/frames/000337.jpg,crops/session_20260710_125441/000337.png,940,36,1620,100,40f27dbdec04e9fbf10ca0047defb917ab20798e58ca714f718d1bbe7371ca67
session_20260710_125441,338,READY_BITE,assets/replay/sessions/session_20260710_125441/frames/000338.jpg,crops/session_20260710_125441/000338.png,940,36,1620,100,86d95c8faa75bc10c47db08a08657a98665a0aead4ee64547138103f5ae88555
session_20260710_125441,339,READY_BITE,assets/replay/sessions/session_20260710_125441/frames/000339.jpg,crops/session_20260710_125441/000339.png,940,36,1620,100,fb579635a4ba93d21d5fbb3c7070e6d4099a0d30a747550540d30064ca109151
session_20260710_125441,340,READY_BITE,assets/replay/sessions/session_20260710_125441/frames/000340.jpg,crops/session_20260710_125441/000340.png,940,36,1620,100,0f28c2200326d0ac0d2fdd64f39c5bdb5b06616d6d40528b774c05c348f3c23b
session_20260710_125441,341,READY_BITE,assets/replay/sessions/session_20260710_125441/frames/000341.jpg,crops/session_20260710_125441/000341.png,940,36,1620,100,920d525fc5988a810ceb3af5fc5742ddc46babaa05e7d869a377c08ec8156a32
session_20260710_125441,342,READY_BITE,assets/replay/sessions/session_20260710_125441/frames/000342.jpg,crops/session_20260710_125441/000342.png,940,36,1620,100,8e90a756bc9a13e5ff3c744aaee6924ed93db85c4ac6bf8d545a2cc176192395
session_20260710_125441,343,READY_BITE,assets/replay/sessions/session_20260710_125441/frames/000343.jpg,crops/session_20260710_125441/000343.png,940,36,1620,100,68b02008e6e5f83201bf20eab090e63d8c29614564737e90bebae9c9c0a4142b
session_20260710_125441,344,READY_BITE,assets/replay/sessions/session_20260710_125441/frames/000344.jpg,crops/session_20260710_125441/000344.png,940,36,1620,100,8fcf3947968343c1b8c2815c37d7ceef384dfcd458ba93a40b1a90440e3346db
session_20260710_125441,345,READY_BITE,assets/replay/sessions/session_20260710_125441/frames/000345.jpg,crops/session_20260710_125441/000345.png,940,36,1620,100,d877d8cd2f90bcc1d01e53263368c9c5afb42aaa14009fccb15f1ed5478634f5
session_20260710_125441,346,READY_BITE,assets/replay/sessions/session_20260710_125441/frames/000346.jpg,crops/session_20260710_125441/000346.png,940,36,1620,100,bbd5108a22758afdb73e2b5998c297cc9efc4ac1565a77c5be591e763c786e1e
session_20260710_125441,347,READY_BITE,assets/replay/sessions/session_20260710_125441/frames/000347.jpg,crops/session_20260710_125441/000347.png,940,36,1620,100,14391dd8c9c508b94c540c5b560e644fdf8409f9bf7189eeb59d9fe5c60a1fa7
session_20260710_125441,348,READY_BITE,assets/replay/sessions/session_20260710_125441/frames/000348.jpg,crops/session_20260710_125441/000348.png,940,36,1620,100,e0e47e48b3f25c0251d6eeadb5de9d4392deca631c2306431c0112c3ed755abf
session_20260710_125441,349,READY_BITE,assets/replay/sessions/session_20260710_125441/frames/000349.jpg,crops/session_20260710_125441/000349.png,940,36,1620,100,8b6298af627d4f9cca28404855cd08d8b07262d42de54f9d1a35e685285057b2
session_20260710_125441,350,READY_BITE,assets/replay/sessions/session_20260710_125441/frames/000350.jpg,crops/session_20260710_125441/000350.png,940,36,1620,100,cde71d3390f5d53c9dc7d0dc63c46e2bc03b1e53dce4257dfa50f08ed04d62bd
session_20260710_125441,351,READY_BITE,assets/replay/sessions/session_20260710_125441/frames/000351.jpg,crops/session_20260710_125441/000351.png,940,36,1620,100,5d2a2846a296a7997a90301cf995b467a84976530bb7cdbdcc56352a4daded7e
session_20260710_125441,352,READY_BITE,assets/replay/sessions/session_20260710_125441/frames/000352.jpg,crops/session_20260710_125441/000352.png,940,36,1620,100,d186d3168d1426c396a798e193c3d667290f063ac866f6649e5135a242a4a5e0
session_20260710_125441,353,READY_BITE,assets/replay/sessions/session_20260710_125441/frames/000353.jpg,crops/session_20260710_125441/000353.png,940,36,1620,100,6a10127929c763ae5c08a571d74c73369a6105e44185169b74f104c3d89f34f3
session_20260710_125441,354,READY_BITE,assets/replay/sessions/session_20260710_125441/frames/000354.jpg,crops/session_20260710_125441/000354.png,940,36,1620,100,f08039a1da769d871d3f2220cc676899ab0fb4e37a3773869c4f36c7f657f4bc
session_20260710_125441,355,READY_BITE,assets/replay/sessions/session_20260710_125441/frames/000355.jpg,crops/session_20260710_125441/000355.png,940,36,1620,100,42c6417060bac7b847c5ec98ee1aa1ecc5d2355141f6ee2efea236a5d6d25f3d
session_20260710_125441,356,READY_BITE,assets/replay/sessions/session_20260710_125441/frames/000356.jpg,crops/session_20260710_125441/000356.png,940,36,1620,100,4eb622405bfea2ff8b135b2df594722c7d86d6335cf204b06b48bfc3849af379
session_20260710_125441,357,READY_BITE,assets/replay/sessions/session_20260710_125441/frames/000357.jpg,crops/session_20260710_125441/000357.png,940,36,1620,100,370163702cc6a1b08626b434ff71272ee361a3e173768f73ec83e427dc11293e
session_20260710_125441,358,READY_BITE,assets/replay/sessions/session_20260710_125441/frames/000358.jpg,crops/session_20260710_125441/000358.png,940,36,1620,100,1f77334ef794ad7102accebf53046a9fc316215182c0693217dc0c9d6737116f
session_20260710_125441,359,READY_BITE,assets/replay/sessions/session_20260710_125441/frames/000359.jpg,crops/session_20260710_125441/000359.png,940,36,1620,100,00d112108dcb98d57ef5608a05d623dd53fce44788bc6c0696daae8fc2cd97bf
session_20260710_125441,360,READY_BITE,assets/replay/sessions/session_20260710_125441/frames/000360.jpg,crops/session_20260710_125441/000360.png,940,36,1620,100,d19bcc625011f288915cd6b35497251c13d3124c6942865a4eba8d65dfd627d0
session_20260710_125441,361,HOOK_INSTRUCTION,assets/replay/sessions/session_20260710_125441/frames/000361.jpg,crops/session_20260710_125441/000361.png,940,36,1620,100,055dd510e0183c11bf6901f053a6413f12d57ba96efab78b4d26587223718590
session_20260710_125441,362,HOOK_INSTRUCTION,assets/replay/sessions/session_20260710_125441/frames/000362.jpg,crops/session_20260710_125441/000362.png,940,36,1620,100,75e39eebc134d31908052299d8f1a4d4b576bf2c87a238c2fabc95c508a6a6be
session_20260710_125441,363,HOOK_INSTRUCTION,assets/replay/sessions/session_20260710_125441/frames/000363.jpg,crops/session_20260710_125441/000363.png,940,36,1620,100,f682afff59b461c910d7a466238b2f72808321b93194303136522e1c2886b30b
session_20260710_125441,364,HOOK_INSTRUCTION,assets/replay/sessions/session_20260710_125441/frames/000364.jpg,crops/session_20260710_125441/000364.png,940,36,1620,100,baa038b7b7e0f51c46bb10d0855581bdb66ef92ecaba7815f6c1c835626950af
session_20260710_125441,365,HOOK_INSTRUCTION,assets/replay/sessions/session_20260710_125441/frames/000365.jpg,crops/session_20260710_125441/000365.png,940,36,1620,100,6eb0af0b75da2bbf051454bf33f4ff79cf43593564127014bc2d0d31b7183135
session_20260710_125441,366,HOOK_INSTRUCTION,assets/replay/sessions/session_20260710_125441/frames/000366.jpg,crops/session_20260710_125441/000366.png,940,36,1620,100,22e7f5e5674d792eefd94f30abfc8c5a7e1412e506f26e7fd35864800c4e8139
session_20260710_125441,367,HOOK_INSTRUCTION,assets/replay/sessions/session_20260710_125441/frames/000367.jpg,crops/session_20260710_125441/000367.png,940,36,1620,100,0d4cb03d2ac04c22cc59c76de298c8dc7c64d2d826da8f44d9305e8ecd2e03d6
session_20260710_125441,368,HOOK_INSTRUCTION,assets/replay/sessions/session_20260710_125441/frames/000368.jpg,crops/session_20260710_125441/000368.png,940,36,1620,100,ff5bc1da4738c4b7fd2684d0b9d8c925d758228c3da7a43e7c3838efbb5a28f2
session_20260710_125441,369,HOOK_INSTRUCTION,assets/replay/sessions/session_20260710_125441/frames/000369.jpg,crops/session_20260710_125441/000369.png,940,36,1620,100,7a013c94d29b366a59c2ddf777e2e76f98075589bb0375caaff14df02ec0d040
session_20260710_125441,370,HOOK_INSTRUCTION,assets/replay/sessions/session_20260710_125441/frames/000370.jpg,crops/session_20260710_125441/000370.png,940,36,1620,100,c16f0b1cc07caccff1e035761ecb6ec66220590210c99bf16262933401d3acd2
session_20260710_125441,371,HOOK_INSTRUCTION,assets/replay/sessions/session_20260710_125441/frames/000371.jpg,crops/session_20260710_125441/000371.png,940,36,1620,100,4427ffb32c1b76d27f3f235da292d86bcde41548fd9f90db0c42013a9556b60a
session_20260710_125441,372,HOOK_INSTRUCTION,assets/replay/sessions/session_20260710_125441/frames/000372.jpg,crops/session_20260710_125441/000372.png,940,36,1620,100,06ea0e3a3de7d4412e36f6384c9499c26fc027831daf9a92b002347393a67746
session_20260710_125441,373,HOOK_INSTRUCTION,assets/replay/sessions/session_20260710_125441/frames/000373.jpg,crops/session_20260710_125441/000373.png,940,36,1620,100,e345c85659825a4a14a42e5977df2f8acededa37404632ddc61a93fe4e72b7e2
session_20260710_125441,374,HOOK_INSTRUCTION,assets/replay/sessions/session_20260710_125441/frames/000374.jpg,crops/session_20260710_125441/000374.png,940,36,1620,100,31ab1d23e604d8af63aa4668a06a9d8c3503e486296de96c1b26740bf3ebebcc
session_20260710_125441,375,HOOK_INSTRUCTION,assets/replay/sessions/session_20260710_125441/frames/000375.jpg,crops/session_20260710_125441/000375.png,940,36,1620,100,dd32917e2e42f322721da04d32db67661e3c6f2000658de1815ac313d4c8a67c
session_20260710_125441,376,HOOK_INSTRUCTION,assets/replay/sessions/session_20260710_125441/frames/000376.jpg,crops/session_20260710_125441/000376.png,940,36,1620,100,6f300f5a88972c98daa02e16e49615b3ff8563cacd657456d0c3028f0ec90666
session_20260710_125441,377,HOOK_INSTRUCTION,assets/replay/sessions/session_20260710_125441/frames/000377.jpg,crops/session_20260710_125441/000377.png,940,36,1620,100,2119293941de6b1465906f4ab9bc2cab70d321dea5ae37c406bea144da6321bd
session_20260710_125441,378,HOOK_INSTRUCTION,assets/replay/sessions/session_20260710_125441/frames/000378.jpg,crops/session_20260710_125441/000378.png,940,36,1620,100,9dd08485848fb16b3177deec6198c0ddcb8a5454dd8262ebe1138d79bbe6eec1
session_20260710_125441,379,HOOK_INSTRUCTION,assets/replay/sessions/session_20260710_125441/frames/000379.jpg,crops/session_20260710_125441/000379.png,940,36,1620,100,496fd50ed9bf57bd77ca181b43982c4e7f49678e075c06609536d01920ec04c4
session_20260710_125441,380,HOOK_INSTRUCTION,assets/replay/sessions/session_20260710_125441/frames/000380.jpg,crops/session_20260710_125441/000380.png,940,36,1620,100,752e67bcbe2d2dca69d0a7dee9619c58a0b249910a26c5fbeada7e31f699205e
session_20260710_125441,381,HOOK_INSTRUCTION,assets/replay/sessions/session_20260710_125441/frames/000381.jpg,crops/session_20260710_125441/000381.png,940,36,1620,100,3e63fa96030382a654b808f1911ee9b71176934db53689816d300f62c820058f
session_20260710_125441,382,HOOK_INSTRUCTION,assets/replay/sessions/session_20260710_125441/frames/000382.jpg,crops/session_20260710_125441/000382.png,940,36,1620,100,0077b2347e11e4c56523053de1b29fd466c4b24f3a0a695d9474f8d0854a99b7
session_20260710_125441,383,HOOK_INSTRUCTION,assets/replay/sessions/session_20260710_125441/frames/000383.jpg,crops/session_20260710_125441/000383.png,940,36,1620,100,17a58e51227039ff31280023293e5744c2251ecf4688bc0432ed8c8c792b798c
session_20260710_125441,384,HOOK_INSTRUCTION,assets/replay/sessions/session_20260710_125441/frames/000384.jpg,crops/session_20260710_125441/000384.png,940,36,1620,100,7a58581a48a4251046f4a42b72bdedb37eab2678fdb80f93fc32565b9d13d251
session_20260710_125441,385,HOOK_INSTRUCTION,assets/replay/sessions/session_20260710_125441/frames/000385.jpg,crops/session_20260710_125441/000385.png,940,36,1620,100,0ddba8cfd73fa538db331384b0450043b3f8e7a97e79998914ff0ee1b70b089f
session_20260710_125441,386,HOOK_INSTRUCTION,assets/replay/sessions/session_20260710_125441/frames/000386.jpg,crops/session_20260710_125441/000386.png,940,36,1620,100,5007e3d38a4105d9398cacc44470237061c4c27b4fbc2cc8025033832b692011
session_20260710_125441,387,HOOK_INSTRUCTION,assets/replay/sessions/session_20260710_125441/frames/000387.jpg,crops/session_20260710_125441/000387.png,940,36,1620,100,f0f087419706056670cff08f01b471b844a06ac2bb9ac1d93e9360f22830fd4d
session_20260710_125441,388,HOOK_INSTRUCTION,assets/replay/sessions/session_20260710_125441/frames/000388.jpg,crops/session_20260710_125441/000388.png,940,36,1620,100,87aabea152260dc276f4a2bfeee6a4269b87aa19965361377cacc61e7b6b2ec9
session_20260710_125441,389,HOOK_INSTRUCTION,assets/replay/sessions/session_20260710_125441/frames/000389.jpg,crops/session_20260710_125441/000389.png,940,36,1620,100,b4de33b7d28fae05e4f14794ae5cb7a1c2a39b2158deacd6d89a53e948274d49
session_20260710_125441,390,HOOK_INSTRUCTION,assets/replay/sessions/session_20260710_125441/frames/000390.jpg,crops/session_20260710_125441/000390.png,940,36,1620,100,7a73a616ac8d17a99d10341cde0b84197e21291f9cb8a167e4d90dedaeddc8ab
session_20260710_125441,391,HOOK_INSTRUCTION,assets/replay/sessions/session_20260710_125441/frames/000391.jpg,crops/session_20260710_125441/000391.png,940,36,1620,100,e8daf2131b0a2e14b5f2fa2fa3978fe7b3793bf1045740ec1af416cff150e9ba
session_20260710_125441,392,HOOK_INSTRUCTION,assets/replay/sessions/session_20260710_125441/frames/000392.jpg,crops/session_20260710_125441/000392.png,940,36,1620,100,79e08fcb9695e128a727d4b645a4bce87d132b06ff8f34cf4467d8bae78c2a7e
session_20260710_125441,393,HOOK_INSTRUCTION,assets/replay/sessions/session_20260710_125441/frames/000393.jpg,crops/session_20260710_125441/000393.png,940,36,1620,100,7e8479e9235e41831dd37b163869f2252f4e6a743fa15da543223378881640ba
session_20260710_125441,394,HOOK_INSTRUCTION,assets/replay/sessions/session_20260710_125441/frames/000394.jpg,crops/session_20260710_125441/000394.png,940,36,1620,100,adb2d6293ae0e5e50b405fd9fe1c225b3dea456d82496ee95a58f5f8f8324c85
session_20260710_125441,395,HOOK_INSTRUCTION,assets/replay/sessions/session_20260710_125441/frames/000395.jpg,crops/session_20260710_125441/000395.png,940,36,1620,100,20c08eb32647a6e36ce1eea4356503656411322e0fc9b2f860174fd92db72f03
session_20260710_125441,396,PRESS_INSTRUCTION,assets/replay/sessions/session_20260710_125441/frames/000396.jpg,crops/session_20260710_125441/000396.png,940,36,1620,100,0e705b290257612304717e88431afb9e1fb53b098fc432df12211d24c70f086d
session_20260710_125441,397,PRESS_INSTRUCTION,assets/replay/sessions/session_20260710_125441/frames/000397.jpg,crops/session_20260710_125441/000397.png,940,36,1620,100,c96ed1df3cf8da87cbd15ebce73e748afb7301b2eae80620fe60501439772eec
session_20260710_125441,398,PRESS_INSTRUCTION,assets/replay/sessions/session_20260710_125441/frames/000398.jpg,crops/session_20260710_125441/000398.png,940,36,1620,100,ca13237d3396e8e55a150a776dfb45e79798b45f720a0a717b565b25dc4c7a2c
session_20260710_125441,399,PRESS_INSTRUCTION,assets/replay/sessions/session_20260710_125441/frames/000399.jpg,crops/session_20260710_125441/000399.png,940,36,1620,100,1e2842d9a369f1a2ff8fc34c6f06ebc067445e7dfcbe0588cfd309ad67b57a26
session_20260710_125441,400,PRESS_INSTRUCTION,assets/replay/sessions/session_20260710_125441/frames/000400.jpg,crops/session_20260710_125441/000400.png,940,36,1620,100,641e3b3e8bb084a523ed68f4c649dca71db1bbd05deff45ae566cda5cdc00ea9
session_20260710_125441,401,PRESS_INSTRUCTION,assets/replay/sessions/session_20260710_125441/frames/000401.jpg,crops/session_20260710_125441/000401.png,940,36,1620,100,834ad8b70bb8a5fcea40a179682461341a1a8753761d38dbbf86581089ed6b7c
session_20260710_125441,402,PRESS_INSTRUCTION,assets/replay/sessions/session_20260710_125441/frames/000402.jpg,crops/session_20260710_125441/000402.png,940,36,1620,100,7e61a38dadd948c54494d826b92767106b3f289a3eb54ff00e66537fff3d0983
session_20260710_125441,403,PRESS_INSTRUCTION,assets/replay/sessions/session_20260710_125441/frames/000403.jpg,crops/session_20260710_125441/000403.png,940,36,1620,100,e31365249dc93e4e795a7264963b5c57f7b32d754e95d4667fcdd15cc4cf0671
session_20260710_125441,404,PRESS_INSTRUCTION,assets/replay/sessions/session_20260710_125441/frames/000404.jpg,crops/session_20260710_125441/000404.png,940,36,1620,100,b981dd53da9d2f6cf960b0c1798bc1ef2ba64e3eebdc6623e850bf781f076fcc
session_20260710_125441,405,PRESS_INSTRUCTION,assets/replay/sessions/session_20260710_125441/frames/000405.jpg,crops/session_20260710_125441/000405.png,940,36,1620,100,a7b1e20172bbc66bd1084ddc94daff5b5e91a7efeab45540018f304be5547bf4
session_20260710_125441,406,PRESS_INSTRUCTION,assets/replay/sessions/session_20260710_125441/frames/000406.jpg,crops/session_20260710_125441/000406.png,940,36,1620,100,44a1a3a65d4ac60e83ae7ac645ea1ada96e079a532ac1fb7530f001089831670
session_20260710_125441,407,PRESS_INSTRUCTION,assets/replay/sessions/session_20260710_125441/frames/000407.jpg,crops/session_20260710_125441/000407.png,940,36,1620,100,cb880b49e72521e512f8c3564e16ffb9a27d897f15157e683bbd875dacf7c372
session_20260710_125441,408,PRESS_INSTRUCTION,assets/replay/sessions/session_20260710_125441/frames/000408.jpg,crops/session_20260710_125441/000408.png,940,36,1620,100,ef412186adcb85ee87b1d5fbf3759586d660e834042350be4f1232f15139065a
session_20260710_125441,409,PRESS_INSTRUCTION,assets/replay/sessions/session_20260710_125441/frames/000409.jpg,crops/session_20260710_125441/000409.png,940,36,1620,100,b1ce33a495373174d0b995bb452413697b1b86bafd38bb7fe506146b13726659
session_20260710_125441,410,PRESS_INSTRUCTION,assets/replay/sessions/session_20260710_125441/frames/000410.jpg,crops/session_20260710_125441/000410.png,940,36,1620,100,f73f29aa0a3c0ce65f1b890378d4705f59c8030491c1ee113b4739a6ded01dab
session_20260710_125441,411,PRESS_INSTRUCTION,assets/replay/sessions/session_20260710_125441/frames/000411.jpg,crops/session_20260710_125441/000411.png,940,36,1620,100,dcc7d350379de4922275aa9aa53cdd0e1221a252f8ae62fb8c48ac58e3133ca3
session_20260710_125441,412,PRESS_INSTRUCTION,assets/replay/sessions/session_20260710_125441/frames/000412.jpg,crops/session_20260710_125441/000412.png,940,36,1620,100,fb8eef372ee487ac32087c9045678b1ced07dba643d9dbfb7bc57b0c061c6904
session_20260710_125441,413,PRESS_INSTRUCTION,assets/replay/sessions/session_20260710_125441/frames/000413.jpg,crops/session_20260710_125441/000413.png,940,36,1620,100,f3edf116590bfca8e6b941599e19643802da77418c3a968b3861d5c6ca90915d
session_20260710_125441,414,PRESS_INSTRUCTION,assets/replay/sessions/session_20260710_125441/frames/000414.jpg,crops/session_20260710_125441/000414.png,940,36,1620,100,f8490fedc0df67eb6d5843612e01abd7aea6b19d3600fdb4f3e3925543cf40b2
session_20260710_125441,415,PRESS_INSTRUCTION,assets/replay/sessions/session_20260710_125441/frames/000415.jpg,crops/session_20260710_125441/000415.png,940,36,1620,100,82fc9258cdafa94de6ea41c838b30dbd711c6378fbdd8a85c6de809ac55124c5
session_20260710_125441,416,PRESS_INSTRUCTION,assets/replay/sessions/session_20260710_125441/frames/000416.jpg,crops/session_20260710_125441/000416.png,940,36,1620,100,7d502fba5391dffc4f580a2777ba68b21c49f32cc9335a8435b588b73c7a907f
session_20260710_125441,417,PRESS_INSTRUCTION,assets/replay/sessions/session_20260710_125441/frames/000417.jpg,crops/session_20260710_125441/000417.png,940,36,1620,100,ba50133f613a84aeeeb918e72d0ce5defa2caa01adaf8918acbed461cf113544
session_20260710_125441,418,PRESS_INSTRUCTION,assets/replay/sessions/session_20260710_125441/frames/000418.jpg,crops/session_20260710_125441/000418.png,940,36,1620,100,a9ae4e8e3c9d2b729f400424589bbd6b756f05aab11bf0308302516aa5a7612d
session_20260710_125441,419,PRESS_INSTRUCTION,assets/replay/sessions/session_20260710_125441/frames/000419.jpg,crops/session_20260710_125441/000419.png,940,36,1620,100,dc1b2ab10df480a548769ac09a65da6549f230b42c035df28e66c026d4014b62
session_20260710_125441,420,IGNORE,assets/replay/sessions/session_20260710_125441/frames/000420.jpg,crops/session_20260710_125441/000420.png,940,36,1620,100,9aa130214fd46bbd0c9179ff5c4868a24c0407e03d697d53d5884df8874ac9c3
session_20260710_125441,421,IGNORE,assets/replay/sessions/session_20260710_125441/frames/000421.jpg,crops/session_20260710_125441/000421.png,940,36,1620,100,b7fdc1fbdea09defc52d54c954a48fc81504eb88cdd9afae44b375f1f9976f69
session_20260710_125441,422,IGNORE,assets/replay/sessions/session_20260710_125441/frames/000422.jpg,crops/session_20260710_125441/000422.png,940,36,1620,100,b7f179d6264c72159457db85d42478d9a441c7950a7d0ebc6d2a667592e82f0f
session_20260710_125441,423,IGNORE,assets/replay/sessions/session_20260710_125441/frames/000423.jpg,crops/session_20260710_125441/000423.png,940,36,1620,100,d978539446b56bf60b547412496b140d62e45b63daa3a053ee57823051871544
session_20260710_125441,424,IGNORE,assets/replay/sessions/session_20260710_125441/frames/000424.jpg,crops/session_20260710_125441/000424.png,940,36,1620,100,c0b49b83102e7b6aabcf34112605feff4ab34cad3f2b15d375e1b4c1d67b5510
session_20260710_125441,425,IGNORE,assets/replay/sessions/session_20260710_125441/frames/000425.jpg,crops/session_20260710_125441/000425.png,940,36,1620,100,abc4d041e6c0102fbbbaf39de73784ae3a9843a3f1910ad25e9d2f99cf38fba6
session_20260710_125441,426,IGNORE,assets/replay/sessions/session_20260710_125441/frames/000426.jpg,crops/session_20260710_125441/000426.png,940,36,1620,100,449109fcda7c1cc48c45a6f052e3d931d9065e9e438468c37a2ed130fa10d29e
session_20260710_125441,427,IGNORE,assets/replay/sessions/session_20260710_125441/frames/000427.jpg,crops/session_20260710_125441/000427.png,940,36,1620,100,1bfd2bea805dc96a492f05e74f767c73f03cded50bba2dc3a87f12eacd22e2e9
session_20260710_125441,428,IGNORE,assets/replay/sessions/session_20260710_125441/frames/000428.jpg,crops/session_20260710_125441/000428.png,940,36,1620,100,3acfb44d30cddde9fc233dde9e412b708bab47ba1038df428ef3a50b4da29e71
session_20260710_125441,429,IGNORE,assets/replay/sessions/session_20260710_125441/frames/000429.jpg,crops/session_20260710_125441/000429.png,940,36,1620,100,02a3c3e8b1d8b4864e340e58d558f579558ca9c9f61a379780ac293867b3a848
session_20260710_125441,430,IGNORE,assets/replay/sessions/session_20260710_125441/frames/000430.jpg,crops/session_20260710_125441/000430.png,940,36,1620,100,2c17792e0dd0a527081400677ed4e61a7dc6cb5c02b214efb49cbfafcebc6282
session_20260710_125441,431,IGNORE,assets/replay/sessions/session_20260710_125441/frames/000431.jpg,crops/session_20260710_125441/000431.png,940,36,1620,100,cc9200ba4514852bcf074766fc8357066311803be78b966627c8add51fcdeff3
session_20260710_125441,432,IGNORE,assets/replay/sessions/session_20260710_125441/frames/000432.jpg,crops/session_20260710_125441/000432.png,940,36,1620,100,9183a7f637b051145c22043a44b11a2894ae750e202493df830610c09e2ef355
session_20260710_125441,433,IGNORE,assets/replay/sessions/session_20260710_125441/frames/000433.jpg,crops/session_20260710_125441/000433.png,940,36,1620,100,c036a827417d03983e34aaa27d3bb31d71e447c29056ab3f2d338f8f48887352
session_20260710_125441,434,IGNORE,assets/replay/sessions/session_20260710_125441/frames/000434.jpg,crops/session_20260710_125441/000434.png,940,36,1620,100,f141bae00bd0a1179127f6e2caa86d6d97816b21aa9535cafa40573e1dde9281
session_20260710_125441,435,IGNORE,assets/replay/sessions/session_20260710_125441/frames/000435.jpg,crops/session_20260710_125441/000435.png,940,36,1620,100,0c1a7855607a6dd2e7b4bc68b00cf92064e3a7a03dd4414998e9c5214af7194b
session_20260710_125441,436,IDLE_CAST,assets/replay/sessions/session_20260710_125441/frames/000436.jpg,crops/session_20260710_125441/000436.png,940,36,1620,100,3ee44eef69d328304878f7f33d3ed0d77be881ae4f296b7b4304c1992d943d52
session_20260710_125441,437,IDLE_CAST,assets/replay/sessions/session_20260710_125441/frames/000437.jpg,crops/session_20260710_125441/000437.png,940,36,1620,100,a7a4de8e580dad2ee240afdc325262b33d1981169c6079ecc8583e73eb659afd
session_20260710_125441,438,IDLE_CAST,assets/replay/sessions/session_20260710_125441/frames/000438.jpg,crops/session_20260710_125441/000438.png,940,36,1620,100,75459defb97234b326a4d77d9d6388f598291a86794c69c4cdbe042a3354a22f
session_20260710_125441,439,IDLE_CAST,assets/replay/sessions/session_20260710_125441/frames/000439.jpg,crops/session_20260710_125441/000439.png,940,36,1620,100,10f3434fba8aa19f0d1bf1990a5df95ef6a60be365d0b43dc4881b1cad86c481
session_20260710_125441,440,IDLE_CAST,assets/replay/sessions/session_20260710_125441/frames/000440.jpg,crops/session_20260710_125441/000440.png,940,36,1620,100,87efb7c547a7535def994801c972694a1015b623afcc9aa663dbe65ad51e6948
session_20260710_125441,441,IDLE_CAST,assets/replay/sessions/session_20260710_125441/frames/000441.jpg,crops/session_20260710_125441/000441.png,940,36,1620,100,14962c26f9f8d8f59430f36dd09646689bc4efc67bddc341e774916ecaaed77d
session_20260710_125441,442,IDLE_CAST,assets/replay/sessions/session_20260710_125441/frames/000442.jpg,crops/session_20260710_125441/000442.png,940,36,1620,100,614ae8cef75f294ab35e3127c3e75181bd92674ea409896a4cec867856b1a7ae
session_20260710_125441,443,IDLE_CAST,assets/replay/sessions/session_20260710_125441/frames/000443.jpg,crops/session_20260710_125441/000443.png,940,36,1620,100,e010da10419c8c7ce22cf57ecbe3ed4bc13c52526be0c48612afd2a8cb89b45b
session_20260710_125441,444,IDLE_CAST,assets/replay/sessions/session_20260710_125441/frames/000444.jpg,crops/session_20260710_125441/000444.png,940,36,1620,100,14ac24a39486bf34453b3b6216b94ee49d6a67a986332086efe0b228865504d0
session_20260710_125441,445,IDLE_CAST,assets/replay/sessions/session_20260710_125441/frames/000445.jpg,crops/session_20260710_125441/000445.png,940,36,1620,100,b8746f6c6cef32f92dc85c6fd41b6abba755a49f6bd7a6cdc07e2d4488210f3d
session_20260710_125441,446,IDLE_CAST,assets/replay/sessions/session_20260710_125441/frames/000446.jpg,crops/session_20260710_125441/000446.png,940,36,1620,100,08f35933f856fe328c2ffa0cbf112b83ea2752746c591d5fac9c862100e422e4
session_20260710_125441,447,IDLE_CAST,assets/replay/sessions/session_20260710_125441/frames/000447.jpg,crops/session_20260710_125441/000447.png,940,36,1620,100,50758b94818989c7ee3a534d4d8c4da9577a4baac771a653b0b6aec744d2a9d5
session_20260710_125441,448,IDLE_CAST,assets/replay/sessions/session_20260710_125441/frames/000448.jpg,crops/session_20260710_125441/000448.png,940,36,1620,100,14a620be811ebad08ec1e461375a51441b4314697ab4bfc316cb1b260386b2fc
session_20260710_125441,449,IDLE_CAST,assets/replay/sessions/session_20260710_125441/frames/000449.jpg,crops/session_20260710_125441/000449.png,940,36,1620,100,7d11455eb05feb28b4a8e798a67cabe6a6f216f0197d08051142077f56f0962d
session_20260710_125441,450,IDLE_CAST,assets/replay/sessions/session_20260710_125441/frames/000450.jpg,crops/session_20260710_125441/000450.png,940,36,1620,100,7d11455eb05feb28b4a8e798a67cabe6a6f216f0197d08051142077f56f0962d
session_20260710_125441,451,IDLE_CAST,assets/replay/sessions/session_20260710_125441/frames/000451.jpg,crops/session_20260710_125441/000451.png,940,36,1620,100,b54acff820ae01d9a2a6f23eae1501dcd8c77266e82b1d066a6e996c7a01a80c
session_20260710_125441,452,IDLE_CAST,assets/replay/sessions/session_20260710_125441/frames/000452.jpg,crops/session_20260710_125441/000452.png,940,36,1620,100,c56f29ee422f02a5bc2b4121810e7896cc6755f4f9ae5a3683d0c4aaadcc5e20
session_20260710_125441,453,IDLE_CAST,assets/replay/sessions/session_20260710_125441/frames/000453.jpg,crops/session_20260710_125441/000453.png,940,36,1620,100,4ff32c672905e13c6fe47b6b2ed77d7158ebb2f1380f1e3b9fb24757d427389e
session_20260710_125441,454,IDLE_CAST,assets/replay/sessions/session_20260710_125441/frames/000454.jpg,crops/session_20260710_125441/000454.png,940,36,1620,100,3df97427bb5b47be27c5df449df0fa88b0053fb5b5d3517154123979508e1fde
session_20260710_125441,455,IDLE_CAST,assets/replay/sessions/session_20260710_125441/frames/000455.jpg,crops/session_20260710_125441/000455.png,940,36,1620,100,ec30ea434a4c22dc48cc4ebaff60a454197636407fad7e73a492995ef5f4e043
session_20260710_125441,456,IDLE_CAST,assets/replay/sessions/session_20260710_125441/frames/000456.jpg,crops/session_20260710_125441/000456.png,940,36,1620,100,1822a60bd46c43b1b0f7e6f0244ac98f88526ae4c90a30d17e3054b576aaa4ea
session_20260710_125441,457,IDLE_CAST,assets/replay/sessions/session_20260710_125441/frames/000457.jpg,crops/session_20260710_125441/000457.png,940,36,1620,100,a8521d079fa866c3e2fc62d9e2c21aa16818917f84c37edb5371962e768ae013
session_20260710_125441,458,IDLE_CAST,assets/replay/sessions/session_20260710_125441/frames/000458.jpg,crops/session_20260710_125441/000458.png,940,36,1620,100,919d0b01b06526324ff395e8030f66fdaa18e3ce8104c9238ea810eb035769b1
session_20260710_125441,459,WAITING_IN_PROGRESS,assets/replay/sessions/session_20260710_125441/frames/000459.jpg,crops/session_20260710_125441/000459.png,940,36,1620,100,521d404dda521d43d1df4b4a10e0fb0b6351c3ea349b26c533a8b727fff6b5f2
session_20260710_125441,460,WAITING_IN_PROGRESS,assets/replay/sessions/session_20260710_125441/frames/000460.jpg,crops/session_20260710_125441/000460.png,940,36,1620,100,610e0b84088e395f007936314aa77f1cb295e22f172a657d8d98aa7570b8cfa6
session_20260710_125441,461,WAITING_IN_PROGRESS,assets/replay/sessions/session_20260710_125441/frames/000461.jpg,crops/session_20260710_125441/000461.png,940,36,1620,100,90bc5142c3ec7a2a0198c867251496a105ece3e007603501705b93d88caa8ac0
session_20260710_125441,462,WAITING_IN_PROGRESS,assets/replay/sessions/session_20260710_125441/frames/000462.jpg,crops/session_20260710_125441/000462.png,940,36,1620,100,06a114eb8e8aa37ef3a5d63e8794d8fdb83e654194f87f46611c1deeea71413e
session_20260710_125441,463,WAITING_IN_PROGRESS,assets/replay/sessions/session_20260710_125441/frames/000463.jpg,crops/session_20260710_125441/000463.png,940,36,1620,100,ccd5ac8c7ab72f619c6e4eb82cc9ffff820f1b38e973ec39c5ef83234dc1561d
session_20260710_125441,464,WAITING_IN_PROGRESS,assets/replay/sessions/session_20260710_125441/frames/000464.jpg,crops/session_20260710_125441/000464.png,940,36,1620,100,0c4761cbd9227b48640324e758e1a037ca721f70fca9c3e21b017ff9a7cc40f2
session_20260710_125441,465,WAITING_IN_PROGRESS,assets/replay/sessions/session_20260710_125441/frames/000465.jpg,crops/session_20260710_125441/000465.png,940,36,1620,100,b551f6870d736f4231b80e14d193f9b61a3f87f3c9b866d65866b1d8fb21a72a
session_20260710_125441,466,WAITING_IN_PROGRESS,assets/replay/sessions/session_20260710_125441/frames/000466.jpg,crops/session_20260710_125441/000466.png,940,36,1620,100,26b79b209f206cef6dbb7923439140469d8293b4fd635c1f52fd860ed2c1b5f3
session_20260710_125441,467,WAITING_IN_PROGRESS,assets/replay/sessions/session_20260710_125441/frames/000467.jpg,crops/session_20260710_125441/000467.png,940,36,1620,100,9b9875d362f55e275a919d11c01cbae8dfba0fb27ac97a6e5e8ed72aa999a42f
session_20260710_125441,468,WAITING_IN_PROGRESS,assets/replay/sessions/session_20260710_125441/frames/000468.jpg,crops/session_20260710_125441/000468.png,940,36,1620,100,ae3961209ad0b6ac4e53d980bd3690db0500042e348231213e55f66994713da7
session_20260710_125441,469,WAITING_IN_PROGRESS,assets/replay/sessions/session_20260710_125441/frames/000469.jpg,crops/session_20260710_125441/000469.png,940,36,1620,100,708e16fe7bacff37c0650eb6969a1ce7db8d8bd960817f36f06ca9d4f4d4d0ed
session_20260710_125441,470,WAITING_IN_PROGRESS,assets/replay/sessions/session_20260710_125441/frames/000470.jpg,crops/session_20260710_125441/000470.png,940,36,1620,100,de6dfcb25b76bb85d18db7db20800470e1c6bdd545c97ddcb6a3ebd54ac6b36b
session_20260710_125441,471,WAITING_IN_PROGRESS,assets/replay/sessions/session_20260710_125441/frames/000471.jpg,crops/session_20260710_125441/000471.png,940,36,1620,100,9b9d55546541901633d790458b80cfe9a8c91620d9894ae080a8a50fec049adc
session_20260710_125441,472,WAITING_IN_PROGRESS,assets/replay/sessions/session_20260710_125441/frames/000472.jpg,crops/session_20260710_125441/000472.png,940,36,1620,100,2b2e46b81b197308f3ca26d37fc6f5878adb0fbfef3488741b3946c9406e79a9
session_20260710_125441,473,WAITING_IN_PROGRESS,assets/replay/sessions/session_20260710_125441/frames/000473.jpg,crops/session_20260710_125441/000473.png,940,36,1620,100,c50759a01329217307f993d6508d7ad21b26ada777e5ba585dbdd712abb81c7d
session_20260710_125441,474,WAITING_IN_PROGRESS,assets/replay/sessions/session_20260710_125441/frames/000474.jpg,crops/session_20260710_125441/000474.png,940,36,1620,100,2e5b512522f6e378ca7eef84da70048f325c55a34c32d3c8ff7b7c95ff471ef3
session_20260710_125441,475,WAITING_IN_PROGRESS,assets/replay/sessions/session_20260710_125441/frames/000475.jpg,crops/session_20260710_125441/000475.png,940,36,1620,100,fb6187cdaf8d534610b2a3af7697a66f7c23745ae9d0165c6e6ca5c5d0a8d826
session_20260710_125441,476,WAITING_IN_PROGRESS,assets/replay/sessions/session_20260710_125441/frames/000476.jpg,crops/session_20260710_125441/000476.png,940,36,1620,100,041c22eb1b7ae318b27d69151fb6f218a62281430ed32466e60905f83b6bf3a0
session_20260710_125441,477,WAITING_IN_PROGRESS,assets/replay/sessions/session_20260710_125441/frames/000477.jpg,crops/session_20260710_125441/000477.png,940,36,1620,100,784f30b55d2264b6892b10a05ad78fb267fe470618f2b307d8ae453663bf5911
session_20260710_125441,478,WAITING_IN_PROGRESS,assets/replay/sessions/session_20260710_125441/frames/000478.jpg,crops/session_20260710_125441/000478.png,940,36,1620,100,1cd9c336b278bd3033c2d74f317a3c1c0709cf63263172d7434d93e2eab64aff
session_20260710_125441,479,WAITING_IN_PROGRESS,assets/replay/sessions/session_20260710_125441/frames/000479.jpg,crops/session_20260710_125441/000479.png,940,36,1620,100,2fcdff7abdfa351daca159965b595623613014f9a75ffd0b62443f765409c0db
session_20260710_125441,480,WAITING_IN_PROGRESS,assets/replay/sessions/session_20260710_125441/frames/000480.jpg,crops/session_20260710_125441/000480.png,940,36,1620,100,5270fdc5d918387aabe76a3c4362bc62cc36e4e6c48d1563eafcdc89569d436d
session_20260710_125441,481,WAITING_IN_PROGRESS,assets/replay/sessions/session_20260710_125441/frames/000481.jpg,crops/session_20260710_125441/000481.png,940,36,1620,100,3fe30ea26fcf04f6394a6c028f2807bd68b9d535351f215e459ea5425ddd84ae
session_20260710_125441,482,WAITING_IN_PROGRESS,assets/replay/sessions/session_20260710_125441/frames/000482.jpg,crops/session_20260710_125441/000482.png,940,36,1620,100,8682c6efc31eb728e30698a4e372e9eff2ef972ac075af0144f59330b546d43d
session_20260710_125441,483,WAITING_IN_PROGRESS,assets/replay/sessions/session_20260710_125441/frames/000483.jpg,crops/session_20260710_125441/000483.png,940,36,1620,100,1e986027ab5a90851c25fc97b38a4eacfb4fbe107c7469b328526bb30b4c06cb
session_20260710_125441,484,WAITING_IN_PROGRESS,assets/replay/sessions/session_20260710_125441/frames/000484.jpg,crops/session_20260710_125441/000484.png,940,36,1620,100,1e986027ab5a90851c25fc97b38a4eacfb4fbe107c7469b328526bb30b4c06cb
session_20260710_125441,485,WAITING_IN_PROGRESS,assets/replay/sessions/session_20260710_125441/frames/000485.jpg,crops/session_20260710_125441/000485.png,940,36,1620,100,0c647dafe338256cea1c283babdab1b1c41ede53eac11b3e86851a969d14ab0e
session_20260710_125441,486,WAITING_IN_PROGRESS,assets/replay/sessions/session_20260710_125441/frames/000486.jpg,crops/session_20260710_125441/000486.png,940,36,1620,100,4eb4dc01d1d19d6029ca5cd2000e9f36aa30f0ddb4db4b68fd423398adfc0b24
session_20260710_125441,487,WAITING_IN_PROGRESS,assets/replay/sessions/session_20260710_125441/frames/000487.jpg,crops/session_20260710_125441/000487.png,940,36,1620,100,f463bc665af8407682a22fdfc995e47814346cff2276a8f83d6cc3822fa526e0
session_20260710_125441,488,WAITING_IN_PROGRESS,assets/replay/sessions/session_20260710_125441/frames/000488.jpg,crops/session_20260710_125441/000488.png,940,36,1620,100,a77f2933efc725a107fd49da787ae7a154d1ace4a5f1791420912721606dbc6c
session_20260710_125441,489,WAITING_IN_PROGRESS,assets/replay/sessions/session_20260710_125441/frames/000489.jpg,crops/session_20260710_125441/000489.png,940,36,1620,100,681964a1b902f699ac0915ea5f96b982dce4cfbbb562772ab75268b94ff2065a
session_20260710_125441,490,WAITING_IN_PROGRESS,assets/replay/sessions/session_20260710_125441/frames/000490.jpg,crops/session_20260710_125441/000490.png,940,36,1620,100,7ec34b68c11233c92d8f51a92b214a8938d384bb1613fb178be6c09005a02b06
session_20260710_125441,491,WAITING_IN_PROGRESS,assets/replay/sessions/session_20260710_125441/frames/000491.jpg,crops/session_20260710_125441/000491.png,940,36,1620,100,1c72b9e256af5319b893620984026319b4e9a1bfa4d81a838fecd9f074b1e1f6
session_20260710_125441,492,WAITING_IN_PROGRESS,assets/replay/sessions/session_20260710_125441/frames/000492.jpg,crops/session_20260710_125441/000492.png,940,36,1620,100,d132e1948ff7fb9478438d94bb59becfb8597b353845f916805573be8fd7f349
session_20260710_125441,493,WAITING_IN_PROGRESS,assets/replay/sessions/session_20260710_125441/frames/000493.jpg,crops/session_20260710_125441/000493.png,940,36,1620,100,58a812e3fd67381ac90af75ecd2206bb6498776af506d9322f1b1ac35c45fe10
session_20260710_125441,494,WAITING_IN_PROGRESS,assets/replay/sessions/session_20260710_125441/frames/000494.jpg,crops/session_20260710_125441/000494.png,940,36,1620,100,50a3f71776f27b7d38155395507c8945b09edb46616d5c16277dff26076053b7
session_20260710_125441,495,WAITING_IN_PROGRESS,assets/replay/sessions/session_20260710_125441/frames/000495.jpg,crops/session_20260710_125441/000495.png,940,36,1620,100,1c6640369c97ebff3019b8cfcb5d9fcc2a8e385b89cab5bfe6137bacab314efb
session_20260710_125441,496,WAITING_IN_PROGRESS,assets/replay/sessions/session_20260710_125441/frames/000496.jpg,crops/session_20260710_125441/000496.png,940,36,1620,100,a0efb460e5c38452e15222f08af8622149f2a0eff595e7e8eef4a56777a25103
session_20260710_125441,497,WAITING_IN_PROGRESS,assets/replay/sessions/session_20260710_125441/frames/000497.jpg,crops/session_20260710_125441/000497.png,940,36,1620,100,cb440c294ca1a2bbaac66e51996bf284e076e86a33e27ce0c7c6977f3bf4b85c
session_20260710_125441,498,WAITING_IN_PROGRESS,assets/replay/sessions/session_20260710_125441/frames/000498.jpg,crops/session_20260710_125441/000498.png,940,36,1620,100,e87f0df4442e06a77ab0e80c595601b8f597a1583a8c3dc22829b33ae688f8b5
session_20260710_125441,499,WAITING_IN_PROGRESS,assets/replay/sessions/session_20260710_125441/frames/000499.jpg,crops/session_20260710_125441/000499.png,940,36,1620,100,c1619eb585d511483339ddd303c70a7a1ce1a414abb468cbe71013dfc6b4803f
session_20260710_125441,500,WAITING_IN_PROGRESS,assets/replay/sessions/session_20260710_125441/frames/000500.jpg,crops/session_20260710_125441/000500.png,940,36,1620,100,784dcf8b8cf4b26e65574890fb052761ef96fb10a150ed4a0c25d30a117918dd
session_20260710_125441,501,WAITING_IN_PROGRESS,assets/replay/sessions/session_20260710_125441/frames/000501.jpg,crops/session_20260710_125441/000501.png,940,36,1620,100,fd142a0961685e83e6838b3fcedc30573f1078d58da463b0fa0eb77c82df50ff
session_20260710_125441,502,WAITING_IN_PROGRESS,assets/replay/sessions/session_20260710_125441/frames/000502.jpg,crops/session_20260710_125441/000502.png,940,36,1620,100,4a557447dd37a4874c73d29955c4b59b0956fe0a7fbb6bcf79d90edeeac3b2de
session_20260710_125441,503,WAITING_IN_PROGRESS,assets/replay/sessions/session_20260710_125441/frames/000503.jpg,crops/session_20260710_125441/000503.png,940,36,1620,100,85ceb6bf820bbd1e0bed27855f5e6e70c5903efa062336629bda86bb3825a20c
session_20260710_125441,504,WAITING_IN_PROGRESS,assets/replay/sessions/session_20260710_125441/frames/000504.jpg,crops/session_20260710_125441/000504.png,940,36,1620,100,8c3700c615e9a257b101706233eeda734a76b6e7201197dcfc99a8fe820cbbc7
session_20260710_125441,505,WAITING_IN_PROGRESS,assets/replay/sessions/session_20260710_125441/frames/000505.jpg,crops/session_20260710_125441/000505.png,940,36,1620,100,a30aa4e0c97af331cc16a34c046f7cf6300522bfd1883c5b0d544f4ab61cd15f
session_20260710_125441,506,WAITING_IN_PROGRESS,assets/replay/sessions/session_20260710_125441/frames/000506.jpg,crops/session_20260710_125441/000506.png,940,36,1620,100,930d529fef5805b45797305a068e6227f30882caa435fa9820286b5e57f158ad
session_20260710_125441,507,WAITING_IN_PROGRESS,assets/replay/sessions/session_20260710_125441/frames/000507.jpg,crops/session_20260710_125441/000507.png,940,36,1620,100,91f2df887a43a2d73606107a48895f62fc42b1832edf4ad99516007af3525e9f
session_20260710_125441,508,WAITING_IN_PROGRESS,assets/replay/sessions/session_20260710_125441/frames/000508.jpg,crops/session_20260710_125441/000508.png,940,36,1620,100,1a36455d86e86254a914291268d823ae4e77a2d5db8a54908dc9d9a26a3cbc63
session_20260710_125441,509,WAITING_IN_PROGRESS,assets/replay/sessions/session_20260710_125441/frames/000509.jpg,crops/session_20260710_125441/000509.png,940,36,1620,100,c7b25f0c81f654d272124a54bfe9609a417981cc8e6bfe5e5a79fbc2b7196065
session_20260710_125441,510,WAITING_IN_PROGRESS,assets/replay/sessions/session_20260710_125441/frames/000510.jpg,crops/session_20260710_125441/000510.png,940,36,1620,100,62b2250a006d2d9d7fbc11fc01aa01a69eb54a6c152649ff78f072af2359da3f
session_20260710_125441,511,WAITING_IN_PROGRESS,assets/replay/sessions/session_20260710_125441/frames/000511.jpg,crops/session_20260710_125441/000511.png,940,36,1620,100,c2a8fed0eee6bfd3619970b4473a093dc273ca32ee225a4ce98160a5fa30e929
session_20260710_125441,512,WAITING_IN_PROGRESS,assets/replay/sessions/session_20260710_125441/frames/000512.jpg,crops/session_20260710_125441/000512.png,940,36,1620,100,0d625c97dc02ee17f3e76d8a54aaaf3173b9aeac48196baa09b86416158e2e2d
session_20260710_125441,513,WAITING_IN_PROGRESS,assets/replay/sessions/session_20260710_125441/frames/000513.jpg,crops/session_20260710_125441/000513.png,940,36,1620,100,965c51a8492ab0ce6d2c57b458d915fa1cd663d3f74c925de4af71ebf7ac71dc
session_20260710_125441,514,WAITING_IN_PROGRESS,assets/replay/sessions/session_20260710_125441/frames/000514.jpg,crops/session_20260710_125441/000514.png,940,36,1620,100,cfb8179c7253d9099d377761338593cbddde1302c4f77e8258b4e39bf2bd3266
session_20260710_125441,515,WAITING_IN_PROGRESS,assets/replay/sessions/session_20260710_125441/frames/000515.jpg,crops/session_20260710_125441/000515.png,940,36,1620,100,ac4a0cf744a5a8645104f9b320330a0aaddd992116b05a84dcbc0b6bd713fd37
session_20260710_125441,516,WAITING_IN_PROGRESS,assets/replay/sessions/session_20260710_125441/frames/000516.jpg,crops/session_20260710_125441/000516.png,940,36,1620,100,c5213ce68981c953007de63d352d4a525843ba4668dbbd558242b9d0b5afc972
session_20260710_125441,517,WAITING_IN_PROGRESS,assets/replay/sessions/session_20260710_125441/frames/000517.jpg,crops/session_20260710_125441/000517.png,940,36,1620,100,d16a91562a2910dfa6dc417d8dc026e6c44edd277a7c70f5bea4b84a9006d7fa
session_20260710_125441,518,WAITING_IN_PROGRESS,assets/replay/sessions/session_20260710_125441/frames/000518.jpg,crops/session_20260710_125441/000518.png,940,36,1620,100,0e068f9bdd8c8f207f2c1135475fac537d8af1cab5ee9fdf5d8f025de6d95209
session_20260710_125441,519,WAITING_IN_PROGRESS,assets/replay/sessions/session_20260710_125441/frames/000519.jpg,crops/session_20260710_125441/000519.png,940,36,1620,100,939589567d5d0ea6fa4c10e35c6f5fae3efaafc44f13d6b467d65c584e276521
session_20260710_125441,520,WAITING_IN_PROGRESS,assets/replay/sessions/session_20260710_125441/frames/000520.jpg,crops/session_20260710_125441/000520.png,940,36,1620,100,a0b39571c59821e1de14eceb910d0ba962ff536d24bb8e41c91578b7dbff2321
session_20260710_125441,521,WAITING_IN_PROGRESS,assets/replay/sessions/session_20260710_125441/frames/000521.jpg,crops/session_20260710_125441/000521.png,940,36,1620,100,46143809a3f5f1840d2e9f290ec1c5e87289522c3d1442ed17c50a295cc4db7a
session_20260710_125441,522,WAITING_IN_PROGRESS,assets/replay/sessions/session_20260710_125441/frames/000522.jpg,crops/session_20260710_125441/000522.png,940,36,1620,100,96df91b66356366345c52bee76b29fc9908747aa1cd26b1cb576cac15fc9123b
session_20260710_125441,523,WAITING_IN_PROGRESS,assets/replay/sessions/session_20260710_125441/frames/000523.jpg,crops/session_20260710_125441/000523.png,940,36,1620,100,020ce7adc43891746dae3ff078ce0336b0a1d70690a5df0192964fa969b8db8b
session_20260710_125441,524,WAITING_IN_PROGRESS,assets/replay/sessions/session_20260710_125441/frames/000524.jpg,crops/session_20260710_125441/000524.png,940,36,1620,100,909c8eb902dfc2be890be3e87927a86b8e984baf6d5d87170d7f309932f9a79b
session_20260710_125441,525,WAITING_IN_PROGRESS,assets/replay/sessions/session_20260710_125441/frames/000525.jpg,crops/session_20260710_125441/000525.png,940,36,1620,100,768126f02ff6fa2e2a8c9d86267d0edb907c27fc070d616cce5e2c4451e0c56c
session_20260710_125441,526,WAITING_IN_PROGRESS,assets/replay/sessions/session_20260710_125441/frames/000526.jpg,crops/session_20260710_125441/000526.png,940,36,1620,100,2eef45339f191d6ad8588fcdf6a9a87b13b38620f1d865cab1bc84b8152dbea7
session_20260710_125441,527,WAITING_IN_PROGRESS,assets/replay/sessions/session_20260710_125441/frames/000527.jpg,crops/session_20260710_125441/000527.png,940,36,1620,100,9390deb956ab8683e949e8122932269a1773c26747c0f20532563f96b6f2836d
session_20260710_125441,528,WAITING_IN_PROGRESS,assets/replay/sessions/session_20260710_125441/frames/000528.jpg,crops/session_20260710_125441/000528.png,940,36,1620,100,c1b6b9d226047bf83935eadd8a0a862f5c80d172a9ab78c1c237c32861d6c116
session_20260710_125441,529,WAITING_IN_PROGRESS,assets/replay/sessions/session_20260710_125441/frames/000529.jpg,crops/session_20260710_125441/000529.png,940,36,1620,100,28617dede93d7cfe8669c8851d1eb263ba469a3356f5a497ae34787c095d2584
session_20260710_125441,530,WAITING_IN_PROGRESS,assets/replay/sessions/session_20260710_125441/frames/000530.jpg,crops/session_20260710_125441/000530.png,940,36,1620,100,8fbaeadaf25979533d79ec9bda26ede95febed3d5f18408cf4c6eb130f437afe
session_20260710_125441,531,WAITING_IN_PROGRESS,assets/replay/sessions/session_20260710_125441/frames/000531.jpg,crops/session_20260710_125441/000531.png,940,36,1620,100,34f6dd17a8d00870c7ca5d657144618c62a2d631383e93b1a7dfefb6292b5674
session_20260710_125441,532,WAITING_IN_PROGRESS,assets/replay/sessions/session_20260710_125441/frames/000532.jpg,crops/session_20260710_125441/000532.png,940,36,1620,100,62241b05f887f09d675332a22a3583d4aca60936d8c4b952cb97036a83adfea2
session_20260710_125441,533,WAITING_IN_PROGRESS,assets/replay/sessions/session_20260710_125441/frames/000533.jpg,crops/session_20260710_125441/000533.png,940,36,1620,100,6080fd9f9f66892ddbb2f1df2102ab5d0834c945eb27734c1dd3a3d27224c99d
session_20260710_125441,534,WAITING_IN_PROGRESS,assets/replay/sessions/session_20260710_125441/frames/000534.jpg,crops/session_20260710_125441/000534.png,940,36,1620,100,55f4145b0502659c0c14b167ce62c5884a0eb3a4fae05c21536fd0defc79260d
session_20260710_125441,535,WAITING_IN_PROGRESS,assets/replay/sessions/session_20260710_125441/frames/000535.jpg,crops/session_20260710_125441/000535.png,940,36,1620,100,3d9649aa1354a408170ba0c97bf2ecd812642d06f9d421fe818e0fed798c8e58
session_20260710_125441,536,WAITING_IN_PROGRESS,assets/replay/sessions/session_20260710_125441/frames/000536.jpg,crops/session_20260710_125441/000536.png,940,36,1620,100,91e9f251688885abc524c2bb9ed65ce8bc21a9b136a10f1936415f88adc0cd8f
session_20260710_125441,537,WAITING_IN_PROGRESS,assets/replay/sessions/session_20260710_125441/frames/000537.jpg,crops/session_20260710_125441/000537.png,940,36,1620,100,cac1a0d0374f6b40475bf1e915422223ea7ae2f78105d8f7d0e342a59f25f59d
session_20260710_125441,538,WAITING_IN_PROGRESS,assets/replay/sessions/session_20260710_125441/frames/000538.jpg,crops/session_20260710_125441/000538.png,940,36,1620,100,9d18b4b15e96511b396d0538a6590f0b2bbad278f3e513f381afc5774daeac5f
session_20260710_125441,539,WAITING_IN_PROGRESS,assets/replay/sessions/session_20260710_125441/frames/000539.jpg,crops/session_20260710_125441/000539.png,940,36,1620,100,f5cf8e8eb68afeed7ae4b6da2ac1f73502276b44c1b7e4bdde71640aeaee0d7e
session_20260710_125441,540,WAITING_IN_PROGRESS,assets/replay/sessions/session_20260710_125441/frames/000540.jpg,crops/session_20260710_125441/000540.png,940,36,1620,100,f85f4475703857067ffd9862216807306944de1e2bff6300d5e1cf35f6916870
session_20260710_125441,541,WAITING_IN_PROGRESS,assets/replay/sessions/session_20260710_125441/frames/000541.jpg,crops/session_20260710_125441/000541.png,940,36,1620,100,c75c58b495394109191cac15d66b230808cd3bb7a1a7dbf411c92599b5f6e5d7
session_20260710_125441,542,WAITING_IN_PROGRESS,assets/replay/sessions/session_20260710_125441/frames/000542.jpg,crops/session_20260710_125441/000542.png,940,36,1620,100,0ad55b65179579542543a2523fc85cb315d6560d2587c8eb9e2b6110f17a4276
session_20260710_125441,543,WAITING_IN_PROGRESS,assets/replay/sessions/session_20260710_125441/frames/000543.jpg,crops/session_20260710_125441/000543.png,940,36,1620,100,96a5daaec6aa41548549df6be34f3624ec0c94c65d8a1ee939f141cf4f420058
session_20260710_125441,544,WAITING_IN_PROGRESS,assets/replay/sessions/session_20260710_125441/frames/000544.jpg,crops/session_20260710_125441/000544.png,940,36,1620,100,d17db125f9f9b45703b0171549f21159b42730cde0667cb8ba65bf7fda17d2e2
session_20260710_125441,545,WAITING_IN_PROGRESS,assets/replay/sessions/session_20260710_125441/frames/000545.jpg,crops/session_20260710_125441/000545.png,940,36,1620,100,766866ff5ac0c90357cb8918797288ae31c8e6274816f199d3ff9ac4b4ef64e6
session_20260710_125441,546,WAITING_IN_PROGRESS,assets/replay/sessions/session_20260710_125441/frames/000546.jpg,crops/session_20260710_125441/000546.png,940,36,1620,100,38e1a9dfccb85e4bbb45d0c0a69fcd69597f5e154c7390b4f247ed3e43ae4a78
session_20260710_125441,547,WAITING_IN_PROGRESS,assets/replay/sessions/session_20260710_125441/frames/000547.jpg,crops/session_20260710_125441/000547.png,940,36,1620,100,1d169f5b63a4685a34dbbab0cce56b4cc8529c40b0936dda44066b0b0ffbd4f9
session_20260710_125441,548,WAITING_IN_PROGRESS,assets/replay/sessions/session_20260710_125441/frames/000548.jpg,crops/session_20260710_125441/000548.png,940,36,1620,100,407805bd79b55039f54ff4500acf3a82ed084107d9539c8aba52ff5deb5dfc61
session_20260710_125441,549,WAITING_IN_PROGRESS,assets/replay/sessions/session_20260710_125441/frames/000549.jpg,crops/session_20260710_125441/000549.png,940,36,1620,100,4eedae029cf96165ad290e098803e17c4be25d97353c159b148f42884ade90ea
session_20260710_125441,550,WAITING_IN_PROGRESS,assets/replay/sessions/session_20260710_125441/frames/000550.jpg,crops/session_20260710_125441/000550.png,940,36,1620,100,7124ea21845f4947e9dd39ed7839fd44372dc7fc59e5042e408eb9ad6c4d9c56
session_20260710_125441,551,WAITING_IN_PROGRESS,assets/replay/sessions/session_20260710_125441/frames/000551.jpg,crops/session_20260710_125441/000551.png,940,36,1620,100,41ff0fd3b56cec4cfb255ae144f498250d48a0e294b4f24ecae8cc58fe0b342d
session_20260710_125441,552,WAITING_IN_PROGRESS,assets/replay/sessions/session_20260710_125441/frames/000552.jpg,crops/session_20260710_125441/000552.png,940,36,1620,100,94be0646836885f77f8d35a0aa002883d8faaf4aaae08e7aacee8176abcec03a
session_20260710_125441,553,WAITING_IN_PROGRESS,assets/replay/sessions/session_20260710_125441/frames/000553.jpg,crops/session_20260710_125441/000553.png,940,36,1620,100,69a6a678e24de3d66273dd237a0cbe42d7935fefdbb60bdac6d38d6913f2290a
session_20260710_125441,554,WAITING_IN_PROGRESS,assets/replay/sessions/session_20260710_125441/frames/000554.jpg,crops/session_20260710_125441/000554.png,940,36,1620,100,4de3ca54d1b7866b2fb57a0aff54c4697fbac5c5ac728ef08557abc1d1c5d048
session_20260710_125441,555,WAITING_IN_PROGRESS,assets/replay/sessions/session_20260710_125441/frames/000555.jpg,crops/session_20260710_125441/000555.png,940,36,1620,100,1ba5dd8c85a31c49fc01dc7041c20bc0dc06a3b8bfc3829fb9e012587603393d
session_20260710_125441,556,WAITING_IN_PROGRESS,assets/replay/sessions/session_20260710_125441/frames/000556.jpg,crops/session_20260710_125441/000556.png,940,36,1620,100,81169f061a68c8c09a2f70fe7c7fff83f288d6973a6008ab5456e8feed78fbf0
session_20260710_125441,557,WAITING_IN_PROGRESS,assets/replay/sessions/session_20260710_125441/frames/000557.jpg,crops/session_20260710_125441/000557.png,940,36,1620,100,19d9f2a046ed67cf6e47c267d206344179c8af21ef3558645da132b347edd10d
session_20260710_125441,558,WAITING_IN_PROGRESS,assets/replay/sessions/session_20260710_125441/frames/000558.jpg,crops/session_20260710_125441/000558.png,940,36,1620,100,2dacb61409b1f2cf71d3381b0bc19709a7491f96ec7d1c8e0d28353af283294b
session_20260710_125441,559,WAITING_IN_PROGRESS,assets/replay/sessions/session_20260710_125441/frames/000559.jpg,crops/session_20260710_125441/000559.png,940,36,1620,100,cd1a76d3b19cab76b17bc86ff704ba59dfd7d0ecd845908dfd42b35d6baa29df
session_20260710_125441,560,WAITING_IN_PROGRESS,assets/replay/sessions/session_20260710_125441/frames/000560.jpg,crops/session_20260710_125441/000560.png,940,36,1620,100,f7681d2efa4c5d7c119a0cd101ed2cc804b68102573ed0c89ccbc0c51aff70ff
session_20260710_125441,561,WAITING_IN_PROGRESS,assets/replay/sessions/session_20260710_125441/frames/000561.jpg,crops/session_20260710_125441/000561.png,940,36,1620,100,cae3df3d8b2acfc814bef6e842066f5bc24df73310e2da3a6b2e064471e8eb34
session_20260710_125441,562,WAITING_IN_PROGRESS,assets/replay/sessions/session_20260710_125441/frames/000562.jpg,crops/session_20260710_125441/000562.png,940,36,1620,100,82e4a52a69203462a975f19a922f58f6dea8d7e914a3e7ed23bca21190c10e03
session_20260710_125441,563,WAITING_IN_PROGRESS,assets/replay/sessions/session_20260710_125441/frames/000563.jpg,crops/session_20260710_125441/000563.png,940,36,1620,100,fb0e89a090ee02c45408ca96c54f182873086df1ae25795ad396ef8069de9c34
session_20260710_125441,564,WAITING_IN_PROGRESS,assets/replay/sessions/session_20260710_125441/frames/000564.jpg,crops/session_20260710_125441/000564.png,940,36,1620,100,562ba0dc8716b8bd536cb044bb87bdd483f8cce9b5dd1eba7ba469026c86b4cb
session_20260710_125441,565,WAITING_IN_PROGRESS,assets/replay/sessions/session_20260710_125441/frames/000565.jpg,crops/session_20260710_125441/000565.png,940,36,1620,100,47aaa1bcfb900fcfd5e30c7e52b053d48095db0931a032578fdd123bdaa4bf78
session_20260710_125441,566,WAITING_IN_PROGRESS,assets/replay/sessions/session_20260710_125441/frames/000566.jpg,crops/session_20260710_125441/000566.png,940,36,1620,100,4a2f487b05ba6fe5d545c72d10f07bbd24fa4cb0d92e40b0a4c5e7a16c0da5be
session_20260710_125441,567,WAITING_IN_PROGRESS,assets/replay/sessions/session_20260710_125441/frames/000567.jpg,crops/session_20260710_125441/000567.png,940,36,1620,100,5c594115ced57d171ef0387b196f59e56cd9e5fad47b1e171d2a608accc16b04
session_20260710_125441,568,WAITING_IN_PROGRESS,assets/replay/sessions/session_20260710_125441/frames/000568.jpg,crops/session_20260710_125441/000568.png,940,36,1620,100,9098ee7a549f8fe48ea626bd057367b13ec4b80e5493d93116cbdac584d700fb
session_20260710_125441,569,WAITING_IN_PROGRESS,assets/replay/sessions/session_20260710_125441/frames/000569.jpg,crops/session_20260710_125441/000569.png,940,36,1620,100,e141e3d84b2819b37cef6ec80f8188ddf348b148600fdf12d04818c79b2cb4b7
session_20260710_125441,570,WAITING_IN_PROGRESS,assets/replay/sessions/session_20260710_125441/frames/000570.jpg,crops/session_20260710_125441/000570.png,940,36,1620,100,4c012b9b37069feae9ec84710524a88d1b0c14d5291f93685196043596714119
session_20260710_125441,571,WAITING_IN_PROGRESS,assets/replay/sessions/session_20260710_125441/frames/000571.jpg,crops/session_20260710_125441/000571.png,940,36,1620,100,0efc0b114c1f8012a0954ab1188fe058b58ffd5315221866ee1e929304d2fe51
session_20260710_125441,572,WAITING_IN_PROGRESS,assets/replay/sessions/session_20260710_125441/frames/000572.jpg,crops/session_20260710_125441/000572.png,940,36,1620,100,d072f31e918bc2d0aa02479240c917ebe1db8e39dd6f71caa62b802aa4ea831b
session_20260710_125441,573,WAITING_IN_PROGRESS,assets/replay/sessions/session_20260710_125441/frames/000573.jpg,crops/session_20260710_125441/000573.png,940,36,1620,100,9067110d468f55ced7d34eb796f61e1564d49714023d3091ff2fa17dba8ded79
session_20260710_125441,574,WAITING_IN_PROGRESS,assets/replay/sessions/session_20260710_125441/frames/000574.jpg,crops/session_20260710_125441/000574.png,940,36,1620,100,132035b396663887e2599674db9bc77520f332b056337985487074751ef1bdb2
session_20260710_125441,575,WAITING_IN_PROGRESS,assets/replay/sessions/session_20260710_125441/frames/000575.jpg,crops/session_20260710_125441/000575.png,940,36,1620,100,b8979c18a0730c34a27c108fa40a015e6a0f4512535d399fc0888cb51349fe2f
session_20260710_125441,576,WAITING_IN_PROGRESS,assets/replay/sessions/session_20260710_125441/frames/000576.jpg,crops/session_20260710_125441/000576.png,940,36,1620,100,bd4015fddd28849e6f7512e33e17894ac255396dc56cd7c3255f161a57e4f370
session_20260710_125441,577,WAITING_IN_PROGRESS,assets/replay/sessions/session_20260710_125441/frames/000577.jpg,crops/session_20260710_125441/000577.png,940,36,1620,100,e8ea67226606e138022a4bfe2191accec962c019c4f664b9440ee2ae7d1ee70c
session_20260710_125441,578,WAITING_IN_PROGRESS,assets/replay/sessions/session_20260710_125441/frames/000578.jpg,crops/session_20260710_125441/000578.png,940,36,1620,100,fb435bde943a0abf58c4a3e38f1730b1ad9de38b318dd3915e38b1e30d0b41a5
session_20260710_125441,579,WAITING_IN_PROGRESS,assets/replay/sessions/session_20260710_125441/frames/000579.jpg,crops/session_20260710_125441/000579.png,940,36,1620,100,3e726073380201dc4f539e04168c073ece7b16a3f0bd47adb0c0dc055b654dd9
session_20260710_125441,580,WAITING_IN_PROGRESS,assets/replay/sessions/session_20260710_125441/frames/000580.jpg,crops/session_20260710_125441/000580.png,940,36,1620,100,47b1157579b09f0e895975d1153d67704d0c4ba412c6fb261127e5c1fccdb964
session_20260710_125441,581,WAITING_IN_PROGRESS,assets/replay/sessions/session_20260710_125441/frames/000581.jpg,crops/session_20260710_125441/000581.png,940,36,1620,100,34d03d8b5515af632e4c7521923a666ba87fea556f31b2661b5758e916137f64
session_20260710_125441,582,WAITING_IN_PROGRESS,assets/replay/sessions/session_20260710_125441/frames/000582.jpg,crops/session_20260710_125441/000582.png,940,36,1620,100,2a533c63d8531bc8a589ec2908999089c89c9740d3a966a9c662d8306f236401
session_20260710_125441,583,WAITING_IN_PROGRESS,assets/replay/sessions/session_20260710_125441/frames/000583.jpg,crops/session_20260710_125441/000583.png,940,36,1620,100,2e863d89ad8f629a3974f45f90daa084d59f23eff54e098bcc8a87cec22c3d76
session_20260710_125441,584,WAITING_IN_PROGRESS,assets/replay/sessions/session_20260710_125441/frames/000584.jpg,crops/session_20260710_125441/000584.png,940,36,1620,100,437cd9be5b425f5c94f7c31ae31b0192fea80b96744271492faf133e0ed07c33
session_20260710_125441,585,WAITING_IN_PROGRESS,assets/replay/sessions/session_20260710_125441/frames/000585.jpg,crops/session_20260710_125441/000585.png,940,36,1620,100,71ba2ca499f0209438230424a7d4f4dc99d8485cf26972409180e22bcf75b5d5
session_20260710_125441,586,WAITING_IN_PROGRESS,assets/replay/sessions/session_20260710_125441/frames/000586.jpg,crops/session_20260710_125441/000586.png,940,36,1620,100,238f9baeb6bbd155d39d08fbe26b2dbcac9cbb9fa725ba5a9387a1f142072503
session_20260710_125441,587,WAITING_IN_PROGRESS,assets/replay/sessions/session_20260710_125441/frames/000587.jpg,crops/session_20260710_125441/000587.png,940,36,1620,100,ee3086a5670159bee58944b466a851950c94942b24ea13ef07217a87bc252563
session_20260710_125441,588,WAITING_IN_PROGRESS,assets/replay/sessions/session_20260710_125441/frames/000588.jpg,crops/session_20260710_125441/000588.png,940,36,1620,100,81bd1918abc0a2304ac8a4848d802d7fa3f53ca44e17e132d1bc9d58ad14cd68
session_20260710_125441,589,WAITING_IN_PROGRESS,assets/replay/sessions/session_20260710_125441/frames/000589.jpg,crops/session_20260710_125441/000589.png,940,36,1620,100,1b3764dab60ef2960855d9d0c22246f35e9d4b2a970ec13e5ac8d7cf474d702a
session_20260710_125441,590,WAITING_IN_PROGRESS,assets/replay/sessions/session_20260710_125441/frames/000590.jpg,crops/session_20260710_125441/000590.png,940,36,1620,100,6ffc4cc6c5e4a4991e2bb4f94d22e56c21aa9572f1ee27366c9952ec4e69a7ca
session_20260710_125441,591,WAITING_IN_PROGRESS,assets/replay/sessions/session_20260710_125441/frames/000591.jpg,crops/session_20260710_125441/000591.png,940,36,1620,100,825ac504493d3af0a7022824e5e1988211e6c671360d36978161153527e9d423
session_20260710_125441,592,WAITING_IN_PROGRESS,assets/replay/sessions/session_20260710_125441/frames/000592.jpg,crops/session_20260710_125441/000592.png,940,36,1620,100,3c5f124e02e48e747f3a34eef8965f22b92bb785cc606e220918a1655924df91
session_20260710_125441,593,WAITING_IN_PROGRESS,assets/replay/sessions/session_20260710_125441/frames/000593.jpg,crops/session_20260710_125441/000593.png,940,36,1620,100,47572973948893b51aafc14f23c121e93aee13c96c6e929e60e4b1f6076f7f88
session_20260710_125441,594,WAITING_IN_PROGRESS,assets/replay/sessions/session_20260710_125441/frames/000594.jpg,crops/session_20260710_125441/000594.png,940,36,1620,100,504b1215e17bd0db2a32cc796cc077c14bf8d8da0685baaf9aff0432048daea4
session_20260710_125441,595,WAITING_IN_PROGRESS,assets/replay/sessions/session_20260710_125441/frames/000595.jpg,crops/session_20260710_125441/000595.png,940,36,1620,100,4dd850338b7ac00bbfdf8345d2e144e6a4a1dc7cf9e4c70c4defc65046fbba69
session_20260710_125441,596,WAITING_IN_PROGRESS,assets/replay/sessions/session_20260710_125441/frames/000596.jpg,crops/session_20260710_125441/000596.png,940,36,1620,100,667f31462f68de17b6bcfc3442753bc569a1b0e4a335be20183e8f6741f6239d
session_20260710_125441,597,WAITING_IN_PROGRESS,assets/replay/sessions/session_20260710_125441/frames/000597.jpg,crops/session_20260710_125441/000597.png,940,36,1620,100,6c2504ca8f91d76650ecd90b8839fa1c0bf7483c440e8bce7b00e3f925074f39
session_20260710_125441,598,WAITING_IN_PROGRESS,assets/replay/sessions/session_20260710_125441/frames/000598.jpg,crops/session_20260710_125441/000598.png,940,36,1620,100,aa9f69e013fb0cd46387c431af491b4edd3d9987d0610f426681e4f3e0e63ecd
session_20260710_125441,599,WAITING_IN_PROGRESS,assets/replay/sessions/session_20260710_125441/frames/000599.jpg,crops/session_20260710_125441/000599.png,940,36,1620,100,e8462bb2f988af5bc033bf348f755a62b1103b830a574d9aafc15f139ab3658e
session_20260710_125441,600,WAITING_IN_PROGRESS,assets/replay/sessions/session_20260710_125441/frames/000600.jpg,crops/session_20260710_125441/000600.png,940,36,1620,100,a6e2064b60a51e434715a1b440ebd20bbd7398798dd6eb13c98af796de134cab
session_20260710_130308,1,READY_BITE,assets/replay/sessions/session_20260710_130308/frames/000001.jpg,crops/session_20260710_130308/000001.png,940,36,1620,100,66ad8f3c7af8e2914216ace68cb427b27ea431b12608ac1850a1322a07f63014
session_20260710_130308,2,READY_BITE,assets/replay/sessions/session_20260710_130308/frames/000002.jpg,crops/session_20260710_130308/000002.png,940,36,1620,100,633aadb2c1d40987931a0823f94e54172f41b7ff3dbb48960f539410d3f14ab0
session_20260710_130308,3,READY_BITE,assets/replay/sessions/session_20260710_130308/frames/000003.jpg,crops/session_20260710_130308/000003.png,940,36,1620,100,f5940334e83313a81cddc9ea3597212383b253a278acce45b95963d9b3b7e559
session_20260710_130308,4,READY_BITE,assets/replay/sessions/session_20260710_130308/frames/000004.jpg,crops/session_20260710_130308/000004.png,940,36,1620,100,9572a06d42739ebfe854d758d8b35373336da405ced67e2b3e690f0cf79c4a0c
session_20260710_130308,5,READY_BITE,assets/replay/sessions/session_20260710_130308/frames/000005.jpg,crops/session_20260710_130308/000005.png,940,36,1620,100,38cba063ad12d129c8aef4d2b9e209251a60d9fc920bb54a3b037fa4414b9ea9
session_20260710_130308,6,READY_BITE,assets/replay/sessions/session_20260710_130308/frames/000006.jpg,crops/session_20260710_130308/000006.png,940,36,1620,100,c41dc0e9e8e1d42b6fb063bb8a1eed6162da504e4822eda554e78cd8b21daef8
session_20260710_130308,7,READY_BITE,assets/replay/sessions/session_20260710_130308/frames/000007.jpg,crops/session_20260710_130308/000007.png,940,36,1620,100,f2df1e2305048aa071f1bf5d97a4de5f1c3dbb803d0740bb6612275826c80ece
session_20260710_130308,8,READY_BITE,assets/replay/sessions/session_20260710_130308/frames/000008.jpg,crops/session_20260710_130308/000008.png,940,36,1620,100,2b4f29863da5b4693de1ec80c7412b71b7701ac4f5455cf3ea75009810a4ad93
session_20260710_130308,9,READY_BITE,assets/replay/sessions/session_20260710_130308/frames/000009.jpg,crops/session_20260710_130308/000009.png,940,36,1620,100,7be92ca5d7dd98e0d724074c170e603ee897c139c9f7965186579149f908b614
session_20260710_130308,10,READY_BITE,assets/replay/sessions/session_20260710_130308/frames/000010.jpg,crops/session_20260710_130308/000010.png,940,36,1620,100,834e4852a3f2d52f6ebdaf71962e9f104692b19a2f90453d0b2e66d58e89bd1d
session_20260710_130308,11,READY_BITE,assets/replay/sessions/session_20260710_130308/frames/000011.jpg,crops/session_20260710_130308/000011.png,940,36,1620,100,577822e48962b814f65aef5785dbe205a1d8df784b9d8b418dc7d061c2dfb999
session_20260710_130308,12,READY_BITE,assets/replay/sessions/session_20260710_130308/frames/000012.jpg,crops/session_20260710_130308/000012.png,940,36,1620,100,03569e4c2fb15ee9a71b41ee42f49b729f8eb3c37981e5754df2e97a8f403ac1
session_20260710_130308,13,READY_BITE,assets/replay/sessions/session_20260710_130308/frames/000013.jpg,crops/session_20260710_130308/000013.png,940,36,1620,100,97fedfe3ae627695dfd287bbdab49d698263abd3e29003626e73e95c6a30195b
session_20260710_130308,14,READY_BITE,assets/replay/sessions/session_20260710_130308/frames/000014.jpg,crops/session_20260710_130308/000014.png,940,36,1620,100,c87c4092baa6b5b7b198eb0ddad57900a250711bed83bf1469bf8637f7adcfc5
session_20260710_130308,15,READY_BITE,assets/replay/sessions/session_20260710_130308/frames/000015.jpg,crops/session_20260710_130308/000015.png,940,36,1620,100,73f0b598725dda6ea61699a95dce7166c5cf4c06fdeecc9aaca6677145ccc61b
session_20260710_130308,16,READY_BITE,assets/replay/sessions/session_20260710_130308/frames/000016.jpg,crops/session_20260710_130308/000016.png,940,36,1620,100,a98c82aef0bdd3473af7f469e72ea281c84cdf7890bc031f5cfc4a9f53a00361
session_20260710_130308,17,READY_BITE,assets/replay/sessions/session_20260710_130308/frames/000017.jpg,crops/session_20260710_130308/000017.png,940,36,1620,100,31a21d4864f38f64637ddaea720a527589ba3d254196cbecc506afc6abebf9e3
session_20260710_130308,18,READY_BITE,assets/replay/sessions/session_20260710_130308/frames/000018.jpg,crops/session_20260710_130308/000018.png,940,36,1620,100,3f9bddf934a9297f9aeda7facd1ca933340d0ae5fbedb35f6668e2ee5517577d
session_20260710_130308,19,READY_BITE,assets/replay/sessions/session_20260710_130308/frames/000019.jpg,crops/session_20260710_130308/000019.png,940,36,1620,100,ab41341e90e8827f485377e638ce0b7f6fbbe5baf19e402f33a1125b50a24b86
session_20260710_130308,20,READY_BITE,assets/replay/sessions/session_20260710_130308/frames/000020.jpg,crops/session_20260710_130308/000020.png,940,36,1620,100,23e8e0c00efd1fa9105692f138de2e26e7f515f672171a2ab82fab8239876348
session_20260710_130308,21,HOOK_INSTRUCTION,assets/replay/sessions/session_20260710_130308/frames/000021.jpg,crops/session_20260710_130308/000021.png,940,36,1620,100,4653f20be40145da7f1fbbd3767e1e2b79ebf636ba0707add4e86ca46ba4329f
session_20260710_130308,22,HOOK_INSTRUCTION,assets/replay/sessions/session_20260710_130308/frames/000022.jpg,crops/session_20260710_130308/000022.png,940,36,1620,100,b190cf93931f4683504fbd6d89a638bd706d5b24d3200604ddd51ba3878876e9
session_20260710_130308,23,HOOK_INSTRUCTION,assets/replay/sessions/session_20260710_130308/frames/000023.jpg,crops/session_20260710_130308/000023.png,940,36,1620,100,0a7d055f51289fc44c2f33eb6275ee7f8bbe2a7928ea3b8299df736c6f6d4bd5
session_20260710_130308,24,HOOK_INSTRUCTION,assets/replay/sessions/session_20260710_130308/frames/000024.jpg,crops/session_20260710_130308/000024.png,940,36,1620,100,a04639f8b3d0e94982c7c41e273c2612e87c6c0962f854b6442ef42779075a72
session_20260710_130308,25,HOOK_INSTRUCTION,assets/replay/sessions/session_20260710_130308/frames/000025.jpg,crops/session_20260710_130308/000025.png,940,36,1620,100,fc23dd20520290bb9a6d669bc2ebfd5cfc5e25a43b4c3d0c5e3b0885c4a250dc
session_20260710_130308,26,HOOK_INSTRUCTION,assets/replay/sessions/session_20260710_130308/frames/000026.jpg,crops/session_20260710_130308/000026.png,940,36,1620,100,194dc73dfb0f54fa5881b3ebd7ccce930591264fbb0960ff089828d78fe964fb
session_20260710_130308,27,HOOK_INSTRUCTION,assets/replay/sessions/session_20260710_130308/frames/000027.jpg,crops/session_20260710_130308/000027.png,940,36,1620,100,a632f43fbe0bbe13d0489552ce529a7d47890ff5efcb6077ca55dc5a402dd090
session_20260710_130308,28,HOOK_INSTRUCTION,assets/replay/sessions/session_20260710_130308/frames/000028.jpg,crops/session_20260710_130308/000028.png,940,36,1620,100,6a65a8830e9ada7bbc4552db73eac8e41bb317a57324c6754c9a160aae56517f
session_20260710_130308,29,HOOK_INSTRUCTION,assets/replay/sessions/session_20260710_130308/frames/000029.jpg,crops/session_20260710_130308/000029.png,940,36,1620,100,0a250b07561b8d00eee480efa5ece97fee8819580dceada9d486295df516415b
session_20260710_130308,30,HOOK_INSTRUCTION,assets/replay/sessions/session_20260710_130308/frames/000030.jpg,crops/session_20260710_130308/000030.png,940,36,1620,100,0c60003d59ab0d49b24163c9be35de1e9fc392307f2d953ce95f36d827b45444
session_20260710_130308,31,HOOK_INSTRUCTION,assets/replay/sessions/session_20260710_130308/frames/000031.jpg,crops/session_20260710_130308/000031.png,940,36,1620,100,5bd1260de2cfef3ec48a0bb3136ea775e8f82e53b4e454deb089a39f4a6e47b1
session_20260710_130308,32,HOOK_INSTRUCTION,assets/replay/sessions/session_20260710_130308/frames/000032.jpg,crops/session_20260710_130308/000032.png,940,36,1620,100,cdb4e55d8ae07c82469389f7eacdb69c890166f3981482ea3af91602ef2595c5
session_20260710_130308,33,HOOK_INSTRUCTION,assets/replay/sessions/session_20260710_130308/frames/000033.jpg,crops/session_20260710_130308/000033.png,940,36,1620,100,b23ab74a2db5eb26fd064ba492fc406ba1969e2f5923df01d99f4ee0c5a1b0f5
session_20260710_130308,34,HOOK_INSTRUCTION,assets/replay/sessions/session_20260710_130308/frames/000034.jpg,crops/session_20260710_130308/000034.png,940,36,1620,100,e32430d12ec3477bfe38d68db73c046f6b3137e2136a363ff5a31f77080176a2
session_20260710_130308,35,HOOK_INSTRUCTION,assets/replay/sessions/session_20260710_130308/frames/000035.jpg,crops/session_20260710_130308/000035.png,940,36,1620,100,a417c4b9d0e87232f3e92e093cd8c7152e1200520d64574507e5477632907ac2
session_20260710_130308,36,HOOK_INSTRUCTION,assets/replay/sessions/session_20260710_130308/frames/000036.jpg,crops/session_20260710_130308/000036.png,940,36,1620,100,d8c8b3eedb6670e628530808d54299c2af2dfb00608988cc9d7d4ca6824c0fb8
session_20260710_130308,37,HOOK_INSTRUCTION,assets/replay/sessions/session_20260710_130308/frames/000037.jpg,crops/session_20260710_130308/000037.png,940,36,1620,100,db85dde24ec1b6851ec111d6a04bb10f5151bd79109da665668502ae3e39efba
session_20260710_130308,38,HOOK_INSTRUCTION,assets/replay/sessions/session_20260710_130308/frames/000038.jpg,crops/session_20260710_130308/000038.png,940,36,1620,100,e66358728f70f960ce93f95046b6b76585a113e2c6ff46092f2180687a24dc08
session_20260710_130308,39,HOOK_INSTRUCTION,assets/replay/sessions/session_20260710_130308/frames/000039.jpg,crops/session_20260710_130308/000039.png,940,36,1620,100,bdf5fc45345519a6d655488dedf471c43353dcae5d1d4baeb9b6ad7477c8fd34
session_20260710_130308,40,HOOK_INSTRUCTION,assets/replay/sessions/session_20260710_130308/frames/000040.jpg,crops/session_20260710_130308/000040.png,940,36,1620,100,f278374bad154fea6d9fbc18243c681aa909ac2688e9f714228939320aea78d2
session_20260710_130308,41,HOOK_INSTRUCTION,assets/replay/sessions/session_20260710_130308/frames/000041.jpg,crops/session_20260710_130308/000041.png,940,36,1620,100,8fbcb9c72a6ac8c949430116b4e67cc138f30a8bad4f63b9e97c487666a6bfc3
session_20260710_130308,42,HOOK_INSTRUCTION,assets/replay/sessions/session_20260710_130308/frames/000042.jpg,crops/session_20260710_130308/000042.png,940,36,1620,100,3c564624515a94ba3bc2b3951b28ae306a45b14769ad0fd3c5c63771c5740604
session_20260710_130308,43,HOOK_INSTRUCTION,assets/replay/sessions/session_20260710_130308/frames/000043.jpg,crops/session_20260710_130308/000043.png,940,36,1620,100,15f3b48c7803b11874620d9830d34b80fcc712de545868d162f4bbd647a258ca
session_20260710_130308,44,HOOK_INSTRUCTION,assets/replay/sessions/session_20260710_130308/frames/000044.jpg,crops/session_20260710_130308/000044.png,940,36,1620,100,e5a330dec2dc8ac6a93c02947d3e379651c064cac5f583ea8e413f681f96968c
session_20260710_130308,45,HOOK_INSTRUCTION,assets/replay/sessions/session_20260710_130308/frames/000045.jpg,crops/session_20260710_130308/000045.png,940,36,1620,100,43e181194fe4b8d728b2c1f8bab61cc6e73e26a45a311e009166536d9aaf7d6d
session_20260710_130308,46,HOOK_INSTRUCTION,assets/replay/sessions/session_20260710_130308/frames/000046.jpg,crops/session_20260710_130308/000046.png,940,36,1620,100,e0bd34d78c5800d388388b5aefa707636256eeb2b07dce990fdd321e9ac00bc0
session_20260710_130308,47,IGNORE,assets/replay/sessions/session_20260710_130308/frames/000047.jpg,crops/session_20260710_130308/000047.png,940,36,1620,100,cbc4233a5c666e3164087b2460a3267ea2e33f26708b9aa5ccccb3c35bb4ebb9
session_20260710_130308,48,IGNORE,assets/replay/sessions/session_20260710_130308/frames/000048.jpg,crops/session_20260710_130308/000048.png,940,36,1620,100,bc09a64b90446e62cfdc9fc1e122b54f4e221bf5d02197638d047998218ff417
session_20260710_130308,49,IGNORE,assets/replay/sessions/session_20260710_130308/frames/000049.jpg,crops/session_20260710_130308/000049.png,940,36,1620,100,49515e80e5f4f1d7e0f247dc150a1f88caeeea5eb3f3c783fceadf51c47510b5
session_20260710_130308,50,IGNORE,assets/replay/sessions/session_20260710_130308/frames/000050.jpg,crops/session_20260710_130308/000050.png,940,36,1620,100,1a578f8b1be020ac55d23a8ad8580a9723c989d267235065e6bd3e509f2fdeb6
session_20260710_130308,51,IGNORE,assets/replay/sessions/session_20260710_130308/frames/000051.jpg,crops/session_20260710_130308/000051.png,940,36,1620,100,a07dbe6f5564c0204bfb71ed3bf4b633ae13bc871db55eb53ec95aef8cbc5a4b
session_20260710_130308,52,IGNORE,assets/replay/sessions/session_20260710_130308/frames/000052.jpg,crops/session_20260710_130308/000052.png,940,36,1620,100,6d642dfa8dfafa6303b3d72280d869e66798f7faea8ee63707ec490e1128e05f
session_20260710_130308,53,IGNORE,assets/replay/sessions/session_20260710_130308/frames/000053.jpg,crops/session_20260710_130308/000053.png,940,36,1620,100,9d36e46ec66fa6766727b3fff8126a3237b953b43859f7e8740f65f975df8d62
session_20260710_130308,54,IGNORE,assets/replay/sessions/session_20260710_130308/frames/000054.jpg,crops/session_20260710_130308/000054.png,940,36,1620,100,aa655cc6718c1f22a7b5952d25be887d6ab9036e7f4553c322c471bfac2e88ad
session_20260710_130308,55,IGNORE,assets/replay/sessions/session_20260710_130308/frames/000055.jpg,crops/session_20260710_130308/000055.png,940,36,1620,100,da30e4c1bcc7290076f736741c36466da471ffde944cd34ba47fa7aaf7246278
session_20260710_130308,56,IGNORE,assets/replay/sessions/session_20260710_130308/frames/000056.jpg,crops/session_20260710_130308/000056.png,940,36,1620,100,ceaac6d21387add5b65b120748b02c769d3ab1a746f99d96cdacf5ac0df1b0d2
session_20260710_130308,57,IGNORE,assets/replay/sessions/session_20260710_130308/frames/000057.jpg,crops/session_20260710_130308/000057.png,940,36,1620,100,e35e63f371b6be5f188da7d8f7bc99516771c8dac496984b5fb9351a276c8768
session_20260710_130308,58,IGNORE,assets/replay/sessions/session_20260710_130308/frames/000058.jpg,crops/session_20260710_130308/000058.png,940,36,1620,100,a8d5d2bbedd1b7406eaab2aca3d1b24d52ec69a076be3c92c64cbf093517c5a6
session_20260710_130308,59,IGNORE,assets/replay/sessions/session_20260710_130308/frames/000059.jpg,crops/session_20260710_130308/000059.png,940,36,1620,100,f70831563dbb7e794664a7dcd0ae967c629bf72b0b6227c78bb40a473caaedb5
session_20260710_130308,60,IGNORE,assets/replay/sessions/session_20260710_130308/frames/000060.jpg,crops/session_20260710_130308/000060.png,940,36,1620,100,ce7a086bbc30dd79c9173e2932fa796173d2bd7ec827e83dc561e8db8ad9edb1
session_20260710_130308,61,IGNORE,assets/replay/sessions/session_20260710_130308/frames/000061.jpg,crops/session_20260710_130308/000061.png,940,36,1620,100,4405f06fe1f92fe4c5415cf58c3402320b0fafcd5f1c33fdc5971f7e65e52c6a
session_20260710_130308,62,IGNORE,assets/replay/sessions/session_20260710_130308/frames/000062.jpg,crops/session_20260710_130308/000062.png,940,36,1620,100,71b25649fba91772fee72118967441d49c45e547034901fc7cbf56f403543f7d
session_20260710_130308,63,IDLE_CAST,assets/replay/sessions/session_20260710_130308/frames/000063.jpg,crops/session_20260710_130308/000063.png,940,36,1620,100,c3e58a29125d1bcf78bdc052663a44ec0f8ff3a1bf15f93e5df55768f3541484
session_20260710_130308,64,IDLE_CAST,assets/replay/sessions/session_20260710_130308/frames/000064.jpg,crops/session_20260710_130308/000064.png,940,36,1620,100,e3a39e80a21a509209cab1e69d28e36c6d6af395cdea778d6b66c4e65df83cd7
session_20260710_130308,65,IDLE_CAST,assets/replay/sessions/session_20260710_130308/frames/000065.jpg,crops/session_20260710_130308/000065.png,940,36,1620,100,0390831cec24716a8e21a299baac13f07e2c2700a0889e02963bea285a2e702b
session_20260710_130308,66,IDLE_CAST,assets/replay/sessions/session_20260710_130308/frames/000066.jpg,crops/session_20260710_130308/000066.png,940,36,1620,100,2efcd1a75104ad3d8cc0d3e47b025535316acafe6402648153de16b93f912eac
session_20260710_130308,67,IDLE_CAST,assets/replay/sessions/session_20260710_130308/frames/000067.jpg,crops/session_20260710_130308/000067.png,940,36,1620,100,61d281b013a89e0a99bf00ceeb6a41137aaf103f396704b70d7b9148e4d3510e
session_20260710_130308,68,IDLE_CAST,assets/replay/sessions/session_20260710_130308/frames/000068.jpg,crops/session_20260710_130308/000068.png,940,36,1620,100,695ebcbe0725177e9f76af928e4611ea08f057c5d6b6204e9c540a72d0c0fce1
session_20260710_130308,69,IDLE_CAST,assets/replay/sessions/session_20260710_130308/frames/000069.jpg,crops/session_20260710_130308/000069.png,940,36,1620,100,835d404411a9ccbd11d4999d37c8b67e398729f7781991c0274835e3fa10462b
session_20260710_130308,70,IDLE_CAST,assets/replay/sessions/session_20260710_130308/frames/000070.jpg,crops/session_20260710_130308/000070.png,940,36,1620,100,7e680921a7f269e27cbf733893d4594bc930f8bdad67bed6f315658ba12a7309
session_20260710_130308,71,IDLE_CAST,assets/replay/sessions/session_20260710_130308/frames/000071.jpg,crops/session_20260710_130308/000071.png,940,36,1620,100,a27b5e2739441113a0e62391c13c741d6dcb7c654c591960eb0ffd12bb6d4281
session_20260710_130308,72,IDLE_CAST,assets/replay/sessions/session_20260710_130308/frames/000072.jpg,crops/session_20260710_130308/000072.png,940,36,1620,100,89f1a732d41f5addae8c321759d1d8216a49084d794f4d0f5e8081cac6ecee10
session_20260710_130308,73,IDLE_CAST,assets/replay/sessions/session_20260710_130308/frames/000073.jpg,crops/session_20260710_130308/000073.png,940,36,1620,100,0e7985b858e819811de5b26caeb773b8fba1bab9b777861459406587a40d1426
session_20260710_130308,74,IDLE_CAST,assets/replay/sessions/session_20260710_130308/frames/000074.jpg,crops/session_20260710_130308/000074.png,940,36,1620,100,5c27fd024a398391b7bbf72a7a50ecbacf06bd98738695663830c8cabe3041ec
session_20260710_130308,75,IDLE_CAST,assets/replay/sessions/session_20260710_130308/frames/000075.jpg,crops/session_20260710_130308/000075.png,940,36,1620,100,bc011d8cb1b25239ff3a36ef438f9121a049f54eef4e1a4421b29f136717e5f4
session_20260710_130308,76,IDLE_CAST,assets/replay/sessions/session_20260710_130308/frames/000076.jpg,crops/session_20260710_130308/000076.png,940,36,1620,100,d8f5aaa2ff20db42122244ba302628d5d2aa57ed1f229d3d12ffafe4ec165564
session_20260710_130308,77,IDLE_CAST,assets/replay/sessions/session_20260710_130308/frames/000077.jpg,crops/session_20260710_130308/000077.png,940,36,1620,100,b1e5268a5a0aeb20aa4042aad40557fb37bf7799cc35c66f15c49d9e6876f0ab
session_20260710_130308,78,IDLE_CAST,assets/replay/sessions/session_20260710_130308/frames/000078.jpg,crops/session_20260710_130308/000078.png,940,36,1620,100,91a3ca907b4b421216fe0fdbcbad69b5caca348b2a8a5251b7b714584138bc53
session_20260710_130308,79,IDLE_CAST,assets/replay/sessions/session_20260710_130308/frames/000079.jpg,crops/session_20260710_130308/000079.png,940,36,1620,100,e036500f14c5a795cc66ada0b15f9d1dadb2b1165a52f69a86f3e545151e5f74
session_20260710_130308,80,IDLE_CAST,assets/replay/sessions/session_20260710_130308/frames/000080.jpg,crops/session_20260710_130308/000080.png,940,36,1620,100,7b94b24b2a9b01a51fdb2bb1c71c3436cf1825799d1a5eac15cc64417f4999d1
session_20260710_130308,81,IDLE_CAST,assets/replay/sessions/session_20260710_130308/frames/000081.jpg,crops/session_20260710_130308/000081.png,940,36,1620,100,e358125bee09bd5445d5a097c23f63eb2f7ff335b94eb42107faa17f2c89f8bf
session_20260710_130308,82,IDLE_CAST,assets/replay/sessions/session_20260710_130308/frames/000082.jpg,crops/session_20260710_130308/000082.png,940,36,1620,100,321e77c602cdd53e8480a6dbbbfeb8eb6b8f0eb05610e05a3edded2c31389d1c
session_20260710_130308,83,IDLE_CAST,assets/replay/sessions/session_20260710_130308/frames/000083.jpg,crops/session_20260710_130308/000083.png,940,36,1620,100,4d5de6e5b8181e2ac202167c52fa2add4181db6e7d6f514608beb29532bb1d49
session_20260710_130308,84,IDLE_CAST,assets/replay/sessions/session_20260710_130308/frames/000084.jpg,crops/session_20260710_130308/000084.png,940,36,1620,100,d4b9f4b03d33d3c525ac5ae4f7f61b0b50102e5355bc64b5410dcbd5558bda69
session_20260710_130308,85,IDLE_CAST,assets/replay/sessions/session_20260710_130308/frames/000085.jpg,crops/session_20260710_130308/000085.png,940,36,1620,100,e3b46a5d76a3c298964c8805677d186530036f27171c93ff704cf3f9d1c99ca4
session_20260710_130308,86,IDLE_CAST,assets/replay/sessions/session_20260710_130308/frames/000086.jpg,crops/session_20260710_130308/000086.png,940,36,1620,100,811ba34a773293ac167956d07b70f4fa0b7b5fcbed5e83e72d748329bc22bfb5
session_20260710_130308,87,IDLE_CAST,assets/replay/sessions/session_20260710_130308/frames/000087.jpg,crops/session_20260710_130308/000087.png,940,36,1620,100,ad2fc3e751ad6ec0199a3e9f73e81fee0ec99a74d41a174c681b1e70a4505c57
session_20260710_130308,88,IDLE_CAST,assets/replay/sessions/session_20260710_130308/frames/000088.jpg,crops/session_20260710_130308/000088.png,940,36,1620,100,3417f485afd404f1695cc356607fa3114dd72b9d1471fc5c94a566707aae8a51
session_20260710_130308,89,IDLE_CAST,assets/replay/sessions/session_20260710_130308/frames/000089.jpg,crops/session_20260710_130308/000089.png,940,36,1620,100,80bc50ecff68a4136bd7166352176c03bf380e9951c9e61fb7ee7b1eef923f45
session_20260710_130308,90,IDLE_CAST,assets/replay/sessions/session_20260710_130308/frames/000090.jpg,crops/session_20260710_130308/000090.png,940,36,1620,100,d94d8761bceed84fd3c38c80701250915f56a13f10f9a6802f3870f4e92be0ad
session_20260710_130308,91,IDLE_CAST,assets/replay/sessions/session_20260710_130308/frames/000091.jpg,crops/session_20260710_130308/000091.png,940,36,1620,100,4752beb46652fcad8526c636a65cf9d3f2f7a366cc11ab9a01b9307dbce53903
session_20260710_130308,92,IDLE_CAST,assets/replay/sessions/session_20260710_130308/frames/000092.jpg,crops/session_20260710_130308/000092.png,940,36,1620,100,cd9ba3fef8c527b0dfefedaec592cda37d8f32c14c50c51ff335d0ca1ed6c53a
session_20260710_130308,93,IDLE_CAST,assets/replay/sessions/session_20260710_130308/frames/000093.jpg,crops/session_20260710_130308/000093.png,940,36,1620,100,b85d4b7fd5907d8cf849c661a7aec30bd94769636d680040144430d26206b520
session_20260710_130308,94,IDLE_CAST,assets/replay/sessions/session_20260710_130308/frames/000094.jpg,crops/session_20260710_130308/000094.png,940,36,1620,100,debf6aba453580ca59a458a3485e83079bc6c916c10d8a92542fef8f8c1aecfd
session_20260710_130308,95,IDLE_CAST,assets/replay/sessions/session_20260710_130308/frames/000095.jpg,crops/session_20260710_130308/000095.png,940,36,1620,100,eb126b8bdd71381748d6116f3a2336918a31ea34d1f1a9445a2306e3e9686b71
session_20260710_130308,96,IDLE_CAST,assets/replay/sessions/session_20260710_130308/frames/000096.jpg,crops/session_20260710_130308/000096.png,940,36,1620,100,b1d23f190fe6ec35cebde23b059b4bfc61ab099a70cb5c20785a92c8f797c6a5
session_20260710_130308,97,IDLE_CAST,assets/replay/sessions/session_20260710_130308/frames/000097.jpg,crops/session_20260710_130308/000097.png,940,36,1620,100,be769d0ca54ad5e699e6f1904ad11791f50eac1f2d21ab1d6aeef5b40e1236ce
session_20260710_130308,98,IDLE_CAST,assets/replay/sessions/session_20260710_130308/frames/000098.jpg,crops/session_20260710_130308/000098.png,940,36,1620,100,f1e0a370c1aee28c4d75105ff21858214c3959d20b1ee6070e5c01a6530d785e
session_20260710_130308,99,IDLE_CAST,assets/replay/sessions/session_20260710_130308/frames/000099.jpg,crops/session_20260710_130308/000099.png,940,36,1620,100,4b4fc23d3856ca1bd1b400a39342213d1cefc60cf0d3baa1283f95206b2228c6
session_20260710_130308,100,WAITING_IN_PROGRESS,assets/replay/sessions/session_20260710_130308/frames/000100.jpg,crops/session_20260710_130308/000100.png,940,36,1620,100,d7d9bba5d8046e0094fe8f8111234e88fcace66f05e0d8f1cbf382d0ebf58c2b
session_20260710_130308,101,WAITING_IN_PROGRESS,assets/replay/sessions/session_20260710_130308/frames/000101.jpg,crops/session_20260710_130308/000101.png,940,36,1620,100,85834279dfaec8d1a3088b5ed3b59d79a9ce726f5346cfbdfd74a312c71cbd0b
session_20260710_130308,102,WAITING_IN_PROGRESS,assets/replay/sessions/session_20260710_130308/frames/000102.jpg,crops/session_20260710_130308/000102.png,940,36,1620,100,fb5bc2502860ff44af0e198427364792ca49b6ddfc7e21091884b5dd2b78af90
session_20260710_130308,103,WAITING_IN_PROGRESS,assets/replay/sessions/session_20260710_130308/frames/000103.jpg,crops/session_20260710_130308/000103.png,940,36,1620,100,2a75188eb986f5bb578f94faa5a3172a4190959bfd71ded7c1bbbe7c56419894
session_20260710_130308,104,WAITING_IN_PROGRESS,assets/replay/sessions/session_20260710_130308/frames/000104.jpg,crops/session_20260710_130308/000104.png,940,36,1620,100,eff799c6c59d77ae861d3843826728c94dd62e8ac35a915cfdae94955c2157a0
session_20260710_130308,105,WAITING_IN_PROGRESS,assets/replay/sessions/session_20260710_130308/frames/000105.jpg,crops/session_20260710_130308/000105.png,940,36,1620,100,017927f897554c933a0f08dc2109d015e4a798f16cdaacb98bb653c54d512158
session_20260710_130308,106,WAITING_IN_PROGRESS,assets/replay/sessions/session_20260710_130308/frames/000106.jpg,crops/session_20260710_130308/000106.png,940,36,1620,100,40ba2713d6c147b00a1a6a6e5bce7354ad5dea0151ee4aa10d3e6d342138a2ff
session_20260710_130308,107,WAITING_IN_PROGRESS,assets/replay/sessions/session_20260710_130308/frames/000107.jpg,crops/session_20260710_130308/000107.png,940,36,1620,100,127e34bc8b33d1af17ca3937126cb2db56a6019a30d67ffd48f6d5405c35bfca
session_20260710_130308,108,WAITING_IN_PROGRESS,assets/replay/sessions/session_20260710_130308/frames/000108.jpg,crops/session_20260710_130308/000108.png,940,36,1620,100,1105c2c30588fc4bbfe7f50912ad528f5dfa28713a0187bc56844b6005464de4
session_20260710_130308,109,WAITING_IN_PROGRESS,assets/replay/sessions/session_20260710_130308/frames/000109.jpg,crops/session_20260710_130308/000109.png,940,36,1620,100,326a2d51154375077879bd56fe8afd308804d9c7b360aae1cac6a3d456a98f68
session_20260710_130308,110,WAITING_IN_PROGRESS,assets/replay/sessions/session_20260710_130308/frames/000110.jpg,crops/session_20260710_130308/000110.png,940,36,1620,100,a6cba4e8d0067a2e43ee91bce5cb9609b835a2a930e4354a625afcaf92f44bc0
session_20260710_130308,111,WAITING_IN_PROGRESS,assets/replay/sessions/session_20260710_130308/frames/000111.jpg,crops/session_20260710_130308/000111.png,940,36,1620,100,bf3a9bf99d53083e7050a9908f9840d245dcb33188ee3536a42569c9de1661aa
session_20260710_130308,112,WAITING_IN_PROGRESS,assets/replay/sessions/session_20260710_130308/frames/000112.jpg,crops/session_20260710_130308/000112.png,940,36,1620,100,2a05337b295b126f5f425ea4c9636ca4a412b17ffb4f6331c6e3627885ec4175
session_20260710_130308,113,WAITING_IN_PROGRESS,assets/replay/sessions/session_20260710_130308/frames/000113.jpg,crops/session_20260710_130308/000113.png,940,36,1620,100,8e6d89b9ee16201628e5458768ee962ff80eb4e6ed2a3760faeb1dbc6fda6d27
session_20260710_130308,114,WAITING_IN_PROGRESS,assets/replay/sessions/session_20260710_130308/frames/000114.jpg,crops/session_20260710_130308/000114.png,940,36,1620,100,b135df804119a52125bdcfa022fbf64a7b8832b846c5e02ecc948a849233ef8b
session_20260710_130308,115,WAITING_IN_PROGRESS,assets/replay/sessions/session_20260710_130308/frames/000115.jpg,crops/session_20260710_130308/000115.png,940,36,1620,100,753f07bf96c307d8e92254edcae4d6adf5daceabdc205488ab9d41705bc63848
session_20260710_130308,116,WAITING_IN_PROGRESS,assets/replay/sessions/session_20260710_130308/frames/000116.jpg,crops/session_20260710_130308/000116.png,940,36,1620,100,fdf1ed3b99576c06c55c6d374a08af1e5ee8c0fb78581d43debd18e69c4a0844
session_20260710_130308,117,WAITING_IN_PROGRESS,assets/replay/sessions/session_20260710_130308/frames/000117.jpg,crops/session_20260710_130308/000117.png,940,36,1620,100,cf0e5ef2cae637ff39b7f310053c9a6df4f0d838a8b4b8eb6002a3ef5c7cbf9a
session_20260710_130308,118,WAITING_IN_PROGRESS,assets/replay/sessions/session_20260710_130308/frames/000118.jpg,crops/session_20260710_130308/000118.png,940,36,1620,100,45f4a0e792e8ccd5963b0eece90254be4c9843413a7c3aa72d1b083c767b7c12
session_20260710_130308,119,WAITING_IN_PROGRESS,assets/replay/sessions/session_20260710_130308/frames/000119.jpg,crops/session_20260710_130308/000119.png,940,36,1620,100,961cc542f875b31ebb572ad0fe7f98befda4998242946cff0979e020b6f05277
session_20260710_130308,120,WAITING_IN_PROGRESS,assets/replay/sessions/session_20260710_130308/frames/000120.jpg,crops/session_20260710_130308/000120.png,940,36,1620,100,17f085672cc8145c7ff57a98781a4d4960774a5572c5d5a3c2cfd6198787ad0d
session_20260710_130308,121,WAITING_IN_PROGRESS,assets/replay/sessions/session_20260710_130308/frames/000121.jpg,crops/session_20260710_130308/000121.png,940,36,1620,100,2414140700cae04c15cf48bf6e66b278a8080ed32604996aa4fb8965c789101e
session_20260710_130308,122,WAITING_IN_PROGRESS,assets/replay/sessions/session_20260710_130308/frames/000122.jpg,crops/session_20260710_130308/000122.png,940,36,1620,100,9fffe6a65fd02345bc2ce32b5fdc0529a0d0e374921dd4630f2da121abd8e106
session_20260710_130308,123,WAITING_IN_PROGRESS,assets/replay/sessions/session_20260710_130308/frames/000123.jpg,crops/session_20260710_130308/000123.png,940,36,1620,100,770fd89d41444c27e5c3943e13620fe88b30f65a5d138f630858cf9062de23e5
session_20260710_130308,124,WAITING_IN_PROGRESS,assets/replay/sessions/session_20260710_130308/frames/000124.jpg,crops/session_20260710_130308/000124.png,940,36,1620,100,d6cf3ed1eb46a008607f4cf2cc868e40a62d323364cc5dbf2c82a53c46fa92c5
session_20260710_130308,125,WAITING_IN_PROGRESS,assets/replay/sessions/session_20260710_130308/frames/000125.jpg,crops/session_20260710_130308/000125.png,940,36,1620,100,b7d0187130b13aff3d18eb8c72f37c5d2b2aae19c6bafdc8c43aef2b2266e87b
session_20260710_130308,126,WAITING_IN_PROGRESS,assets/replay/sessions/session_20260710_130308/frames/000126.jpg,crops/session_20260710_130308/000126.png,940,36,1620,100,75529df80dc969228de9f53bdbf11917df03f27e9a6fe2ed8d02580657ea1d8c
session_20260710_130308,127,WAITING_IN_PROGRESS,assets/replay/sessions/session_20260710_130308/frames/000127.jpg,crops/session_20260710_130308/000127.png,940,36,1620,100,14d566eaca525547a620db16244b1bae60cbd6044acb9d2e7dfa807ca190f15d
session_20260710_130308,128,WAITING_IN_PROGRESS,assets/replay/sessions/session_20260710_130308/frames/000128.jpg,crops/session_20260710_130308/000128.png,940,36,1620,100,47bb2b6e011eab3ff25c20e8cefd2545d1396ef89a76c4e849843f1f5a4bbc34
session_20260710_130308,129,WAITING_IN_PROGRESS,assets/replay/sessions/session_20260710_130308/frames/000129.jpg,crops/session_20260710_130308/000129.png,940,36,1620,100,bfe003ad2be2dc10fc957813c3807b29fe985fa136d18b2f80c72f341cacb75e
session_20260710_130308,130,WAITING_IN_PROGRESS,assets/replay/sessions/session_20260710_130308/frames/000130.jpg,crops/session_20260710_130308/000130.png,940,36,1620,100,39f89deb2e89b7a5779c148216dbe59a96d3e8f3f647372f2b3d6aa9a46245b9
session_20260710_130308,131,WAITING_IN_PROGRESS,assets/replay/sessions/session_20260710_130308/frames/000131.jpg,crops/session_20260710_130308/000131.png,940,36,1620,100,9bb447a2a0b2819206efd38d116f7fb7d2490de40abf808d837b9f5d646892e6
session_20260710_130308,132,WAITING_IN_PROGRESS,assets/replay/sessions/session_20260710_130308/frames/000132.jpg,crops/session_20260710_130308/000132.png,940,36,1620,100,551027112db8f20a8c7d49e45ed74b66c9cd9f51d3a65414df47c74a60c591a0
session_20260710_130308,133,WAITING_IN_PROGRESS,assets/replay/sessions/session_20260710_130308/frames/000133.jpg,crops/session_20260710_130308/000133.png,940,36,1620,100,5e9e19020ac6fc24ed64db2fddc39cf7daca70056d57786f476679c6908b4e27
session_20260710_130308,134,WAITING_IN_PROGRESS,assets/replay/sessions/session_20260710_130308/frames/000134.jpg,crops/session_20260710_130308/000134.png,940,36,1620,100,c68ec313e343778560a251077329bc56f6d1818e856f63738345e9884698bf81
session_20260710_130308,135,WAITING_IN_PROGRESS,assets/replay/sessions/session_20260710_130308/frames/000135.jpg,crops/session_20260710_130308/000135.png,940,36,1620,100,75f531bd957984cb5af49b7d3f5474e8e5fbf8d7dbd6895b1fe220d84475a00d
session_20260710_130308,136,WAITING_IN_PROGRESS,assets/replay/sessions/session_20260710_130308/frames/000136.jpg,crops/session_20260710_130308/000136.png,940,36,1620,100,ae678b8938755e64f45515837b3c93b37435b4855dbbde53af6aeef08aef0abf
session_20260710_130308,137,WAITING_IN_PROGRESS,assets/replay/sessions/session_20260710_130308/frames/000137.jpg,crops/session_20260710_130308/000137.png,940,36,1620,100,3f502eb764ce55a2c7aaf3dd24a9a504e9cbc22430edf6e834be3c356f2c1c61
session_20260710_130308,138,WAITING_IN_PROGRESS,assets/replay/sessions/session_20260710_130308/frames/000138.jpg,crops/session_20260710_130308/000138.png,940,36,1620,100,97189665e1f991a4e0bb7cf0825e80cc3a2d666c81164413fb779fd8a1bf6aae
session_20260710_130308,139,WAITING_IN_PROGRESS,assets/replay/sessions/session_20260710_130308/frames/000139.jpg,crops/session_20260710_130308/000139.png,940,36,1620,100,023d76bfdaec73048a30a90eb681be29d1c31fbabb15be16fda81f2cbc69674d
session_20260710_130308,140,WAITING_IN_PROGRESS,assets/replay/sessions/session_20260710_130308/frames/000140.jpg,crops/session_20260710_130308/000140.png,940,36,1620,100,e5dffe246abca1d919b7314bdd23ab3adca01b799968eceb8bedf1f9fa07ef8b
session_20260710_130308,141,WAITING_IN_PROGRESS,assets/replay/sessions/session_20260710_130308/frames/000141.jpg,crops/session_20260710_130308/000141.png,940,36,1620,100,38b88bb9719fa464dde917cd1fd0c58d6923e543127fa92b4a1c3c8e58f0c775
session_20260710_130308,142,WAITING_IN_PROGRESS,assets/replay/sessions/session_20260710_130308/frames/000142.jpg,crops/session_20260710_130308/000142.png,940,36,1620,100,5c4c9f70ee7c4a8277b8fc44599814989fa0f80a56a50ac8703ba48cccc0b95c
session_20260710_130308,143,WAITING_IN_PROGRESS,assets/replay/sessions/session_20260710_130308/frames/000143.jpg,crops/session_20260710_130308/000143.png,940,36,1620,100,9c675cb2b0f8a6fb67569f9b522b57cc3d3114c94e335f11264c86880db91415
session_20260710_130308,144,WAITING_IN_PROGRESS,assets/replay/sessions/session_20260710_130308/frames/000144.jpg,crops/session_20260710_130308/000144.png,940,36,1620,100,9ffde0ec760571835d85a0bb2f968e1d01c1881803381a2720ff0f44faf7dd0b
session_20260710_130308,145,WAITING_IN_PROGRESS,assets/replay/sessions/session_20260710_130308/frames/000145.jpg,crops/session_20260710_130308/000145.png,940,36,1620,100,2597c87a213eceffbaea7629af2f111ab552c22c3ff2bb6b767f87eb92de4664
session_20260710_130308,146,WAITING_IN_PROGRESS,assets/replay/sessions/session_20260710_130308/frames/000146.jpg,crops/session_20260710_130308/000146.png,940,36,1620,100,5de6b34b7fcdfcd9049168e750ec46cf551a70d126672034372a44b9515f7388
session_20260710_130308,147,WAITING_IN_PROGRESS,assets/replay/sessions/session_20260710_130308/frames/000147.jpg,crops/session_20260710_130308/000147.png,940,36,1620,100,ae994e459cb602eea543c16efe08e9f15dd21e14d7395c502d0c8fbf121af20f
session_20260710_130308,148,WAITING_IN_PROGRESS,assets/replay/sessions/session_20260710_130308/frames/000148.jpg,crops/session_20260710_130308/000148.png,940,36,1620,100,8be162cf6db9db19e8ce37e62b2dd46d325d43efa41a29dee401329d28a350ea
session_20260710_130308,149,WAITING_IN_PROGRESS,assets/replay/sessions/session_20260710_130308/frames/000149.jpg,crops/session_20260710_130308/000149.png,940,36,1620,100,3fdb18ecefc215b9e29bc2ad1c082ac3b674591f175dfa7fcad572b4252539b3
session_20260710_130308,150,WAITING_IN_PROGRESS,assets/replay/sessions/session_20260710_130308/frames/000150.jpg,crops/session_20260710_130308/000150.png,940,36,1620,100,6397c3309fbb6dbeb67aa4f4ba6dafc38f5fa8370911946ee4ca4af524791e25
session_20260710_130308,151,WAITING_IN_PROGRESS,assets/replay/sessions/session_20260710_130308/frames/000151.jpg,crops/session_20260710_130308/000151.png,940,36,1620,100,78ffead4e722cadbb4330fe4ac9c6a31461859914b8f2f25c909cb6b5d0104a6
session_20260710_130308,152,WAITING_IN_PROGRESS,assets/replay/sessions/session_20260710_130308/frames/000152.jpg,crops/session_20260710_130308/000152.png,940,36,1620,100,05f0f8e95d9bc93d444f1068cc383bc86ad6d255cd0fa9126cfc248ad3be97ae
session_20260710_130308,153,WAITING_IN_PROGRESS,assets/replay/sessions/session_20260710_130308/frames/000153.jpg,crops/session_20260710_130308/000153.png,940,36,1620,100,a25e5520292029e08bf25452263e37fe8784ebfa1dfe0801664a68a6602b9898
session_20260710_130308,154,WAITING_IN_PROGRESS,assets/replay/sessions/session_20260710_130308/frames/000154.jpg,crops/session_20260710_130308/000154.png,940,36,1620,100,e80e7010fe64e27dd12686fa79eae81e3208dbdc716824a4c8f3baff55cdd8d4
session_20260710_130308,155,WAITING_IN_PROGRESS,assets/replay/sessions/session_20260710_130308/frames/000155.jpg,crops/session_20260710_130308/000155.png,940,36,1620,100,f346a9fc4de8d7c886d3454685c3090cf0907ae1f57911de3ab01ed1b644d1b3
session_20260710_130308,156,WAITING_IN_PROGRESS,assets/replay/sessions/session_20260710_130308/frames/000156.jpg,crops/session_20260710_130308/000156.png,940,36,1620,100,ba8ac56ec806dc38f12341960db74a34998fc2f8ecbb90e3a8efe3568883b656
session_20260710_130308,157,WAITING_IN_PROGRESS,assets/replay/sessions/session_20260710_130308/frames/000157.jpg,crops/session_20260710_130308/000157.png,940,36,1620,100,2902bd3872379c60308c1923b3bd0705403209e7f17cd032f658f218e40431f8
session_20260710_130308,158,WAITING_IN_PROGRESS,assets/replay/sessions/session_20260710_130308/frames/000158.jpg,crops/session_20260710_130308/000158.png,940,36,1620,100,ce96e167365bbf61bfff24ac2a4395786ec7d07f945fb5d6e367f4ec4a9576e6
session_20260710_130308,159,WAITING_IN_PROGRESS,assets/replay/sessions/session_20260710_130308/frames/000159.jpg,crops/session_20260710_130308/000159.png,940,36,1620,100,6d8fea69d4a1b2a2ee7e4d2cf608a202525a235a27170c39bd8b50cb3fe595a6
session_20260710_130308,160,WAITING_IN_PROGRESS,assets/replay/sessions/session_20260710_130308/frames/000160.jpg,crops/session_20260710_130308/000160.png,940,36,1620,100,198cbf8aba57cc42fe07dfe3d54958e4890de174ee23208fa7f5c56c92c766de
session_20260710_130308,161,WAITING_IN_PROGRESS,assets/replay/sessions/session_20260710_130308/frames/000161.jpg,crops/session_20260710_130308/000161.png,940,36,1620,100,9d48c4cf162ed3e7427c412eb763ead9227622b452d8605527b0ef3d87c759de
session_20260710_130308,162,WAITING_IN_PROGRESS,assets/replay/sessions/session_20260710_130308/frames/000162.jpg,crops/session_20260710_130308/000162.png,940,36,1620,100,b2ec9493fcfd10a11c789922751f79feef4443078f4a2ff97d22849662fca4bf
session_20260710_130308,163,WAITING_IN_PROGRESS,assets/replay/sessions/session_20260710_130308/frames/000163.jpg,crops/session_20260710_130308/000163.png,940,36,1620,100,f6db15b9622ef7443c9183bc79ffff9c578f92ca2dd33c37653e2d13644f9d3b
session_20260710_130308,164,WAITING_IN_PROGRESS,assets/replay/sessions/session_20260710_130308/frames/000164.jpg,crops/session_20260710_130308/000164.png,940,36,1620,100,c22946076418b823337b0de030482be0a71ad6fb2c43adf16ae9b10b9baa5c97
session_20260710_130308,165,WAITING_IN_PROGRESS,assets/replay/sessions/session_20260710_130308/frames/000165.jpg,crops/session_20260710_130308/000165.png,940,36,1620,100,7e53e73838105ced9a75ea6a611bf3e75373d573cf47240049c2de44945bb701
session_20260710_130308,166,WAITING_IN_PROGRESS,assets/replay/sessions/session_20260710_130308/frames/000166.jpg,crops/session_20260710_130308/000166.png,940,36,1620,100,9aa915b1be0452f6bef99d62f86278d1ef28da68878ebb6fdbde487ceb2686c2
session_20260710_130308,167,WAITING_IN_PROGRESS,assets/replay/sessions/session_20260710_130308/frames/000167.jpg,crops/session_20260710_130308/000167.png,940,36,1620,100,1523bec168afb01a8f233f2cc988b886fc6958c0d8d83cbfab1f47976c9ab4dc
session_20260710_130308,168,WAITING_IN_PROGRESS,assets/replay/sessions/session_20260710_130308/frames/000168.jpg,crops/session_20260710_130308/000168.png,940,36,1620,100,284d9b42c13aef580e1b34d9c5e3e21d30131e9139c908dc8d9f79dc80c0a7a2
session_20260710_130308,169,WAITING_IN_PROGRESS,assets/replay/sessions/session_20260710_130308/frames/000169.jpg,crops/session_20260710_130308/000169.png,940,36,1620,100,43b4507b7de18ed3a86a02b5434e7b11186ec996d088f6a7b50f4be19cab3110
session_20260710_130308,170,WAITING_IN_PROGRESS,assets/replay/sessions/session_20260710_130308/frames/000170.jpg,crops/session_20260710_130308/000170.png,940,36,1620,100,d4675f8cd361e78362c3394012609341f3c438c485b8f3f70744390157b266be
session_20260710_130308,171,WAITING_IN_PROGRESS,assets/replay/sessions/session_20260710_130308/frames/000171.jpg,crops/session_20260710_130308/000171.png,940,36,1620,100,1c0860a846dd92d7d246fac6a253df0a09a5eca80b4d83625ac6b89014a09a24
session_20260710_130308,172,WAITING_IN_PROGRESS,assets/replay/sessions/session_20260710_130308/frames/000172.jpg,crops/session_20260710_130308/000172.png,940,36,1620,100,c2e315d1b283b6e170f315983532105fb82b4a6ef6f67d4e879fdfedcef1f8db
session_20260710_130308,173,WAITING_IN_PROGRESS,assets/replay/sessions/session_20260710_130308/frames/000173.jpg,crops/session_20260710_130308/000173.png,940,36,1620,100,f08d303718fe2b435c99ed4ae3524b5366b7ac53979835e6c27d2b749a1885d8
session_20260710_130308,174,WAITING_IN_PROGRESS,assets/replay/sessions/session_20260710_130308/frames/000174.jpg,crops/session_20260710_130308/000174.png,940,36,1620,100,5e00add016cb9731c1e52792e6b5d3351931c67427b7480aaff81e972f3cc8a1
session_20260710_130308,175,WAITING_IN_PROGRESS,assets/replay/sessions/session_20260710_130308/frames/000175.jpg,crops/session_20260710_130308/000175.png,940,36,1620,100,3ec2269bded8a069e2d2db978fa09403197ab7fa2856b2deffd0391b3e4db056
session_20260710_130308,176,WAITING_IN_PROGRESS,assets/replay/sessions/session_20260710_130308/frames/000176.jpg,crops/session_20260710_130308/000176.png,940,36,1620,100,9f274994524939716e2b948b26451c33a3d1ccd8830119e58bf374676c72f9ae
session_20260710_130308,177,WAITING_IN_PROGRESS,assets/replay/sessions/session_20260710_130308/frames/000177.jpg,crops/session_20260710_130308/000177.png,940,36,1620,100,fd7cf494276c4e70e1d3d4dc6b27d54aa59d44c3a081915919bf7d7edd535fb0
session_20260710_130308,178,WAITING_IN_PROGRESS,assets/replay/sessions/session_20260710_130308/frames/000178.jpg,crops/session_20260710_130308/000178.png,940,36,1620,100,5f9d7de70fdee2af9cf4ae3503df32e2d8be047ef167651e959538fb6b89eee7
session_20260710_130308,179,WAITING_IN_PROGRESS,assets/replay/sessions/session_20260710_130308/frames/000179.jpg,crops/session_20260710_130308/000179.png,940,36,1620,100,0a869fd574d8e3d8096b62dc289b1f8e17f82fd5da3ffc79dfcfbc34f47a8479
session_20260710_130308,180,WAITING_IN_PROGRESS,assets/replay/sessions/session_20260710_130308/frames/000180.jpg,crops/session_20260710_130308/000180.png,940,36,1620,100,dce76bcb9277d878a996299cf19d3ece7b90145d5e7eee5a7a63ca2d0e1c0d1e
session_20260710_130308,181,WAITING_IN_PROGRESS,assets/replay/sessions/session_20260710_130308/frames/000181.jpg,crops/session_20260710_130308/000181.png,940,36,1620,100,266345031e1315cf4bdaf2eb01f80c4faa68d3fcdc7584500a1894f1d463a63a
session_20260710_130308,182,WAITING_IN_PROGRESS,assets/replay/sessions/session_20260710_130308/frames/000182.jpg,crops/session_20260710_130308/000182.png,940,36,1620,100,2f2f44359c934b1a719179a743162327c02f79b2777a41f62ac3eeab58627685
session_20260710_130308,183,WAITING_IN_PROGRESS,assets/replay/sessions/session_20260710_130308/frames/000183.jpg,crops/session_20260710_130308/000183.png,940,36,1620,100,8526dbd093d8b2488684acb85107f7fe24810dd97dc0c43bda5f8991138fe7b9
session_20260710_130308,184,WAITING_IN_PROGRESS,assets/replay/sessions/session_20260710_130308/frames/000184.jpg,crops/session_20260710_130308/000184.png,940,36,1620,100,c2a458cbe573c8e93e2b04c643199596c50a930a6be7cd086d97a62128899f83
session_20260710_130308,185,WAITING_IN_PROGRESS,assets/replay/sessions/session_20260710_130308/frames/000185.jpg,crops/session_20260710_130308/000185.png,940,36,1620,100,e20dab57d5b855829e9c5cc64d876beb36d214ec0868dcc3033094f3fed21c40
session_20260710_130308,186,WAITING_IN_PROGRESS,assets/replay/sessions/session_20260710_130308/frames/000186.jpg,crops/session_20260710_130308/000186.png,940,36,1620,100,dd7aa6528c34af9192ae29b242f505cf5fc4bda17e0bb357ab5663e1602f116c
session_20260710_130308,187,WAITING_IN_PROGRESS,assets/replay/sessions/session_20260710_130308/frames/000187.jpg,crops/session_20260710_130308/000187.png,940,36,1620,100,516626f63ed572f084b79493f064e78af5ffb18faacf8849fe34b243ac468a3f
session_20260710_130308,188,WAITING_IN_PROGRESS,assets/replay/sessions/session_20260710_130308/frames/000188.jpg,crops/session_20260710_130308/000188.png,940,36,1620,100,09cf76c87002bfc1e118b0b1c09384c4666d8903a9c576b092abbf49cf7b5dd7
session_20260710_130308,189,WAITING_IN_PROGRESS,assets/replay/sessions/session_20260710_130308/frames/000189.jpg,crops/session_20260710_130308/000189.png,940,36,1620,100,1e1e595132399dcb4790a2d4d16b1dbc91c0e8d2377dae91bf4a6ebf1496587a
session_20260710_130308,190,WAITING_IN_PROGRESS,assets/replay/sessions/session_20260710_130308/frames/000190.jpg,crops/session_20260710_130308/000190.png,940,36,1620,100,ffe7fa0123e990484209fcff56bef3ccccc0760344bed9e400b78351c4e43f88
session_20260710_130308,191,WAITING_IN_PROGRESS,assets/replay/sessions/session_20260710_130308/frames/000191.jpg,crops/session_20260710_130308/000191.png,940,36,1620,100,b1ba144e29d92c47c3bd26e48365dc012af537275651137a0c19888378fa42d2
session_20260710_130308,192,WAITING_IN_PROGRESS,assets/replay/sessions/session_20260710_130308/frames/000192.jpg,crops/session_20260710_130308/000192.png,940,36,1620,100,ca09668631b81070440c181f7ce8dc8a00b239ca8ae6f35ae79ea3a3d3223e9c
session_20260710_130308,193,WAITING_IN_PROGRESS,assets/replay/sessions/session_20260710_130308/frames/000193.jpg,crops/session_20260710_130308/000193.png,940,36,1620,100,3867d9c19fd9b4d49ba5fde28c6b7338716916b7d64bcace70581e29625028a4
session_20260710_130308,194,WAITING_IN_PROGRESS,assets/replay/sessions/session_20260710_130308/frames/000194.jpg,crops/session_20260710_130308/000194.png,940,36,1620,100,09115a0fed83341af78f74e76073e75a6d1d86be830d42762b461993a9ea3db1
session_20260710_130308,195,WAITING_IN_PROGRESS,assets/replay/sessions/session_20260710_130308/frames/000195.jpg,crops/session_20260710_130308/000195.png,940,36,1620,100,8c12feff8b566a7ad4c365288f12182e851c6951541df8c8196bf086c69d1bec
session_20260710_130308,196,WAITING_IN_PROGRESS,assets/replay/sessions/session_20260710_130308/frames/000196.jpg,crops/session_20260710_130308/000196.png,940,36,1620,100,e78b726a9b6d2e531fe44624939568bebe64941307339d86eda4385ed5e3311c
session_20260710_130308,197,WAITING_IN_PROGRESS,assets/replay/sessions/session_20260710_130308/frames/000197.jpg,crops/session_20260710_130308/000197.png,940,36,1620,100,2c5b9b18be874b435ed3f2921581c95a846ea2280e9e18f89634ea85174fbab5
session_20260710_130308,198,WAITING_IN_PROGRESS,assets/replay/sessions/session_20260710_130308/frames/000198.jpg,crops/session_20260710_130308/000198.png,940,36,1620,100,bfa46ab67f9cb63da6285a793b1474e2653e2d93df54a001237ebfebcd16e371
session_20260710_130308,199,WAITING_IN_PROGRESS,assets/replay/sessions/session_20260710_130308/frames/000199.jpg,crops/session_20260710_130308/000199.png,940,36,1620,100,3688cf920c94b6b371219372125c1c110b13ef323412617adedf4fac0768c87b
session_20260710_130308,200,WAITING_IN_PROGRESS,assets/replay/sessions/session_20260710_130308/frames/000200.jpg,crops/session_20260710_130308/000200.png,940,36,1620,100,9493c41aba0d72b2246ce69ba4f23c559d0b9ad51169d3d26cd4222d227fd996
session_20260710_130308,201,WAITING_IN_PROGRESS,assets/replay/sessions/session_20260710_130308/frames/000201.jpg,crops/session_20260710_130308/000201.png,940,36,1620,100,4c32d94879ba52369181b71cb3e6248818e7e053c6ff046a1d52ed7ad02b61b3
session_20260710_130308,202,WAITING_IN_PROGRESS,assets/replay/sessions/session_20260710_130308/frames/000202.jpg,crops/session_20260710_130308/000202.png,940,36,1620,100,557b753e6075d802b99c8cc81735bd9c668993fb757c0d21f3962d367e24b335
session_20260710_130308,203,WAITING_IN_PROGRESS,assets/replay/sessions/session_20260710_130308/frames/000203.jpg,crops/session_20260710_130308/000203.png,940,36,1620,100,54854ea57b15c3cefaa4413194c2a9716979a4e4f70b8810e392376e85323a6f
session_20260710_130308,204,WAITING_IN_PROGRESS,assets/replay/sessions/session_20260710_130308/frames/000204.jpg,crops/session_20260710_130308/000204.png,940,36,1620,100,0e2ad8c460423709f889c503ba24209e6be53c098dd7f6f924ea46ae257a8665
session_20260710_130308,205,WAITING_IN_PROGRESS,assets/replay/sessions/session_20260710_130308/frames/000205.jpg,crops/session_20260710_130308/000205.png,940,36,1620,100,89ea687eb92896dc005bcdc3e85c25b2c168b93493a415295df272a6f7237735
session_20260710_130308,206,WAITING_IN_PROGRESS,assets/replay/sessions/session_20260710_130308/frames/000206.jpg,crops/session_20260710_130308/000206.png,940,36,1620,100,8ac5582cf75e25f43a201e0af1d8665f7c9d47a3d361870866fc72c8dcf73292
session_20260710_130308,207,WAITING_IN_PROGRESS,assets/replay/sessions/session_20260710_130308/frames/000207.jpg,crops/session_20260710_130308/000207.png,940,36,1620,100,e15dd30c72987ee11c18307e2b13136f33843c61c773add60a27656cb6a58b65
session_20260710_130308,208,WAITING_IN_PROGRESS,assets/replay/sessions/session_20260710_130308/frames/000208.jpg,crops/session_20260710_130308/000208.png,940,36,1620,100,4673819921a45e66d2d999af0d550c0dfe55796c616b7c7fe11f044771ee3654
session_20260710_130308,209,WAITING_IN_PROGRESS,assets/replay/sessions/session_20260710_130308/frames/000209.jpg,crops/session_20260710_130308/000209.png,940,36,1620,100,76fa19c83b8c3b8ad07acebaf68d1e56b74bbf03b96a79138ea9eb4837aab957
session_20260710_130308,210,WAITING_IN_PROGRESS,assets/replay/sessions/session_20260710_130308/frames/000210.jpg,crops/session_20260710_130308/000210.png,940,36,1620,100,23d3c37b50d1321b40ed49d7fa2c8e352b153445e74a636bf4dcb12a272e057d
session_20260710_130308,211,WAITING_IN_PROGRESS,assets/replay/sessions/session_20260710_130308/frames/000211.jpg,crops/session_20260710_130308/000211.png,940,36,1620,100,08e1dd7d2d877885829efc64ae23a3f9fd62b8e0343af4d5b16844848f0858ea
session_20260710_130308,212,WAITING_IN_PROGRESS,assets/replay/sessions/session_20260710_130308/frames/000212.jpg,crops/session_20260710_130308/000212.png,940,36,1620,100,1b0f40227bccf7be6f1375289cc9de7f041a800f5a94aa4c336980e9b28b9274
session_20260710_130308,213,WAITING_IN_PROGRESS,assets/replay/sessions/session_20260710_130308/frames/000213.jpg,crops/session_20260710_130308/000213.png,940,36,1620,100,ce61674ca1c3613cf694fc35b6226a4d19e6bd1cdb281086c1cb9265a53a6007
session_20260710_130308,214,WAITING_IN_PROGRESS,assets/replay/sessions/session_20260710_130308/frames/000214.jpg,crops/session_20260710_130308/000214.png,940,36,1620,100,9ddd3bec9e1a9dcca451bb9a52b11627ff76d2f3a295b76c7a441723a02747ed
session_20260710_130308,215,WAITING_IN_PROGRESS,assets/replay/sessions/session_20260710_130308/frames/000215.jpg,crops/session_20260710_130308/000215.png,940,36,1620,100,9ddd3bec9e1a9dcca451bb9a52b11627ff76d2f3a295b76c7a441723a02747ed
session_20260710_130308,216,WAITING_IN_PROGRESS,assets/replay/sessions/session_20260710_130308/frames/000216.jpg,crops/session_20260710_130308/000216.png,940,36,1620,100,2be9eec60d391a97e29bedf06467c297570ed0ab2ecc445dd4ad7d0e8add5eb1
session_20260710_130308,217,WAITING_IN_PROGRESS,assets/replay/sessions/session_20260710_130308/frames/000217.jpg,crops/session_20260710_130308/000217.png,940,36,1620,100,b462721e5391dc21f3fdd080f49b8f36474007d389ab6a87df1d785bb33a9328
session_20260710_130308,218,WAITING_IN_PROGRESS,assets/replay/sessions/session_20260710_130308/frames/000218.jpg,crops/session_20260710_130308/000218.png,940,36,1620,100,ea80f366bfae85ade5755f1006f2eca4215345b76ff4888724dae35aa9145e6c
session_20260710_130308,219,WAITING_IN_PROGRESS,assets/replay/sessions/session_20260710_130308/frames/000219.jpg,crops/session_20260710_130308/000219.png,940,36,1620,100,ae0c3e00ae779929c5286ca3f470238de9d9e54cc889d9530dc8101f267fe10f
session_20260710_130308,220,WAITING_IN_PROGRESS,assets/replay/sessions/session_20260710_130308/frames/000220.jpg,crops/session_20260710_130308/000220.png,940,36,1620,100,800e72ee4041b3918863f7d8e1674a6f66b91c5b2e7a5c8579d5afdbb3e61946
session_20260710_130308,221,WAITING_IN_PROGRESS,assets/replay/sessions/session_20260710_130308/frames/000221.jpg,crops/session_20260710_130308/000221.png,940,36,1620,100,aa125de03527f02a713abc3d51808f10802c3e45689aee711e9f415e30a4afdf
session_20260710_130308,222,WAITING_IN_PROGRESS,assets/replay/sessions/session_20260710_130308/frames/000222.jpg,crops/session_20260710_130308/000222.png,940,36,1620,100,841c54d418b7fba8c93def9b45f74072ea1dd72bb30dd95aa6d279837495cd05
session_20260710_130308,223,WAITING_IN_PROGRESS,assets/replay/sessions/session_20260710_130308/frames/000223.jpg,crops/session_20260710_130308/000223.png,940,36,1620,100,841c54d418b7fba8c93def9b45f74072ea1dd72bb30dd95aa6d279837495cd05
session_20260710_130308,224,WAITING_IN_PROGRESS,assets/replay/sessions/session_20260710_130308/frames/000224.jpg,crops/session_20260710_130308/000224.png,940,36,1620,100,ff7dcf6ba08e9c629d2bb8b2e586768122894caa16dfb2a1adb085bb708007fa
session_20260710_130308,225,WAITING_IN_PROGRESS,assets/replay/sessions/session_20260710_130308/frames/000225.jpg,crops/session_20260710_130308/000225.png,940,36,1620,100,ff7dcf6ba08e9c629d2bb8b2e586768122894caa16dfb2a1adb085bb708007fa
session_20260710_130308,226,WAITING_IN_PROGRESS,assets/replay/sessions/session_20260710_130308/frames/000226.jpg,crops/session_20260710_130308/000226.png,940,36,1620,100,5a400ddfc4cff78bd9765619a28965cbf512c3b3be7f9fb7841de2e8b890845d
session_20260710_130308,227,WAITING_IN_PROGRESS,assets/replay/sessions/session_20260710_130308/frames/000227.jpg,crops/session_20260710_130308/000227.png,940,36,1620,100,08acd9bb4c7c9528ceaad1db193c909fc8ea7d9c7dc0dae1099bbc848dbb1803
session_20260710_130308,228,WAITING_IN_PROGRESS,assets/replay/sessions/session_20260710_130308/frames/000228.jpg,crops/session_20260710_130308/000228.png,940,36,1620,100,000a03011ce385db0ed18e71a09e88eebcd6b3f8cf8fc6d2c7c6abe7411817fd
session_20260710_130308,229,WAITING_IN_PROGRESS,assets/replay/sessions/session_20260710_130308/frames/000229.jpg,crops/session_20260710_130308/000229.png,940,36,1620,100,2f83e1224057164f00b5e6e8c4e67b7e9f3ae20552ebdb5351d213b8da3effc8
session_20260710_130308,230,WAITING_IN_PROGRESS,assets/replay/sessions/session_20260710_130308/frames/000230.jpg,crops/session_20260710_130308/000230.png,940,36,1620,100,22092a1ab76a8cccb9721b0c59ef75bea0b7c5e41fbc9e4f876cbe7b4f838a80
session_20260710_130308,231,WAITING_IN_PROGRESS,assets/replay/sessions/session_20260710_130308/frames/000231.jpg,crops/session_20260710_130308/000231.png,940,36,1620,100,36722a9ec1ab39a727195c03c8e2e8ebf3930b653cf90f94f0e1989b3ec85c20
session_20260710_130308,232,WAITING_IN_PROGRESS,assets/replay/sessions/session_20260710_130308/frames/000232.jpg,crops/session_20260710_130308/000232.png,940,36,1620,100,21ea2c39cddb6831a368ee9e78ad9fb3d69171bf9e167f3fa38fc3727cb41757
session_20260710_130308,233,WAITING_IN_PROGRESS,assets/replay/sessions/session_20260710_130308/frames/000233.jpg,crops/session_20260710_130308/000233.png,940,36,1620,100,ffebca2cbd7be5f54629de692ccdb2fc6147a99130d30a2c6b3ce2de40673b2b
session_20260710_130308,234,WAITING_IN_PROGRESS,assets/replay/sessions/session_20260710_130308/frames/000234.jpg,crops/session_20260710_130308/000234.png,940,36,1620,100,afe83ef25954dcb6b086a6c04a1981164bc33fa96b95e7eea93403b82fbffb91
session_20260710_130308,235,WAITING_IN_PROGRESS,assets/replay/sessions/session_20260710_130308/frames/000235.jpg,crops/session_20260710_130308/000235.png,940,36,1620,100,e8b622fa280f299e24fa87b2e6ddf7a0562b2440cbb2c9b1237e03acd3978477
session_20260710_130308,236,WAITING_IN_PROGRESS,assets/replay/sessions/session_20260710_130308/frames/000236.jpg,crops/session_20260710_130308/000236.png,940,36,1620,100,9ca518c2744829debe224d2ac024f89a810d1f633379409b9c3e15aa600bc369
session_20260710_130308,237,WAITING_IN_PROGRESS,assets/replay/sessions/session_20260710_130308/frames/000237.jpg,crops/session_20260710_130308/000237.png,940,36,1620,100,6171a571613d4708867ccb97dd33d23d9641b7986c3624a06ba39893419645e3
session_20260710_130308,238,WAITING_IN_PROGRESS,assets/replay/sessions/session_20260710_130308/frames/000238.jpg,crops/session_20260710_130308/000238.png,940,36,1620,100,253a0182b3a56c83b1c86103d28299520b90afe29535a9d7791bc01b9b1ccc42
session_20260710_130308,239,WAITING_IN_PROGRESS,assets/replay/sessions/session_20260710_130308/frames/000239.jpg,crops/session_20260710_130308/000239.png,940,36,1620,100,0ecc2d376bd5d094185f7a870865d5adbb2ba4c60ffb4eda91d0b090db51d335
session_20260710_130308,240,WAITING_IN_PROGRESS,assets/replay/sessions/session_20260710_130308/frames/000240.jpg,crops/session_20260710_130308/000240.png,940,36,1620,100,f88325138f5e86cf0a68082be6eafd41a65dec3f5f03cf604fd0b4d096e2696f
session_20260710_130308,241,WAITING_IN_PROGRESS,assets/replay/sessions/session_20260710_130308/frames/000241.jpg,crops/session_20260710_130308/000241.png,940,36,1620,100,61b485d56daf4e7265f3829fc1e970658878d75154930ce1ade2915c9d8d3c1f
session_20260710_130308,242,WAITING_IN_PROGRESS,assets/replay/sessions/session_20260710_130308/frames/000242.jpg,crops/session_20260710_130308/000242.png,940,36,1620,100,ad482b46729ed7052c1aa4baba53bc297df606cef677051d6df3c1645378adce
session_20260710_130308,243,WAITING_IN_PROGRESS,assets/replay/sessions/session_20260710_130308/frames/000243.jpg,crops/session_20260710_130308/000243.png,940,36,1620,100,8ac57642099c93eb36ae1de3ea037852c4e0cda921d9ae50d68bb402e23993eb
session_20260710_130308,244,WAITING_IN_PROGRESS,assets/replay/sessions/session_20260710_130308/frames/000244.jpg,crops/session_20260710_130308/000244.png,940,36,1620,100,10bc6d20f365a98a1fd9eeb58a4fc65925a71367d9d0acdd59aae3f41ce36bdb
session_20260710_130308,245,WAITING_IN_PROGRESS,assets/replay/sessions/session_20260710_130308/frames/000245.jpg,crops/session_20260710_130308/000245.png,940,36,1620,100,684d732e41ef298b7ad55e74926904c283e97bc3d7c34e5e0b8511b0a88fa6fc
session_20260710_130308,246,WAITING_IN_PROGRESS,assets/replay/sessions/session_20260710_130308/frames/000246.jpg,crops/session_20260710_130308/000246.png,940,36,1620,100,997cdaff487fe8e06b57e7b055938454621706783b298c393e2e97764110ff02
session_20260710_130308,247,WAITING_IN_PROGRESS,assets/replay/sessions/session_20260710_130308/frames/000247.jpg,crops/session_20260710_130308/000247.png,940,36,1620,100,1220a26c0bbc9304883ee8c63386812fbebfbea1eede5916f03446139fc070c2
session_20260710_130308,248,WAITING_IN_PROGRESS,assets/replay/sessions/session_20260710_130308/frames/000248.jpg,crops/session_20260710_130308/000248.png,940,36,1620,100,1220a26c0bbc9304883ee8c63386812fbebfbea1eede5916f03446139fc070c2
session_20260710_130308,249,WAITING_IN_PROGRESS,assets/replay/sessions/session_20260710_130308/frames/000249.jpg,crops/session_20260710_130308/000249.png,940,36,1620,100,06917f3c75829628b2c0ab3e79a42962780564257238536f91e69d74281c0622
session_20260710_130308,250,WAITING_IN_PROGRESS,assets/replay/sessions/session_20260710_130308/frames/000250.jpg,crops/session_20260710_130308/000250.png,940,36,1620,100,46dce03b998c80ebf96f710cfb0be5448ae278550ebda91c364aa9fc89c35bcc
session_20260710_130308,251,WAITING_IN_PROGRESS,assets/replay/sessions/session_20260710_130308/frames/000251.jpg,crops/session_20260710_130308/000251.png,940,36,1620,100,e8df6d081657b8e3cd5951f3d1ce97e2da2c8a0a36511d4d3997246f12de3ff2
session_20260710_130308,252,WAITING_IN_PROGRESS,assets/replay/sessions/session_20260710_130308/frames/000252.jpg,crops/session_20260710_130308/000252.png,940,36,1620,100,d5dd482d6111c911d467f59a25fefaad9979fa8f4b213473a6c5254d535e6e7a
session_20260710_130308,253,WAITING_IN_PROGRESS,assets/replay/sessions/session_20260710_130308/frames/000253.jpg,crops/session_20260710_130308/000253.png,940,36,1620,100,6f86f495ff20eb5c4bb2deb40e845d40c0b8a9b65d4daaa5ea7bb28cdb8cf1a3
session_20260710_130308,254,WAITING_IN_PROGRESS,assets/replay/sessions/session_20260710_130308/frames/000254.jpg,crops/session_20260710_130308/000254.png,940,36,1620,100,8d20e35b1786c1a66fd1f28a2324e13392097f1ab47f2ccf414cf145a22e0f6b
session_20260710_130308,255,WAITING_IN_PROGRESS,assets/replay/sessions/session_20260710_130308/frames/000255.jpg,crops/session_20260710_130308/000255.png,940,36,1620,100,138e9baf4a6b2760585b87127440cd3a417e8bc6cb5633a75420f5ab97f8d946
session_20260710_130308,256,WAITING_IN_PROGRESS,assets/replay/sessions/session_20260710_130308/frames/000256.jpg,crops/session_20260710_130308/000256.png,940,36,1620,100,8dc2f4f2765f519998cac8388c5a2167e74b043742e1428aac470fc744c2cccb
session_20260710_130308,257,WAITING_IN_PROGRESS,assets/replay/sessions/session_20260710_130308/frames/000257.jpg,crops/session_20260710_130308/000257.png,940,36,1620,100,8274dfde4e045d9adb72f0feb4850e2b95dd0669df1dbac0bfb2d560653b5a92
session_20260710_130308,258,WAITING_IN_PROGRESS,assets/replay/sessions/session_20260710_130308/frames/000258.jpg,crops/session_20260710_130308/000258.png,940,36,1620,100,083e4a2df0ef185c57faaee0baf38ea6004d6489d435e1b99ba36a0429b1dfcb
session_20260710_130308,259,WAITING_IN_PROGRESS,assets/replay/sessions/session_20260710_130308/frames/000259.jpg,crops/session_20260710_130308/000259.png,940,36,1620,100,ce77abe73fa021b4bde83c1d925df70af1d4a1f51a23059199afc1f9d16d7dff
session_20260710_130308,260,WAITING_IN_PROGRESS,assets/replay/sessions/session_20260710_130308/frames/000260.jpg,crops/session_20260710_130308/000260.png,940,36,1620,100,eae7d632f054be2106b14c5aca59e0aa935e31130bafffb12328caca984243bc
session_20260710_130308,261,WAITING_IN_PROGRESS,assets/replay/sessions/session_20260710_130308/frames/000261.jpg,crops/session_20260710_130308/000261.png,940,36,1620,100,cffe80b7ab6cdc53db3d789a687c0ef4684ff825b33b4d9ed405b340783b798e
session_20260710_130308,262,WAITING_IN_PROGRESS,assets/replay/sessions/session_20260710_130308/frames/000262.jpg,crops/session_20260710_130308/000262.png,940,36,1620,100,80762899b28ef4e5df9cdb2aec4a7a3a38cdb206bdcdd6055718a2ed20cd529b
session_20260710_130308,263,WAITING_IN_PROGRESS,assets/replay/sessions/session_20260710_130308/frames/000263.jpg,crops/session_20260710_130308/000263.png,940,36,1620,100,f936e159020b80b05dc904ea0519455933a8136965ba86b7d8e1c8e1b6e30db8
session_20260710_130308,264,WAITING_IN_PROGRESS,assets/replay/sessions/session_20260710_130308/frames/000264.jpg,crops/session_20260710_130308/000264.png,940,36,1620,100,f936e159020b80b05dc904ea0519455933a8136965ba86b7d8e1c8e1b6e30db8
session_20260710_130308,265,WAITING_IN_PROGRESS,assets/replay/sessions/session_20260710_130308/frames/000265.jpg,crops/session_20260710_130308/000265.png,940,36,1620,100,f936e159020b80b05dc904ea0519455933a8136965ba86b7d8e1c8e1b6e30db8
session_20260710_130308,266,WAITING_IN_PROGRESS,assets/replay/sessions/session_20260710_130308/frames/000266.jpg,crops/session_20260710_130308/000266.png,940,36,1620,100,4ef5b2013cf084fb2a088ed907eb7788f3df154731b84b5decdbf596eb37f8c8
session_20260710_130308,267,WAITING_IN_PROGRESS,assets/replay/sessions/session_20260710_130308/frames/000267.jpg,crops/session_20260710_130308/000267.png,940,36,1620,100,2c5596baeaa0d462815b62d89702d7dd736750a065e86c33db34fb8dfe1120b7
session_20260710_130308,268,WAITING_IN_PROGRESS,assets/replay/sessions/session_20260710_130308/frames/000268.jpg,crops/session_20260710_130308/000268.png,940,36,1620,100,803029fc5420cd5a0d7ded7291daa998efb7f28e58c3e42935ca18e7eea0158e
session_20260710_130308,269,WAITING_IN_PROGRESS,assets/replay/sessions/session_20260710_130308/frames/000269.jpg,crops/session_20260710_130308/000269.png,940,36,1620,100,292168f4c5d322660510645071a1792bce636658d99bddeebfa5891b83264d5e
session_20260710_130308,270,WAITING_IN_PROGRESS,assets/replay/sessions/session_20260710_130308/frames/000270.jpg,crops/session_20260710_130308/000270.png,940,36,1620,100,8089cdb975a961a2699aa909ba1bfccb5f97655d679d99f76552e439664efb7a
session_20260710_130308,271,WAITING_IN_PROGRESS,assets/replay/sessions/session_20260710_130308/frames/000271.jpg,crops/session_20260710_130308/000271.png,940,36,1620,100,474c634f1d64e3d9c5550a4f13ee3ebfa350467162f6ec23b8ca52d9df772cdd
session_20260710_130308,272,WAITING_IN_PROGRESS,assets/replay/sessions/session_20260710_130308/frames/000272.jpg,crops/session_20260710_130308/000272.png,940,36,1620,100,54674cc9aa404b46b6f1b597de18d2f9bcf11b19ae8925fae5b91024df63b811
session_20260710_130308,273,WAITING_IN_PROGRESS,assets/replay/sessions/session_20260710_130308/frames/000273.jpg,crops/session_20260710_130308/000273.png,940,36,1620,100,b482d9dd7ef05b5491740e545156122cf807f28cffa99759e576076c05c84bf1
session_20260710_130308,274,WAITING_IN_PROGRESS,assets/replay/sessions/session_20260710_130308/frames/000274.jpg,crops/session_20260710_130308/000274.png,940,36,1620,100,35ba88cfb321ef70a0d7507e27341bd49088a0ffbfe95b9d8de10fe3a163e9a3
session_20260710_130308,275,WAITING_IN_PROGRESS,assets/replay/sessions/session_20260710_130308/frames/000275.jpg,crops/session_20260710_130308/000275.png,940,36,1620,100,385985b94f76b593a4990347c8ba32ae8fb7ceaca5faf08c1ba200275c9a4427
session_20260710_130308,276,WAITING_IN_PROGRESS,assets/replay/sessions/session_20260710_130308/frames/000276.jpg,crops/session_20260710_130308/000276.png,940,36,1620,100,5fa18522cc92ef458d3e21071fb4d2e71fed462333e2c2b12657088a4371d0a3
session_20260710_130308,277,WAITING_IN_PROGRESS,assets/replay/sessions/session_20260710_130308/frames/000277.jpg,crops/session_20260710_130308/000277.png,940,36,1620,100,a57bc8110e6df46f75eb487ec557343cb67cccdb14828612fb21d25257893cc6
session_20260710_130308,278,WAITING_IN_PROGRESS,assets/replay/sessions/session_20260710_130308/frames/000278.jpg,crops/session_20260710_130308/000278.png,940,36,1620,100,a4b07c582f33fcee72390c7f50c7e2c2363f7931e2e2565e13ce4dbb7503cca7
session_20260710_130308,279,WAITING_IN_PROGRESS,assets/replay/sessions/session_20260710_130308/frames/000279.jpg,crops/session_20260710_130308/000279.png,940,36,1620,100,a4b07c582f33fcee72390c7f50c7e2c2363f7931e2e2565e13ce4dbb7503cca7
session_20260710_130308,280,WAITING_IN_PROGRESS,assets/replay/sessions/session_20260710_130308/frames/000280.jpg,crops/session_20260710_130308/000280.png,940,36,1620,100,4faacc289bdf34ff0f5659acfed6343ce75e92d64ee3879939927c4c3ccb75fe
session_20260710_130308,281,WAITING_IN_PROGRESS,assets/replay/sessions/session_20260710_130308/frames/000281.jpg,crops/session_20260710_130308/000281.png,940,36,1620,100,4432213bdb7f3dbc14e2831c4f8ecedef6362a2d5a4ddefb981bfd5b3f6f984d
session_20260710_130308,282,WAITING_IN_PROGRESS,assets/replay/sessions/session_20260710_130308/frames/000282.jpg,crops/session_20260710_130308/000282.png,940,36,1620,100,7b15e8ef62d84041180a23dee23c59fddf6659bef04210806096fdb0662b8dc1
session_20260710_130308,283,WAITING_IN_PROGRESS,assets/replay/sessions/session_20260710_130308/frames/000283.jpg,crops/session_20260710_130308/000283.png,940,36,1620,100,a420e8716c5ecb36a8542a7a167ff9c37d9c897fcffa00eddff252f14ed8b0cf
session_20260710_130308,284,WAITING_IN_PROGRESS,assets/replay/sessions/session_20260710_130308/frames/000284.jpg,crops/session_20260710_130308/000284.png,940,36,1620,100,654a70b174f8e8be564ebf7491c8f8c9540fc0e43a7245512dc9f8998ceae043
session_20260710_130308,285,WAITING_IN_PROGRESS,assets/replay/sessions/session_20260710_130308/frames/000285.jpg,crops/session_20260710_130308/000285.png,940,36,1620,100,74674416926f179debac5d669fd92cef97348e3a66e2c8c2e7a217fc2b5ccd60
session_20260710_130308,286,WAITING_IN_PROGRESS,assets/replay/sessions/session_20260710_130308/frames/000286.jpg,crops/session_20260710_130308/000286.png,940,36,1620,100,d2c159d376e69e99291d45ddbe1ccef9162e6408752aa7ca0946be0443683b2f
session_20260710_130308,287,WAITING_IN_PROGRESS,assets/replay/sessions/session_20260710_130308/frames/000287.jpg,crops/session_20260710_130308/000287.png,940,36,1620,100,f664943c549a1d3394388a9941b5cac7437ba524a5292cc3be761c83e078496b
session_20260710_130308,288,WAITING_IN_PROGRESS,assets/replay/sessions/session_20260710_130308/frames/000288.jpg,crops/session_20260710_130308/000288.png,940,36,1620,100,6626120ea16d8bccee99388926b1275237c2157551a2cb0c513bf4103fead3e9
session_20260710_130308,289,WAITING_IN_PROGRESS,assets/replay/sessions/session_20260710_130308/frames/000289.jpg,crops/session_20260710_130308/000289.png,940,36,1620,100,6626120ea16d8bccee99388926b1275237c2157551a2cb0c513bf4103fead3e9
session_20260710_130308,290,WAITING_IN_PROGRESS,assets/replay/sessions/session_20260710_130308/frames/000290.jpg,crops/session_20260710_130308/000290.png,940,36,1620,100,12f4270fd3fa2c68c1d90b882aaf9dfb6eb8da954c96068c5dd6a65c2bb667df
session_20260710_130308,291,WAITING_IN_PROGRESS,assets/replay/sessions/session_20260710_130308/frames/000291.jpg,crops/session_20260710_130308/000291.png,940,36,1620,100,2fb4ffd7a8b382ca04abafad48e487a2a9de2f394987b15e040e553b9ee6b463
session_20260710_130308,292,WAITING_IN_PROGRESS,assets/replay/sessions/session_20260710_130308/frames/000292.jpg,crops/session_20260710_130308/000292.png,940,36,1620,100,2fb4ffd7a8b382ca04abafad48e487a2a9de2f394987b15e040e553b9ee6b463
session_20260710_130308,293,WAITING_IN_PROGRESS,assets/replay/sessions/session_20260710_130308/frames/000293.jpg,crops/session_20260710_130308/000293.png,940,36,1620,100,2fb4ffd7a8b382ca04abafad48e487a2a9de2f394987b15e040e553b9ee6b463
session_20260710_130308,294,WAITING_IN_PROGRESS,assets/replay/sessions/session_20260710_130308/frames/000294.jpg,crops/session_20260710_130308/000294.png,940,36,1620,100,2fb4ffd7a8b382ca04abafad48e487a2a9de2f394987b15e040e553b9ee6b463
session_20260710_130308,295,WAITING_IN_PROGRESS,assets/replay/sessions/session_20260710_130308/frames/000295.jpg,crops/session_20260710_130308/000295.png,940,36,1620,100,2fb4ffd7a8b382ca04abafad48e487a2a9de2f394987b15e040e553b9ee6b463
session_20260710_130308,296,WAITING_IN_PROGRESS,assets/replay/sessions/session_20260710_130308/frames/000296.jpg,crops/session_20260710_130308/000296.png,940,36,1620,100,b8faac362e2ce7e8a82f443943f01d0b77a82b80ce5fd0b73add3f7e6531a42b
session_20260710_130308,297,WAITING_IN_PROGRESS,assets/replay/sessions/session_20260710_130308/frames/000297.jpg,crops/session_20260710_130308/000297.png,940,36,1620,100,b4f4cf72589fef7250cd3b3bbfb3db84bb9df9d9fb353fedbe87135a8a0c0e36
session_20260710_130308,298,WAITING_IN_PROGRESS,assets/replay/sessions/session_20260710_130308/frames/000298.jpg,crops/session_20260710_130308/000298.png,940,36,1620,100,2a6e197471b1794192b5f986d6fe783e6930ec06649fdbdfe2e7dc2b4f88e928
session_20260710_130308,299,WAITING_IN_PROGRESS,assets/replay/sessions/session_20260710_130308/frames/000299.jpg,crops/session_20260710_130308/000299.png,940,36,1620,100,2a6e197471b1794192b5f986d6fe783e6930ec06649fdbdfe2e7dc2b4f88e928
session_20260710_130308,300,WAITING_IN_PROGRESS,assets/replay/sessions/session_20260710_130308/frames/000300.jpg,crops/session_20260710_130308/000300.png,940,36,1620,100,87b12a65aa53b4067a351231049c0acbbbf78789b6365d1d7059183bd1363c88
session_20260710_130308,301,WAITING_IN_PROGRESS,assets/replay/sessions/session_20260710_130308/frames/000301.jpg,crops/session_20260710_130308/000301.png,940,36,1620,100,87b12a65aa53b4067a351231049c0acbbbf78789b6365d1d7059183bd1363c88
session_20260710_130308,302,WAITING_IN_PROGRESS,assets/replay/sessions/session_20260710_130308/frames/000302.jpg,crops/session_20260710_130308/000302.png,940,36,1620,100,87b12a65aa53b4067a351231049c0acbbbf78789b6365d1d7059183bd1363c88
session_20260710_130308,303,WAITING_IN_PROGRESS,assets/replay/sessions/session_20260710_130308/frames/000303.jpg,crops/session_20260710_130308/000303.png,940,36,1620,100,09bb6b880c9dbe52e7aaea049827449d11084dda1ea7ebfe78ccc20737ffc338
session_20260710_130308,304,WAITING_IN_PROGRESS,assets/replay/sessions/session_20260710_130308/frames/000304.jpg,crops/session_20260710_130308/000304.png,940,36,1620,100,d0990346f93614a708985378988d7e9599e45e727282c99802b85196e48f3689
session_20260710_130308,305,WAITING_IN_PROGRESS,assets/replay/sessions/session_20260710_130308/frames/000305.jpg,crops/session_20260710_130308/000305.png,940,36,1620,100,d8d292e50b8448621d8b1a265c12e51f8446561c9683e139400db7e26de15041
session_20260710_130308,306,WAITING_IN_PROGRESS,assets/replay/sessions/session_20260710_130308/frames/000306.jpg,crops/session_20260710_130308/000306.png,940,36,1620,100,fe5ce681cdf3810360e9b7d3d6d1386fcb79dcd70aa1ac0d8553bb6776def7bd
session_20260710_130308,307,WAITING_IN_PROGRESS,assets/replay/sessions/session_20260710_130308/frames/000307.jpg,crops/session_20260710_130308/000307.png,940,36,1620,100,f8e11de4e4628ec55d2f80302b109417af955e4d14c2403141c841a2be0dc192
session_20260710_130308,308,WAITING_IN_PROGRESS,assets/replay/sessions/session_20260710_130308/frames/000308.jpg,crops/session_20260710_130308/000308.png,940,36,1620,100,544446dd7c3515a1cda69f552d41454c81f462ca943f4417a503e33da8b1479a
session_20260710_130308,309,WAITING_IN_PROGRESS,assets/replay/sessions/session_20260710_130308/frames/000309.jpg,crops/session_20260710_130308/000309.png,940,36,1620,100,b2129b3f68db013b2a9448071fdc2253daa3b708a001f37ea0c79e803a19ec2a
session_20260710_130308,310,WAITING_IN_PROGRESS,assets/replay/sessions/session_20260710_130308/frames/000310.jpg,crops/session_20260710_130308/000310.png,940,36,1620,100,f3d42f5cb3a2e00b1343b0e3e20813564d53fbfb9a4c75c77ee81af8ea454ef8
session_20260710_130308,311,WAITING_IN_PROGRESS,assets/replay/sessions/session_20260710_130308/frames/000311.jpg,crops/session_20260710_130308/000311.png,940,36,1620,100,f3d42f5cb3a2e00b1343b0e3e20813564d53fbfb9a4c75c77ee81af8ea454ef8
session_20260710_130308,312,WAITING_IN_PROGRESS,assets/replay/sessions/session_20260710_130308/frames/000312.jpg,crops/session_20260710_130308/000312.png,940,36,1620,100,883934d8b662216c7724670895a92592d2d7f3f6a864ddfec73b77771f6e9efa
session_20260710_130308,313,WAITING_IN_PROGRESS,assets/replay/sessions/session_20260710_130308/frames/000313.jpg,crops/session_20260710_130308/000313.png,940,36,1620,100,160a10ab9e50ffec2d06523013a5b2c00d41e4d00dbbf89bdb959f62eef48f02
session_20260710_130308,314,WAITING_IN_PROGRESS,assets/replay/sessions/session_20260710_130308/frames/000314.jpg,crops/session_20260710_130308/000314.png,940,36,1620,100,f49c1e7022c6622048514b1480ad3c2c13dff833b63b87ad1536347c3dd058d0
session_20260710_130308,315,WAITING_IN_PROGRESS,assets/replay/sessions/session_20260710_130308/frames/000315.jpg,crops/session_20260710_130308/000315.png,940,36,1620,100,f49c1e7022c6622048514b1480ad3c2c13dff833b63b87ad1536347c3dd058d0
session_20260710_130308,316,WAITING_IN_PROGRESS,assets/replay/sessions/session_20260710_130308/frames/000316.jpg,crops/session_20260710_130308/000316.png,940,36,1620,100,f49c1e7022c6622048514b1480ad3c2c13dff833b63b87ad1536347c3dd058d0
session_20260710_130308,317,WAITING_IN_PROGRESS,assets/replay/sessions/session_20260710_130308/frames/000317.jpg,crops/session_20260710_130308/000317.png,940,36,1620,100,565e82b973003d6a6c3ce1efdeecb31009cb9707fe7b649eba2af3cd15355da6
session_20260710_130308,318,WAITING_IN_PROGRESS,assets/replay/sessions/session_20260710_130308/frames/000318.jpg,crops/session_20260710_130308/000318.png,940,36,1620,100,d57dc6a14fbb05194af64c045d87729b46d44c56489269a9c9324c37439549b9
session_20260710_130308,319,WAITING_IN_PROGRESS,assets/replay/sessions/session_20260710_130308/frames/000319.jpg,crops/session_20260710_130308/000319.png,940,36,1620,100,d57dc6a14fbb05194af64c045d87729b46d44c56489269a9c9324c37439549b9
session_20260710_130308,320,WAITING_IN_PROGRESS,assets/replay/sessions/session_20260710_130308/frames/000320.jpg,crops/session_20260710_130308/000320.png,940,36,1620,100,6be7fbe43712f79007ced7aba71d4a45209326fd30635a9898bf85bd7a6e5721
session_20260710_130308,321,READY_BITE,assets/replay/sessions/session_20260710_130308/frames/000321.jpg,crops/session_20260710_130308/000321.png,940,36,1620,100,5cb257969a439aa9f865ffb1afc10f1b4c4f149ad7234637b559ce63cc002d49
session_20260710_130308,322,READY_BITE,assets/replay/sessions/session_20260710_130308/frames/000322.jpg,crops/session_20260710_130308/000322.png,940,36,1620,100,91161c191dce54cfbfa574cf9d33a36781e6f82646adfe6e53387160b991abf2
session_20260710_130308,323,READY_BITE,assets/replay/sessions/session_20260710_130308/frames/000323.jpg,crops/session_20260710_130308/000323.png,940,36,1620,100,c7a27a2ab8ffd725a806b6672626f4b269d420ba24123628d8d652f0856538cc
session_20260710_130308,324,READY_BITE,assets/replay/sessions/session_20260710_130308/frames/000324.jpg,crops/session_20260710_130308/000324.png,940,36,1620,100,102a0920f24337bc76c5010ccc107d8b2aae7a74ba6694c5252b3e1b6004031d
session_20260710_130308,325,READY_BITE,assets/replay/sessions/session_20260710_130308/frames/000325.jpg,crops/session_20260710_130308/000325.png,940,36,1620,100,fbee9851f6e450929fceb8de898b1244e86b89d83fff7ef01518605e62440c69
session_20260710_130308,326,READY_BITE,assets/replay/sessions/session_20260710_130308/frames/000326.jpg,crops/session_20260710_130308/000326.png,940,36,1620,100,024bf8d42f0d3997b0e58552fb4b9222eb837e64d5560292fdadd3b0799cb9aa
session_20260710_130308,327,READY_BITE,assets/replay/sessions/session_20260710_130308/frames/000327.jpg,crops/session_20260710_130308/000327.png,940,36,1620,100,ea50a27bd454ca49c065af0636d31db0c31ebc903dee2d6ac9892f71e3df9f5d
session_20260710_130308,328,READY_BITE,assets/replay/sessions/session_20260710_130308/frames/000328.jpg,crops/session_20260710_130308/000328.png,940,36,1620,100,3a76997b0d7be8addea8ac619b465394e77609507c1a40dee5c142b008aa9a3c
session_20260710_130308,329,READY_BITE,assets/replay/sessions/session_20260710_130308/frames/000329.jpg,crops/session_20260710_130308/000329.png,940,36,1620,100,b7817e9bc2c295998f3bf05897c8a8b80f0a13540b697ea945d9d73c2609dc8b
session_20260710_130308,330,READY_BITE,assets/replay/sessions/session_20260710_130308/frames/000330.jpg,crops/session_20260710_130308/000330.png,940,36,1620,100,ab6459e4a65499d272fef825ff98c34f3cac0a8c61750a4fe038a17ba28f6909
session_20260710_130308,331,READY_BITE,assets/replay/sessions/session_20260710_130308/frames/000331.jpg,crops/session_20260710_130308/000331.png,940,36,1620,100,e537b83dd9cf906b9c707b2b902f232015d656594d73107199eb1e3a3e7cda4b
session_20260710_130308,332,READY_BITE,assets/replay/sessions/session_20260710_130308/frames/000332.jpg,crops/session_20260710_130308/000332.png,940,36,1620,100,11f46631d69f6b7770e0aed601a54c832eb7d81eb8d18151a9b1213a1d1e8377
session_20260710_130308,333,READY_BITE,assets/replay/sessions/session_20260710_130308/frames/000333.jpg,crops/session_20260710_130308/000333.png,940,36,1620,100,b336f038c1d32f404856a19eb0d435f1c41a8d3a8be627538ca161aa9a392cec
session_20260710_130308,334,READY_BITE,assets/replay/sessions/session_20260710_130308/frames/000334.jpg,crops/session_20260710_130308/000334.png,940,36,1620,100,b336f038c1d32f404856a19eb0d435f1c41a8d3a8be627538ca161aa9a392cec
session_20260710_130308,335,READY_BITE,assets/replay/sessions/session_20260710_130308/frames/000335.jpg,crops/session_20260710_130308/000335.png,940,36,1620,100,633c57b112f90eccc2300f145f2f57c47c517210b24fa0766eea6a0cc2d7b8f8
session_20260710_130308,336,READY_BITE,assets/replay/sessions/session_20260710_130308/frames/000336.jpg,crops/session_20260710_130308/000336.png,940,36,1620,100,633c57b112f90eccc2300f145f2f57c47c517210b24fa0766eea6a0cc2d7b8f8
session_20260710_130308,337,READY_BITE,assets/replay/sessions/session_20260710_130308/frames/000337.jpg,crops/session_20260710_130308/000337.png,940,36,1620,100,db6e1952c11bafb89e89b9a7d49d50a282e7671711b4f2bb33630f84bfa914ef
session_20260710_130308,338,READY_BITE,assets/replay/sessions/session_20260710_130308/frames/000338.jpg,crops/session_20260710_130308/000338.png,940,36,1620,100,f5d7dd1f4399cf677dfb77c596ed761ad2cf49a7724a71223bf309ad355c70e6
session_20260710_130308,339,READY_BITE,assets/replay/sessions/session_20260710_130308/frames/000339.jpg,crops/session_20260710_130308/000339.png,940,36,1620,100,f5d7dd1f4399cf677dfb77c596ed761ad2cf49a7724a71223bf309ad355c70e6
session_20260710_130308,340,READY_BITE,assets/replay/sessions/session_20260710_130308/frames/000340.jpg,crops/session_20260710_130308/000340.png,940,36,1620,100,e94be40bb2fabeaa60aaaaffdb8da37827caf8d39047cc1bad124b9d1f4d76b9
session_20260710_130308,341,READY_BITE,assets/replay/sessions/session_20260710_130308/frames/000341.jpg,crops/session_20260710_130308/000341.png,940,36,1620,100,1b3485d0a5112d39a9275b79e0772c444087102d70ae3d45d09e852b420559ec
session_20260710_130308,342,READY_BITE,assets/replay/sessions/session_20260710_130308/frames/000342.jpg,crops/session_20260710_130308/000342.png,940,36,1620,100,1b3485d0a5112d39a9275b79e0772c444087102d70ae3d45d09e852b420559ec
session_20260710_130308,343,READY_BITE,assets/replay/sessions/session_20260710_130308/frames/000343.jpg,crops/session_20260710_130308/000343.png,940,36,1620,100,1b3485d0a5112d39a9275b79e0772c444087102d70ae3d45d09e852b420559ec
session_20260710_130308,344,READY_BITE,assets/replay/sessions/session_20260710_130308/frames/000344.jpg,crops/session_20260710_130308/000344.png,940,36,1620,100,1b3485d0a5112d39a9275b79e0772c444087102d70ae3d45d09e852b420559ec
session_20260710_130308,345,READY_BITE,assets/replay/sessions/session_20260710_130308/frames/000345.jpg,crops/session_20260710_130308/000345.png,940,36,1620,100,1b3485d0a5112d39a9275b79e0772c444087102d70ae3d45d09e852b420559ec
session_20260710_130308,346,READY_BITE,assets/replay/sessions/session_20260710_130308/frames/000346.jpg,crops/session_20260710_130308/000346.png,940,36,1620,100,81b487ea8b9514bd6070dc1d368d68c78def62e69776b228b2c3554eb88ceb03
session_20260710_130308,347,READY_BITE,assets/replay/sessions/session_20260710_130308/frames/000347.jpg,crops/session_20260710_130308/000347.png,940,36,1620,100,061dbc1109698f06e380b6bd9b8a2ca33a16c3f886c48a2776604ab2011352c1
session_20260710_130308,348,READY_BITE,assets/replay/sessions/session_20260710_130308/frames/000348.jpg,crops/session_20260710_130308/000348.png,940,36,1620,100,fd4e0bc97705dcf2add45a448b0d28a30f0bb7b4fca42281138f90afbb9a7289
session_20260710_130308,349,READY_BITE,assets/replay/sessions/session_20260710_130308/frames/000349.jpg,crops/session_20260710_130308/000349.png,940,36,1620,100,fd4e0bc97705dcf2add45a448b0d28a30f0bb7b4fca42281138f90afbb9a7289
session_20260710_130308,350,READY_BITE,assets/replay/sessions/session_20260710_130308/frames/000350.jpg,crops/session_20260710_130308/000350.png,940,36,1620,100,fd4e0bc97705dcf2add45a448b0d28a30f0bb7b4fca42281138f90afbb9a7289
session_20260710_130308,351,READY_BITE,assets/replay/sessions/session_20260710_130308/frames/000351.jpg,crops/session_20260710_130308/000351.png,940,36,1620,100,fd4e0bc97705dcf2add45a448b0d28a30f0bb7b4fca42281138f90afbb9a7289
session_20260710_130308,352,READY_BITE,assets/replay/sessions/session_20260710_130308/frames/000352.jpg,crops/session_20260710_130308/000352.png,940,36,1620,100,fd4e0bc97705dcf2add45a448b0d28a30f0bb7b4fca42281138f90afbb9a7289
session_20260710_130308,353,READY_BITE,assets/replay/sessions/session_20260710_130308/frames/000353.jpg,crops/session_20260710_130308/000353.png,940,36,1620,100,1cd5795e5a52e2cb954853802eca84533b8925c827bd366710a6e74110b5db9a
session_20260710_130308,354,READY_BITE,assets/replay/sessions/session_20260710_130308/frames/000354.jpg,crops/session_20260710_130308/000354.png,940,36,1620,100,32e6015f2e077fe3369d8f160c5139d7adc63181e02c76fcf6a8b06e5bdaba83
session_20260710_130308,355,READY_BITE,assets/replay/sessions/session_20260710_130308/frames/000355.jpg,crops/session_20260710_130308/000355.png,940,36,1620,100,32e6015f2e077fe3369d8f160c5139d7adc63181e02c76fcf6a8b06e5bdaba83
session_20260710_130308,356,READY_BITE,assets/replay/sessions/session_20260710_130308/frames/000356.jpg,crops/session_20260710_130308/000356.png,940,36,1620,100,676113be6fd7151640cfce6177f7edb15ecc99df18db65a873dd23e00361702d
session_20260710_130308,357,READY_BITE,assets/replay/sessions/session_20260710_130308/frames/000357.jpg,crops/session_20260710_130308/000357.png,940,36,1620,100,4d8271732712d6d16ef2c5bdfb8c9afb8335fab32147922f9925c1a8385e5f86
session_20260710_130308,358,READY_BITE,assets/replay/sessions/session_20260710_130308/frames/000358.jpg,crops/session_20260710_130308/000358.png,940,36,1620,100,f25e78be36a3ada551c18689f5d3f7fc47116416a2c4e9bb5e96721d435c8ed5
session_20260710_130308,359,READY_BITE,assets/replay/sessions/session_20260710_130308/frames/000359.jpg,crops/session_20260710_130308/000359.png,940,36,1620,100,f82331c3615e55604f85bee9921b04627105dd9edcb6eb1023dd8d63e339c163
session_20260710_130308,360,READY_BITE,assets/replay/sessions/session_20260710_130308/frames/000360.jpg,crops/session_20260710_130308/000360.png,940,36,1620,100,9d2e8b609bebf8c34da61f3d497a87786f2d25366fccb617adf8f9a779e72152
session_20260710_130308,361,READY_BITE,assets/replay/sessions/session_20260710_130308/frames/000361.jpg,crops/session_20260710_130308/000361.png,940,36,1620,100,07460344c3c0010c02261e0636a79bbfeefbd538c4b827b67f83485f71ba1ff6
session_20260710_130308,362,READY_BITE,assets/replay/sessions/session_20260710_130308/frames/000362.jpg,crops/session_20260710_130308/000362.png,940,36,1620,100,08650d24dd199b0160028606beb2fae2d443e23954434948b3b274034a76124b
session_20260710_130308,363,READY_BITE,assets/replay/sessions/session_20260710_130308/frames/000363.jpg,crops/session_20260710_130308/000363.png,940,36,1620,100,b4147e718af6ce157c7169da3e77b190b8959b5a517932628af758a679218345
session_20260710_130308,364,READY_BITE,assets/replay/sessions/session_20260710_130308/frames/000364.jpg,crops/session_20260710_130308/000364.png,940,36,1620,100,2bc9dc3561f443b0103faa4d6e99d47a0a5e711f33aae14c358c46bbd0e723ba
session_20260710_130308,365,READY_BITE,assets/replay/sessions/session_20260710_130308/frames/000365.jpg,crops/session_20260710_130308/000365.png,940,36,1620,100,2ccad8b6b5b08f23ab996e7f35dde807c3adac8d1f102dd60ff29cfee72ea153
session_20260710_130308,366,READY_BITE,assets/replay/sessions/session_20260710_130308/frames/000366.jpg,crops/session_20260710_130308/000366.png,940,36,1620,100,209f1fbcda8c9db9dfe8110f30d06c8a40ff8fc41d5051d7c70b3d2b05c15512
session_20260710_130308,367,READY_BITE,assets/replay/sessions/session_20260710_130308/frames/000367.jpg,crops/session_20260710_130308/000367.png,940,36,1620,100,82465c96e2bf30ad4ae6b59f834ab7764d5d288954094190fa8c1bb5385a75bd
session_20260710_130308,368,READY_BITE,assets/replay/sessions/session_20260710_130308/frames/000368.jpg,crops/session_20260710_130308/000368.png,940,36,1620,100,e3a471a83c798089365ada6127db6ba971e45a69d584bfb47534909a783430d2
session_20260710_130308,369,READY_BITE,assets/replay/sessions/session_20260710_130308/frames/000369.jpg,crops/session_20260710_130308/000369.png,940,36,1620,100,917ae1af2514b3b62d13b76bf30d732fc4c26ff109cf42fb934daa25e9bb3455
session_20260710_130308,370,READY_BITE,assets/replay/sessions/session_20260710_130308/frames/000370.jpg,crops/session_20260710_130308/000370.png,940,36,1620,100,7dec0a5c9ba5f8e575e432f7a9b7f1999162103df1c56019726ae862c10a6394
session_20260710_130308,371,READY_BITE,assets/replay/sessions/session_20260710_130308/frames/000371.jpg,crops/session_20260710_130308/000371.png,940,36,1620,100,566adb3393de43b1f0fc249c64df3743d61da91e1939d74294a93e0d7ac98c21
session_20260710_130308,372,READY_BITE,assets/replay/sessions/session_20260710_130308/frames/000372.jpg,crops/session_20260710_130308/000372.png,940,36,1620,100,6689e8c60fb94a89e91c43e0efe559a5764b15f253fd85a7de5a2fff735ec6c4
session_20260710_130308,373,READY_BITE,assets/replay/sessions/session_20260710_130308/frames/000373.jpg,crops/session_20260710_130308/000373.png,940,36,1620,100,921dc17499bb07189dfc2147da28dcfd1167599417d3d2dde9c97edff7f9f17d
session_20260710_130308,374,READY_BITE,assets/replay/sessions/session_20260710_130308/frames/000374.jpg,crops/session_20260710_130308/000374.png,940,36,1620,100,d369bfa03a3c83fb224fc94d76e9ace4efcda24e4197880e92a3b9ae7d5c73b4
session_20260710_130308,375,READY_BITE,assets/replay/sessions/session_20260710_130308/frames/000375.jpg,crops/session_20260710_130308/000375.png,940,36,1620,100,325a778388bcc8fda01fcf228bf63f33e78de448a6bf40b861363f01d2122d96
session_20260710_130308,376,READY_BITE,assets/replay/sessions/session_20260710_130308/frames/000376.jpg,crops/session_20260710_130308/000376.png,940,36,1620,100,e09ee4949454db5410506dfce76758b07ea0503e61b00857227cb0006e4e52db
session_20260710_130308,377,READY_BITE,assets/replay/sessions/session_20260710_130308/frames/000377.jpg,crops/session_20260710_130308/000377.png,940,36,1620,100,1fcf458b6f4765db6bf5b8dcd6e90fcc5b5c8f8eaa28dff43b5c41f63c74d1b2
session_20260710_130308,378,READY_BITE,assets/replay/sessions/session_20260710_130308/frames/000378.jpg,crops/session_20260710_130308/000378.png,940,36,1620,100,b5e572bc52a6b6cecc80eaec9fbc0a149229eb115a1803b1841171667fc2cfe2
session_20260710_130308,379,READY_BITE,assets/replay/sessions/session_20260710_130308/frames/000379.jpg,crops/session_20260710_130308/000379.png,940,36,1620,100,2869cc119b51cb0f7dd288006b83c7827b98566e98d9b760f6b994220694ca3d
session_20260710_130308,380,HOOK_INSTRUCTION,assets/replay/sessions/session_20260710_130308/frames/000380.jpg,crops/session_20260710_130308/000380.png,940,36,1620,100,27b9032135fb56078850e45770676800a824343ff7e0ed046d95ccdeb4d6072d
session_20260710_130308,381,HOOK_INSTRUCTION,assets/replay/sessions/session_20260710_130308/frames/000381.jpg,crops/session_20260710_130308/000381.png,940,36,1620,100,382130411fa2bbff69a500a166c6ad30074817e7128e745db34968d071d0b057
session_20260710_130308,382,HOOK_INSTRUCTION,assets/replay/sessions/session_20260710_130308/frames/000382.jpg,crops/session_20260710_130308/000382.png,940,36,1620,100,13de5c0567e7b443476df54ecc3fe2f0dee19a6d7955081c3381714ba5720aad
session_20260710_130308,383,HOOK_INSTRUCTION,assets/replay/sessions/session_20260710_130308/frames/000383.jpg,crops/session_20260710_130308/000383.png,940,36,1620,100,6e4fe7170d5f5dc41c18cb70979945509e910e3244c0b325c9f619e0c9cf83ef
session_20260710_130308,384,HOOK_INSTRUCTION,assets/replay/sessions/session_20260710_130308/frames/000384.jpg,crops/session_20260710_130308/000384.png,940,36,1620,100,e8c7b421e47e74d3d440f17c10e73c798d556718bd0500aa3a3bae98cf429874
session_20260710_130308,385,HOOK_INSTRUCTION,assets/replay/sessions/session_20260710_130308/frames/000385.jpg,crops/session_20260710_130308/000385.png,940,36,1620,100,7aea4f867a6b7cccc67e30e72943cba1f3c3f121fd18e2938e6ba3051cb34ca2
session_20260710_130308,386,HOOK_INSTRUCTION,assets/replay/sessions/session_20260710_130308/frames/000386.jpg,crops/session_20260710_130308/000386.png,940,36,1620,100,851829bd21ff4d150bf3519b81a665d977529298293f19574562dd7a465c975e
session_20260710_130308,387,HOOK_INSTRUCTION,assets/replay/sessions/session_20260710_130308/frames/000387.jpg,crops/session_20260710_130308/000387.png,940,36,1620,100,8eab6cd9ec77af99d1a6c5b9b81656404a3a3e8b3058318e0c0001e1cdbb99b9
session_20260710_130308,388,HOOK_INSTRUCTION,assets/replay/sessions/session_20260710_130308/frames/000388.jpg,crops/session_20260710_130308/000388.png,940,36,1620,100,6dc62b2c4e9442d5e48af63b706db62e5c2be646ac5751e5aa89c0017e745930
session_20260710_130308,389,HOOK_INSTRUCTION,assets/replay/sessions/session_20260710_130308/frames/000389.jpg,crops/session_20260710_130308/000389.png,940,36,1620,100,814e3407e740cd1edee617f34d5cc4305c5a52638d4dc214a1a21039137dd632
session_20260710_130308,390,HOOK_INSTRUCTION,assets/replay/sessions/session_20260710_130308/frames/000390.jpg,crops/session_20260710_130308/000390.png,940,36,1620,100,1adef944061a9bc80a1039614323c5d12c7ec0fccbce348c4a428c682f31b133
session_20260710_130308,391,HOOK_INSTRUCTION,assets/replay/sessions/session_20260710_130308/frames/000391.jpg,crops/session_20260710_130308/000391.png,940,36,1620,100,d20afcc04c0a93f8927cc1cf81b17a93321bff634803404188daf65904acde6f
session_20260710_130308,392,HOOK_INSTRUCTION,assets/replay/sessions/session_20260710_130308/frames/000392.jpg,crops/session_20260710_130308/000392.png,940,36,1620,100,546bb3b74725aa0e73da75ad2d2159adcbf4c7da8c650984c63d24ee57d8c133
session_20260710_130308,393,HOOK_INSTRUCTION,assets/replay/sessions/session_20260710_130308/frames/000393.jpg,crops/session_20260710_130308/000393.png,940,36,1620,100,720c2089c8326f963b08a6bca9080eb2d90ec48ab731d4436696f48ec6c75ac4
session_20260710_130308,394,HOOK_INSTRUCTION,assets/replay/sessions/session_20260710_130308/frames/000394.jpg,crops/session_20260710_130308/000394.png,940,36,1620,100,f04b82f9512ff0abf336861b6a69495ff1c8f70cf2e6b5dc1c80f060d6f391c3
session_20260710_130308,395,HOOK_INSTRUCTION,assets/replay/sessions/session_20260710_130308/frames/000395.jpg,crops/session_20260710_130308/000395.png,940,36,1620,100,80e7c9cb26f7945e0465c192550cd9c21119fd26cfc266fee7549019ac9a093d
session_20260710_130308,396,HOOK_INSTRUCTION,assets/replay/sessions/session_20260710_130308/frames/000396.jpg,crops/session_20260710_130308/000396.png,940,36,1620,100,c581e8204591797376c7a65443beb0855a30a15fe3d960b26886f8797918c01c
session_20260710_130308,397,HOOK_INSTRUCTION,assets/replay/sessions/session_20260710_130308/frames/000397.jpg,crops/session_20260710_130308/000397.png,940,36,1620,100,cff8d4eee95ee162e45780c3586c5ae7a69739518605c672e1c2d89e171e6535
session_20260710_130308,398,HOOK_INSTRUCTION,assets/replay/sessions/session_20260710_130308/frames/000398.jpg,crops/session_20260710_130308/000398.png,940,36,1620,100,7cadd5ffc7c1ce658bbcd17af10f82348638c8e86da3c199824e7148b8120e49
session_20260710_130308,399,HOOK_INSTRUCTION,assets/replay/sessions/session_20260710_130308/frames/000399.jpg,crops/session_20260710_130308/000399.png,940,36,1620,100,3253ca25c4f3e4379e1e1eed73fba28771e3147eb92cb0d9e18d38d499127c33
session_20260710_130308,400,HOOK_INSTRUCTION,assets/replay/sessions/session_20260710_130308/frames/000400.jpg,crops/session_20260710_130308/000400.png,940,36,1620,100,6a554880331ce6caf294b0c6e7a17de42ae59163faf5c2a92a20e2bc8a791656
session_20260710_130308,401,HOOK_INSTRUCTION,assets/replay/sessions/session_20260710_130308/frames/000401.jpg,crops/session_20260710_130308/000401.png,940,36,1620,100,dac6983f37af0f45572fc815b99115b0effa9c46e80ee42ddeb91a53713c395d
session_20260710_130308,402,HOOK_INSTRUCTION,assets/replay/sessions/session_20260710_130308/frames/000402.jpg,crops/session_20260710_130308/000402.png,940,36,1620,100,50dc09a6c31a8c4ac118c80b05b488003d8e9a92477554708b71b195db771c77
session_20260710_130308,403,HOOK_INSTRUCTION,assets/replay/sessions/session_20260710_130308/frames/000403.jpg,crops/session_20260710_130308/000403.png,940,36,1620,100,d6a7cd94e4d939165af254b46447a22bfb780f89b5217a60ab85d424e3073187
session_20260710_130308,404,HOOK_INSTRUCTION,assets/replay/sessions/session_20260710_130308/frames/000404.jpg,crops/session_20260710_130308/000404.png,940,36,1620,100,f9852b6c03b39f69b3dca87b3e8629bbaaacbf11ff7943024154a2849597ce03
session_20260710_130308,405,HOOK_INSTRUCTION,assets/replay/sessions/session_20260710_130308/frames/000405.jpg,crops/session_20260710_130308/000405.png,940,36,1620,100,0749d3d877a0917b5cb80ebc7ef4fba83ebc28928ef4f2f5813df30c105120b1
session_20260710_130308,406,HOOK_INSTRUCTION,assets/replay/sessions/session_20260710_130308/frames/000406.jpg,crops/session_20260710_130308/000406.png,940,36,1620,100,2ee6fd2c792edb887d1ed8f2a38ff892771db227a6d4be492b278d0989332f7f
session_20260710_130308,407,HOOK_INSTRUCTION,assets/replay/sessions/session_20260710_130308/frames/000407.jpg,crops/session_20260710_130308/000407.png,940,36,1620,100,fe2f8a5e4fe7431c96fbf02edbd4d7e374a454fea325aa0c5f5b944a5a670c5a
session_20260710_130308,408,HOOK_INSTRUCTION,assets/replay/sessions/session_20260710_130308/frames/000408.jpg,crops/session_20260710_130308/000408.png,940,36,1620,100,130264f4ca6fd6c2173f7537f6ddc5cf77aecdc162d8d9ebb78ed8efa963b2f7
session_20260710_130308,409,HOOK_INSTRUCTION,assets/replay/sessions/session_20260710_130308/frames/000409.jpg,crops/session_20260710_130308/000409.png,940,36,1620,100,a548a365112ad7b1f24c86c774e97a8b15ae4980738895472f287bdeef0aa05e
session_20260710_130308,410,HOOK_INSTRUCTION,assets/replay/sessions/session_20260710_130308/frames/000410.jpg,crops/session_20260710_130308/000410.png,940,36,1620,100,da5e7fc41d75b0eeaed6b0d2fca3cab6c07586a20e4b52946e40da8d56feb58d
session_20260710_130308,411,HOOK_INSTRUCTION,assets/replay/sessions/session_20260710_130308/frames/000411.jpg,crops/session_20260710_130308/000411.png,940,36,1620,100,b9c9ea077cc23cadab15702c78b950961b8a0fd0bbd996bd679fa6f4c70437b7
session_20260710_130308,412,HOOK_INSTRUCTION,assets/replay/sessions/session_20260710_130308/frames/000412.jpg,crops/session_20260710_130308/000412.png,940,36,1620,100,1b63f0bce3b06f1bfe5906e554c2956cc07580c08449214bf1f28c645c7f9e88
session_20260710_130308,413,HOOK_INSTRUCTION,assets/replay/sessions/session_20260710_130308/frames/000413.jpg,crops/session_20260710_130308/000413.png,940,36,1620,100,6ce0d419127e9f7b74fa4c9b4ab94fd9339a55f071a858b7349a9ea0fa3cb707
session_20260710_130308,414,HOOK_INSTRUCTION,assets/replay/sessions/session_20260710_130308/frames/000414.jpg,crops/session_20260710_130308/000414.png,940,36,1620,100,d2bbc194cb5c082594a5586a06a832b4d0cc3bfca643db770b7ed117df3ca78c
session_20260710_130308,415,PRESS_INSTRUCTION,assets/replay/sessions/session_20260710_130308/frames/000415.jpg,crops/session_20260710_130308/000415.png,940,36,1620,100,73732bc421044dabbcc2e9fbceeaa4b0f644d38f13773b9c95d4e5d353635b73
session_20260710_130308,416,PRESS_INSTRUCTION,assets/replay/sessions/session_20260710_130308/frames/000416.jpg,crops/session_20260710_130308/000416.png,940,36,1620,100,69d2170964631140b9789c1989a7460d6b9d81bb63b8ef1c172c9695e14ab9db
session_20260710_130308,417,PRESS_INSTRUCTION,assets/replay/sessions/session_20260710_130308/frames/000417.jpg,crops/session_20260710_130308/000417.png,940,36,1620,100,b1f9384a654da86d9a92218c0af9e633e3834cf6c27170bd116e563e93cc4dd3
session_20260710_130308,418,PRESS_INSTRUCTION,assets/replay/sessions/session_20260710_130308/frames/000418.jpg,crops/session_20260710_130308/000418.png,940,36,1620,100,2c4765d7c6b2cb2bf2acb4927f58d1aa533c282daebf79dfa3c6e19826270ab7
session_20260710_130308,419,PRESS_INSTRUCTION,assets/replay/sessions/session_20260710_130308/frames/000419.jpg,crops/session_20260710_130308/000419.png,940,36,1620,100,25e56fbc05c8098b8a0feea02de73190ac5d25ef9cf1f97bc2cb88b6a0755004
session_20260710_130308,420,PRESS_INSTRUCTION,assets/replay/sessions/session_20260710_130308/frames/000420.jpg,crops/session_20260710_130308/000420.png,940,36,1620,100,c587ba610581e220f42b10e77b9b69bcf9abe6a77ae271043b18f26464339f99
session_20260710_130308,421,PRESS_INSTRUCTION,assets/replay/sessions/session_20260710_130308/frames/000421.jpg,crops/session_20260710_130308/000421.png,940,36,1620,100,e1115e55482ac6611ab73308817fb3e5a327acd49acdc1727471e00c376f99f0
session_20260710_130308,422,PRESS_INSTRUCTION,assets/replay/sessions/session_20260710_130308/frames/000422.jpg,crops/session_20260710_130308/000422.png,940,36,1620,100,66877eef9a7a16adfb31962cbe738bc28b1c5efe65c8483bca4e8fc211220c04
session_20260710_130308,423,PRESS_INSTRUCTION,assets/replay/sessions/session_20260710_130308/frames/000423.jpg,crops/session_20260710_130308/000423.png,940,36,1620,100,4564a6837eabeec7df06747471cadbf839f935a3532a2c7c5dec866e0bb1fab7
session_20260710_130308,424,PRESS_INSTRUCTION,assets/replay/sessions/session_20260710_130308/frames/000424.jpg,crops/session_20260710_130308/000424.png,940,36,1620,100,201fc4cf5a6d9752fc25d0c561580b7f85ed23d913e03a6ee5a47b95f2f083cf
session_20260710_130308,425,PRESS_INSTRUCTION,assets/replay/sessions/session_20260710_130308/frames/000425.jpg,crops/session_20260710_130308/000425.png,940,36,1620,100,cfdbfb29403def0657ff2dfdd51c0fc31fa24fe25c2089d094d5f39f28ef40ce
session_20260710_130308,426,PRESS_INSTRUCTION,assets/replay/sessions/session_20260710_130308/frames/000426.jpg,crops/session_20260710_130308/000426.png,940,36,1620,100,850b770332738a21f95eee864518afcdb1531c49685883c6c9d06864fc77d24a
session_20260710_130308,427,PRESS_INSTRUCTION,assets/replay/sessions/session_20260710_130308/frames/000427.jpg,crops/session_20260710_130308/000427.png,940,36,1620,100,c34b89ae226b8d834cd2aa2dcc1de66f60d838411da6833d4437b0615c5170c7
session_20260710_130308,428,PRESS_INSTRUCTION,assets/replay/sessions/session_20260710_130308/frames/000428.jpg,crops/session_20260710_130308/000428.png,940,36,1620,100,4b5af1249a1df8c765c624ab2045b71ddde048f8f026fbee8cd324bbf8715cd8
session_20260710_130308,429,PRESS_INSTRUCTION,assets/replay/sessions/session_20260710_130308/frames/000429.jpg,crops/session_20260710_130308/000429.png,940,36,1620,100,c578ada45d89da0521c483b719bd520d4bcf437b6e3325d407e555bad8780793
session_20260710_130308,430,PRESS_INSTRUCTION,assets/replay/sessions/session_20260710_130308/frames/000430.jpg,crops/session_20260710_130308/000430.png,940,36,1620,100,e5beb305bec93005c7497c99cace460d768a92ccf23a5dc15a809aff8013c51c
session_20260710_130308,431,PRESS_INSTRUCTION,assets/replay/sessions/session_20260710_130308/frames/000431.jpg,crops/session_20260710_130308/000431.png,940,36,1620,100,a2169a47082d2826a161b903552a443ddb834928c238202625a01f79f9d8191e
session_20260710_130308,432,PRESS_INSTRUCTION,assets/replay/sessions/session_20260710_130308/frames/000432.jpg,crops/session_20260710_130308/000432.png,940,36,1620,100,cd521edd19041ef5c3247ea97408bac7b340d6bc1d615317039d499495ef4c70
session_20260710_130308,433,PRESS_INSTRUCTION,assets/replay/sessions/session_20260710_130308/frames/000433.jpg,crops/session_20260710_130308/000433.png,940,36,1620,100,fb9319aa383bd2b672cef1e9f5dd269a991a9d056e4268632e7e70602a8f23a4
session_20260710_130308,434,PRESS_INSTRUCTION,assets/replay/sessions/session_20260710_130308/frames/000434.jpg,crops/session_20260710_130308/000434.png,940,36,1620,100,8c0330606b337893710ceaaffbb8b969d0626daf1c22746588e8519e7b8cde21
session_20260710_130308,435,PRESS_INSTRUCTION,assets/replay/sessions/session_20260710_130308/frames/000435.jpg,crops/session_20260710_130308/000435.png,940,36,1620,100,1dc5e8dbc53a7a7cb1791aa7539b3728702e64fc3b1d942a7cc3a72f13fa0462
session_20260710_130308,436,PRESS_INSTRUCTION,assets/replay/sessions/session_20260710_130308/frames/000436.jpg,crops/session_20260710_130308/000436.png,940,36,1620,100,6416eaa307d491ef682acc27a38e898484b9675d5b5a5eea65b7bd14d16a413b
session_20260710_130308,437,PRESS_INSTRUCTION,assets/replay/sessions/session_20260710_130308/frames/000437.jpg,crops/session_20260710_130308/000437.png,940,36,1620,100,acd34af105c8122e67c14f23caa30ff3b0a598d4f58bd18cda0de54bc4f816eb
session_20260710_130308,438,PRESS_INSTRUCTION,assets/replay/sessions/session_20260710_130308/frames/000438.jpg,crops/session_20260710_130308/000438.png,940,36,1620,100,eede19e117311d488eebeacc2d886b7023ce86f5bf5f5b897c6e3e1aca713ea2
session_20260710_130308,439,IGNORE,assets/replay/sessions/session_20260710_130308/frames/000439.jpg,crops/session_20260710_130308/000439.png,940,36,1620,100,846e6f2f1925dec1d3763b20140e6022c01e09ee3978317fceb808f99e1f583e
session_20260710_130308,440,IGNORE,assets/replay/sessions/session_20260710_130308/frames/000440.jpg,crops/session_20260710_130308/000440.png,940,36,1620,100,38325ede1019501e9bc12de5416707cd39cf0ad6d44b4b4b81e5441649763606
session_20260710_130308,441,IGNORE,assets/replay/sessions/session_20260710_130308/frames/000441.jpg,crops/session_20260710_130308/000441.png,940,36,1620,100,751a1cbbd6740a3aaacd920fc30c21557661412377aa3942334080f8ba50fe90
session_20260710_130308,442,IGNORE,assets/replay/sessions/session_20260710_130308/frames/000442.jpg,crops/session_20260710_130308/000442.png,940,36,1620,100,b196981ed59f7a6d4f578e646130aeca5c87d5c472c73d117b6d46b4f2c1e263
session_20260710_130308,443,IGNORE,assets/replay/sessions/session_20260710_130308/frames/000443.jpg,crops/session_20260710_130308/000443.png,940,36,1620,100,503a4e0255bb10ab3850d2cb55722ef794f7bd71b902343dcc12a50a3598e1dd
session_20260710_130308,444,IGNORE,assets/replay/sessions/session_20260710_130308/frames/000444.jpg,crops/session_20260710_130308/000444.png,940,36,1620,100,81ced4b2955575fbc69c99c33d85236c6ee440b4bda6c68759da325645f18d6f
session_20260710_130308,445,IGNORE,assets/replay/sessions/session_20260710_130308/frames/000445.jpg,crops/session_20260710_130308/000445.png,940,36,1620,100,063e6b3f98f8d60400ee35187d83a8f0ec3eb6fcc5fb1b609adfaa4365cbd4cb
session_20260710_130308,446,IGNORE,assets/replay/sessions/session_20260710_130308/frames/000446.jpg,crops/session_20260710_130308/000446.png,940,36,1620,100,4802e777d749512e155ee46f9f5310929fc309fe545fb6e9d1b586c0c4e487a2
session_20260710_130308,447,IGNORE,assets/replay/sessions/session_20260710_130308/frames/000447.jpg,crops/session_20260710_130308/000447.png,940,36,1620,100,e6c90c9db93856783a0a4ff9da77da9ee25f97cca99569da86f49588a51fe747
session_20260710_130308,448,IGNORE,assets/replay/sessions/session_20260710_130308/frames/000448.jpg,crops/session_20260710_130308/000448.png,940,36,1620,100,7933621f0e6dbed1cd8310ae827b724a9763db183441322754fb9b3270fc7541
session_20260710_130308,449,IGNORE,assets/replay/sessions/session_20260710_130308/frames/000449.jpg,crops/session_20260710_130308/000449.png,940,36,1620,100,8025b2b9394c31a5fcd1d89d43facbbc592dae9d80994b730750aa0efab6fa47
session_20260710_130308,450,IGNORE,assets/replay/sessions/session_20260710_130308/frames/000450.jpg,crops/session_20260710_130308/000450.png,940,36,1620,100,1cfc4a000ab7a209b65155d0cf2fa8fc7dd62669f7f9d7c0f48c3667dae97d84
session_20260710_130308,451,IGNORE,assets/replay/sessions/session_20260710_130308/frames/000451.jpg,crops/session_20260710_130308/000451.png,940,36,1620,100,7117d78a6274b94165e4ccc8519099fd7dcd82c87014aacb3a96a4546e3e6423
session_20260710_130308,452,IGNORE,assets/replay/sessions/session_20260710_130308/frames/000452.jpg,crops/session_20260710_130308/000452.png,940,36,1620,100,2e22dc388c19f91421550d0bdea76828a24633785899a640f3fc1d7213c36aa3
session_20260710_130308,453,IGNORE,assets/replay/sessions/session_20260710_130308/frames/000453.jpg,crops/session_20260710_130308/000453.png,940,36,1620,100,750536aa8c1ddbb163aee1902ee557dd10447cd48ea21323c0ca6461f973105b
session_20260710_130308,454,IDLE_CAST,assets/replay/sessions/session_20260710_130308/frames/000454.jpg,crops/session_20260710_130308/000454.png,940,36,1620,100,3474eb0163451fd853cedac14b43e09c114024ed125a367193a6bdfdc5d016c8
session_20260710_130308,455,IDLE_CAST,assets/replay/sessions/session_20260710_130308/frames/000455.jpg,crops/session_20260710_130308/000455.png,940,36,1620,100,90738843a9a43d2d4f9ab1f7144f5dde98f722c38e78a03952333677d6cce973
session_20260710_130308,456,IDLE_CAST,assets/replay/sessions/session_20260710_130308/frames/000456.jpg,crops/session_20260710_130308/000456.png,940,36,1620,100,b1d23a217e03b004cf7fe3495e0851025b26530a4d503340bbca0ba152535a0b
session_20260710_130308,457,IDLE_CAST,assets/replay/sessions/session_20260710_130308/frames/000457.jpg,crops/session_20260710_130308/000457.png,940,36,1620,100,f818eac3123cd99e3794520c760a707b1bd76018a248a3f8e91f782eb58dbcaf
session_20260710_130308,458,IDLE_CAST,assets/replay/sessions/session_20260710_130308/frames/000458.jpg,crops/session_20260710_130308/000458.png,940,36,1620,100,65af5026615499f2f8dec93b8c8e7ab1bb3d4841cf6a03d5dde9fff2550e136a
session_20260710_130308,459,IDLE_CAST,assets/replay/sessions/session_20260710_130308/frames/000459.jpg,crops/session_20260710_130308/000459.png,940,36,1620,100,a47485e500569f4d4331b6d700b76ed0576e91c38a4b340ab83cc0447c91b09b
session_20260710_130308,460,IDLE_CAST,assets/replay/sessions/session_20260710_130308/frames/000460.jpg,crops/session_20260710_130308/000460.png,940,36,1620,100,e3f678816d012fc9c4cbe2ecd1e0062a8e714d6c0947127e49237aa357acb1f5
session_20260710_130308,461,IDLE_CAST,assets/replay/sessions/session_20260710_130308/frames/000461.jpg,crops/session_20260710_130308/000461.png,940,36,1620,100,37f2683641cac856f20266f1269aa669c98c2f085ea5aec0e03f48ae105ff07b
session_20260710_130308,462,IDLE_CAST,assets/replay/sessions/session_20260710_130308/frames/000462.jpg,crops/session_20260710_130308/000462.png,940,36,1620,100,23b6ac2d357927539e89bac7c34292b72b89312fce1d5b8d1756a2719816b841
session_20260710_130308,463,IDLE_CAST,assets/replay/sessions/session_20260710_130308/frames/000463.jpg,crops/session_20260710_130308/000463.png,940,36,1620,100,316a97f6f29e94393cb0388a4e9ad5926af105a2577af4319c0bf354db69f4a3
session_20260710_130308,464,IDLE_CAST,assets/replay/sessions/session_20260710_130308/frames/000464.jpg,crops/session_20260710_130308/000464.png,940,36,1620,100,1fcb9854dea00ebe3d3f46fe0ede34fe667ff221fa4615eb763ee6682b3414c7
session_20260710_130308,465,IDLE_CAST,assets/replay/sessions/session_20260710_130308/frames/000465.jpg,crops/session_20260710_130308/000465.png,940,36,1620,100,2fd6a656c8c11e63da11fac64d197e16120ff6b8b47490b06436121072e84459
session_20260710_130308,466,IDLE_CAST,assets/replay/sessions/session_20260710_130308/frames/000466.jpg,crops/session_20260710_130308/000466.png,940,36,1620,100,2162b271c57b7a801121e07d31a819719a8b073618a0c99cd77401d5e7871279
session_20260710_130308,467,IDLE_CAST,assets/replay/sessions/session_20260710_130308/frames/000467.jpg,crops/session_20260710_130308/000467.png,940,36,1620,100,bb6ea555496339dc7e68dd3a88909d5f3470b00927dcad36cba6043f2491f3ca
session_20260710_130308,468,IDLE_CAST,assets/replay/sessions/session_20260710_130308/frames/000468.jpg,crops/session_20260710_130308/000468.png,940,36,1620,100,a7b7a859731aed43ea47e0b4ad7ac35c2e5dfcff99c76408298c67ef13e5b3ac
session_20260710_130308,469,IDLE_CAST,assets/replay/sessions/session_20260710_130308/frames/000469.jpg,crops/session_20260710_130308/000469.png,940,36,1620,100,24998b0e0ca1f2478c2350ee534ffc8e8a8bf0bebcc499f00687545acae9b3e0
session_20260710_130308,470,IDLE_CAST,assets/replay/sessions/session_20260710_130308/frames/000470.jpg,crops/session_20260710_130308/000470.png,940,36,1620,100,fcbfb23bc8077918f898cf12336a23614665d1d45713bf72894c93e76a0a2ed8
session_20260710_130308,471,IDLE_CAST,assets/replay/sessions/session_20260710_130308/frames/000471.jpg,crops/session_20260710_130308/000471.png,940,36,1620,100,27b2bf11aaf0f97ad096457f8dc045703892e0dfa4c188925352363a5ed21045
session_20260710_130308,472,IDLE_CAST,assets/replay/sessions/session_20260710_130308/frames/000472.jpg,crops/session_20260710_130308/000472.png,940,36,1620,100,3673e03ced4a4362cf3c95160e83c76282eeae05161b2533f88a3aa7833d6bf8
session_20260710_130308,473,IDLE_CAST,assets/replay/sessions/session_20260710_130308/frames/000473.jpg,crops/session_20260710_130308/000473.png,940,36,1620,100,44b36df57551fd51ddba33ce87f7d68622fa53a57125af68c346393ef92725ae
session_20260710_130308,474,IDLE_CAST,assets/replay/sessions/session_20260710_130308/frames/000474.jpg,crops/session_20260710_130308/000474.png,940,36,1620,100,bf28f9accab0c443054db3d752c6a4c6835812cc25de69040a037b6cce4d9335
session_20260710_130308,475,IDLE_CAST,assets/replay/sessions/session_20260710_130308/frames/000475.jpg,crops/session_20260710_130308/000475.png,940,36,1620,100,8f7121128e137df16649b70573c3a9099aa547bcae1ec16ad1690197d1864d9b
session_20260710_130308,476,IDLE_CAST,assets/replay/sessions/session_20260710_130308/frames/000476.jpg,crops/session_20260710_130308/000476.png,940,36,1620,100,05fe44bb501f738374bcaf9136a96e8513b70459834edb44be9b66373f628de4
session_20260710_130308,477,IDLE_CAST,assets/replay/sessions/session_20260710_130308/frames/000477.jpg,crops/session_20260710_130308/000477.png,940,36,1620,100,b897118bd829ffeb7c8c112254b467ab999fa377c9debae45ebcba923391a564
session_20260710_130308,478,IDLE_CAST,assets/replay/sessions/session_20260710_130308/frames/000478.jpg,crops/session_20260710_130308/000478.png,940,36,1620,100,7476bf06913acbcd8e7d506fe1aad3a0421b93e2870ee78e0b35e1fafc3e2dd2
session_20260710_130308,479,IDLE_CAST,assets/replay/sessions/session_20260710_130308/frames/000479.jpg,crops/session_20260710_130308/000479.png,940,36,1620,100,fb2932fb724ef1029a424eafbde0dd418b464f7ebe020f6b0041ea8b68582d09
session_20260710_130308,480,IDLE_CAST,assets/replay/sessions/session_20260710_130308/frames/000480.jpg,crops/session_20260710_130308/000480.png,940,36,1620,100,1b9b4d85d2cca78109d3453f4fb67eddfa1b87dca6aff1a0fab5d07aa907df92
session_20260710_130308,481,IDLE_CAST,assets/replay/sessions/session_20260710_130308/frames/000481.jpg,crops/session_20260710_130308/000481.png,940,36,1620,100,2d8498a338af48b1d05434e20df83629dbaaca9b6ae42c1f7e3a33b99f56961c
session_20260710_130308,482,IDLE_CAST,assets/replay/sessions/session_20260710_130308/frames/000482.jpg,crops/session_20260710_130308/000482.png,940,36,1620,100,7e2120fc99baaa487394d6126279691d4d07c469b8407c6de95c256b8c63aa52
session_20260710_130308,483,IDLE_CAST,assets/replay/sessions/session_20260710_130308/frames/000483.jpg,crops/session_20260710_130308/000483.png,940,36,1620,100,a5c0c5c6fb60fccc222a1f586fcf858e1a28d1220700927cc3e57487794ca499
session_20260710_130308,484,IDLE_CAST,assets/replay/sessions/session_20260710_130308/frames/000484.jpg,crops/session_20260710_130308/000484.png,940,36,1620,100,c98296a3070dfd91b7d4c7bbd618a1152572922ae6bd1ffd5beb979d5875951a
session_20260710_130308,485,IDLE_CAST,assets/replay/sessions/session_20260710_130308/frames/000485.jpg,crops/session_20260710_130308/000485.png,940,36,1620,100,4c3fbd908939efec01bf163b7b8ab909a4a904f40a548c58756f4de31ee1bddc
session_20260710_130308,486,IDLE_CAST,assets/replay/sessions/session_20260710_130308/frames/000486.jpg,crops/session_20260710_130308/000486.png,940,36,1620,100,ab8ec3602696afc6361941a1681813e491a4bb64a4f60688a5d3d2d43b7ef2ef
session_20260710_130308,487,IDLE_CAST,assets/replay/sessions/session_20260710_130308/frames/000487.jpg,crops/session_20260710_130308/000487.png,940,36,1620,100,983f650cc10d0e708515367850b225c00ca14c8e70a648679b9c0391d19c2cbc
session_20260710_130308,488,IDLE_CAST,assets/replay/sessions/session_20260710_130308/frames/000488.jpg,crops/session_20260710_130308/000488.png,940,36,1620,100,e5f1aa2fd8543fc50273bb1362219f7817daf55a00eb97c6f8c5490d8ce36485
session_20260710_130308,489,IDLE_CAST,assets/replay/sessions/session_20260710_130308/frames/000489.jpg,crops/session_20260710_130308/000489.png,940,36,1620,100,ad5811b2a5a42009267aef8b2e6ecc28b98027f1f9afced3b735b89993ce039c
session_20260710_130308,490,IDLE_CAST,assets/replay/sessions/session_20260710_130308/frames/000490.jpg,crops/session_20260710_130308/000490.png,940,36,1620,100,bfa394ffc441674457794d5409bde1983ecf86917ace696d4245e00a6d72da90
session_20260710_130308,491,IDLE_CAST,assets/replay/sessions/session_20260710_130308/frames/000491.jpg,crops/session_20260710_130308/000491.png,940,36,1620,100,bb73a7fb7c0a78819bcc38cc3ae2b51b53aa3b892a508c5737f870c2ca178241
session_20260710_130308,492,IDLE_CAST,assets/replay/sessions/session_20260710_130308/frames/000492.jpg,crops/session_20260710_130308/000492.png,940,36,1620,100,3dc12c4b010402913a48d47ae2b0b135d14ff952094def717a6d410d45e6824e
session_20260710_130308,493,IDLE_CAST,assets/replay/sessions/session_20260710_130308/frames/000493.jpg,crops/session_20260710_130308/000493.png,940,36,1620,100,4c5f8d2eb83d3d3e6c37fb4b47c506ac8d445ebbb91bba94a42b603683f020d9
session_20260710_130308,494,IDLE_CAST,assets/replay/sessions/session_20260710_130308/frames/000494.jpg,crops/session_20260710_130308/000494.png,940,36,1620,100,d9419ed9161dd52cbd146d59fef4a5de7d788b58f25e9364ca76464e61e40795
session_20260710_130308,495,IDLE_CAST,assets/replay/sessions/session_20260710_130308/frames/000495.jpg,crops/session_20260710_130308/000495.png,940,36,1620,100,9c817ec568576cceb2c84215bcbc3e0846a236248300c5ac052eaf3b5fc58fdd
session_20260710_130308,496,IDLE_CAST,assets/replay/sessions/session_20260710_130308/frames/000496.jpg,crops/session_20260710_130308/000496.png,940,36,1620,100,3f287e9e487d3bc8139b12a0fd831f0d662b19a266926e010906b70a602b6cdb
session_20260710_130308,497,IDLE_CAST,assets/replay/sessions/session_20260710_130308/frames/000497.jpg,crops/session_20260710_130308/000497.png,940,36,1620,100,6684dabb7174ed5f5cf15500b0e6179987ce091b62633aa9a0fbb3eb0047fd88
session_20260710_130308,498,IDLE_CAST,assets/replay/sessions/session_20260710_130308/frames/000498.jpg,crops/session_20260710_130308/000498.png,940,36,1620,100,51a12facb5c90ddc534fac2d595200f6efd83012e11ea4552e350c5c5ec0e47f
session_20260710_130308,499,IDLE_CAST,assets/replay/sessions/session_20260710_130308/frames/000499.jpg,crops/session_20260710_130308/000499.png,940,36,1620,100,3b15debecaa52229d4209634c7bdc12ecfd011fbcef4ef252d2ff2d50c003a87
session_20260710_130308,500,IDLE_CAST,assets/replay/sessions/session_20260710_130308/frames/000500.jpg,crops/session_20260710_130308/000500.png,940,36,1620,100,10c6b820385564a884433a4f85172a55c4cf6dce2b844bb60eff15c1853f96ba
session_20260710_130308,501,IDLE_CAST,assets/replay/sessions/session_20260710_130308/frames/000501.jpg,crops/session_20260710_130308/000501.png,940,36,1620,100,396e9fd6482788155cde2c948404a65b3254d057081ed815ddf5b93a1f3d17ad
session_20260710_130308,502,IDLE_CAST,assets/replay/sessions/session_20260710_130308/frames/000502.jpg,crops/session_20260710_130308/000502.png,940,36,1620,100,33c917d958690613b545445fa4a842cbcfea21734e513f33a4ebef5d25256ed9
session_20260710_130308,503,IDLE_CAST,assets/replay/sessions/session_20260710_130308/frames/000503.jpg,crops/session_20260710_130308/000503.png,940,36,1620,100,5c13e91de6232ecc0f9b5ddefad0a6fc2ffe71c56d5d1e16c098374816810d68
session_20260710_130308,504,IDLE_CAST,assets/replay/sessions/session_20260710_130308/frames/000504.jpg,crops/session_20260710_130308/000504.png,940,36,1620,100,216ae5d818fde5639e660b6f68ca4b585e62f42feca442610ca73817d096b423
session_20260710_130308,505,IDLE_CAST,assets/replay/sessions/session_20260710_130308/frames/000505.jpg,crops/session_20260710_130308/000505.png,940,36,1620,100,0bf564e8b8c09f1b32ca45838626dfa6d647e59d5b15329fcce00a58df02b6cd
session_20260710_130308,506,IDLE_CAST,assets/replay/sessions/session_20260710_130308/frames/000506.jpg,crops/session_20260710_130308/000506.png,940,36,1620,100,b9e0016674436fadf418ec5599c1d6de79c6f6360d2a5170be451498e607aecf
session_20260710_130308,507,IDLE_CAST,assets/replay/sessions/session_20260710_130308/frames/000507.jpg,crops/session_20260710_130308/000507.png,940,36,1620,100,72d4cef2fbf4cd2619274b9abab613f9c68fff91426058ba8469e9408481630a
session_20260710_130308,508,IDLE_CAST,assets/replay/sessions/session_20260710_130308/frames/000508.jpg,crops/session_20260710_130308/000508.png,940,36,1620,100,a62e06e0e9bfdb354e2aeb486c80fdd5b8d40e91034db401c70469a73ff38fc7
session_20260710_130308,509,IDLE_CAST,assets/replay/sessions/session_20260710_130308/frames/000509.jpg,crops/session_20260710_130308/000509.png,940,36,1620,100,1b443603fef5da5582b5543638901438354719f131ea0c23d5bba5987d03efaf
session_20260710_130308,510,IDLE_CAST,assets/replay/sessions/session_20260710_130308/frames/000510.jpg,crops/session_20260710_130308/000510.png,940,36,1620,100,1b9b66bcd5931876b91b090d735ea27811155f27386754641017dc4da9e5bfa0
session_20260710_130308,511,IDLE_CAST,assets/replay/sessions/session_20260710_130308/frames/000511.jpg,crops/session_20260710_130308/000511.png,940,36,1620,100,11ff65c4ecb68b2c7a8c97dba9349e1f67bc80f86679e22bf28801d820f784a9
session_20260710_130308,512,IDLE_CAST,assets/replay/sessions/session_20260710_130308/frames/000512.jpg,crops/session_20260710_130308/000512.png,940,36,1620,100,8a53dfe6f1cc9387428549607e1dd47f9e1f11098db182bcf8bf2e61b87cac0e
session_20260710_130308,513,WAITING_IN_PROGRESS,assets/replay/sessions/session_20260710_130308/frames/000513.jpg,crops/session_20260710_130308/000513.png,940,36,1620,100,d6afad22ad1fdffbe92ad1e69b5f2ff3bca28170957d10f6e7ddf809c4e27494
session_20260710_130308,514,WAITING_IN_PROGRESS,assets/replay/sessions/session_20260710_130308/frames/000514.jpg,crops/session_20260710_130308/000514.png,940,36,1620,100,699d70852f0bcfc054000d9eafccbc94a0fd8372a1b0b8c543aa59a9fb645fe5
session_20260710_130308,515,WAITING_IN_PROGRESS,assets/replay/sessions/session_20260710_130308/frames/000515.jpg,crops/session_20260710_130308/000515.png,940,36,1620,100,9a2726bdfd9222f252374af4adf1cb1c00d2eb775185460326e2084e27328f79
session_20260710_130308,516,WAITING_IN_PROGRESS,assets/replay/sessions/session_20260710_130308/frames/000516.jpg,crops/session_20260710_130308/000516.png,940,36,1620,100,8541b62c4d17a1a85b622d0fc0ec68362d5fafb27a80512e7d9b38637f4a3023
session_20260710_130308,517,WAITING_IN_PROGRESS,assets/replay/sessions/session_20260710_130308/frames/000517.jpg,crops/session_20260710_130308/000517.png,940,36,1620,100,857db5d5c8da7170f55fc042ad0b2afa04cd023ac05abd1f39b4cde2423060d9
session_20260710_130308,518,WAITING_IN_PROGRESS,assets/replay/sessions/session_20260710_130308/frames/000518.jpg,crops/session_20260710_130308/000518.png,940,36,1620,100,4d2cd783fb51b83f535b99f86caa341908fc909984bed301103a16f881bff1f9
session_20260710_130308,519,WAITING_IN_PROGRESS,assets/replay/sessions/session_20260710_130308/frames/000519.jpg,crops/session_20260710_130308/000519.png,940,36,1620,100,8bb256f1d4f18dd28d3513de7e1e47caf7859ce119a33a15bc581ee75bd64879
session_20260710_130308,520,WAITING_IN_PROGRESS,assets/replay/sessions/session_20260710_130308/frames/000520.jpg,crops/session_20260710_130308/000520.png,940,36,1620,100,cc4c73d653e35db20b6f66543997d3b1c26a05203667de315708e895dfa4c77c
session_20260710_130308,521,WAITING_IN_PROGRESS,assets/replay/sessions/session_20260710_130308/frames/000521.jpg,crops/session_20260710_130308/000521.png,940,36,1620,100,1a5e300a7eee29550fc8c51f83f17902dc9ae3752c3a2f7e4220709a1c281d47
session_20260710_130308,522,WAITING_IN_PROGRESS,assets/replay/sessions/session_20260710_130308/frames/000522.jpg,crops/session_20260710_130308/000522.png,940,36,1620,100,70e8b7b188d3833358325c23543bfc9da68e618a4d31b4fa47cfaf96f8e9feb6
session_20260710_130308,523,WAITING_IN_PROGRESS,assets/replay/sessions/session_20260710_130308/frames/000523.jpg,crops/session_20260710_130308/000523.png,940,36,1620,100,d3bc1422a4938478eebb98838899f87c7dc7180d2768372afff52b9f29db86b4
session_20260710_130308,524,WAITING_IN_PROGRESS,assets/replay/sessions/session_20260710_130308/frames/000524.jpg,crops/session_20260710_130308/000524.png,940,36,1620,100,c8ed941bba80a02150a23397d4d4476cd900eb3432d66067c3da835ca3da8116
session_20260710_130308,525,WAITING_IN_PROGRESS,assets/replay/sessions/session_20260710_130308/frames/000525.jpg,crops/session_20260710_130308/000525.png,940,36,1620,100,8ddcc1a204e9122bf880759359bc890bdb6fb01b7931472de39f273386818ac7
session_20260710_130308,526,WAITING_IN_PROGRESS,assets/replay/sessions/session_20260710_130308/frames/000526.jpg,crops/session_20260710_130308/000526.png,940,36,1620,100,f794a1441ae91301337498c0c17e1de00106cd873f001598e082ca29c2811e30
session_20260710_130308,527,WAITING_IN_PROGRESS,assets/replay/sessions/session_20260710_130308/frames/000527.jpg,crops/session_20260710_130308/000527.png,940,36,1620,100,7abd10cbe237fe8028bcd51dc59e99486b3e7451d6bc71a6d59676cd018c8a91
session_20260710_130308,528,WAITING_IN_PROGRESS,assets/replay/sessions/session_20260710_130308/frames/000528.jpg,crops/session_20260710_130308/000528.png,940,36,1620,100,a886c08c4e8b8d5dfd4244c6f07861c380562fc1f8ad03548d15f72bbef8374b
session_20260710_130308,529,WAITING_IN_PROGRESS,assets/replay/sessions/session_20260710_130308/frames/000529.jpg,crops/session_20260710_130308/000529.png,940,36,1620,100,a158156829779fd62013141715849e9f2483fdef50406bbfba241624ac85482d
session_20260710_130308,530,WAITING_IN_PROGRESS,assets/replay/sessions/session_20260710_130308/frames/000530.jpg,crops/session_20260710_130308/000530.png,940,36,1620,100,1ae52bd55d6b13660db6ad2161a3d948c9071ce83c050d7db65ded246ec8ce44
session_20260710_130308,531,WAITING_IN_PROGRESS,assets/replay/sessions/session_20260710_130308/frames/000531.jpg,crops/session_20260710_130308/000531.png,940,36,1620,100,23bf321589f4209684c31165847464260094a80bc3f729325f3585c8a8d5d44c
session_20260710_130308,532,WAITING_IN_PROGRESS,assets/replay/sessions/session_20260710_130308/frames/000532.jpg,crops/session_20260710_130308/000532.png,940,36,1620,100,68be9c4f7f60a3d157ee75c4571cd4b19c981b75e133e4b550cad2427b2e5808
session_20260710_130308,533,WAITING_IN_PROGRESS,assets/replay/sessions/session_20260710_130308/frames/000533.jpg,crops/session_20260710_130308/000533.png,940,36,1620,100,4e12fb2f6338c4d24a176bac6dc63e66b7001ee32265f38f041df6411ddc483a
session_20260710_130308,534,WAITING_IN_PROGRESS,assets/replay/sessions/session_20260710_130308/frames/000534.jpg,crops/session_20260710_130308/000534.png,940,36,1620,100,4a7e17a10603fa7a9e00ef22b125b3a04869cd256f32a5ad6c8e61a34d6d58ec
session_20260710_130308,535,WAITING_IN_PROGRESS,assets/replay/sessions/session_20260710_130308/frames/000535.jpg,crops/session_20260710_130308/000535.png,940,36,1620,100,e4bdba0cfe779babf63dbc90b99ded0fa1976e23849ad64627c102f22acfb127
session_20260710_130308,536,WAITING_IN_PROGRESS,assets/replay/sessions/session_20260710_130308/frames/000536.jpg,crops/session_20260710_130308/000536.png,940,36,1620,100,34a819e6f3d2d11cd8175b323001479dd8acb504731b53185629541130f206ee
session_20260710_130308,537,WAITING_IN_PROGRESS,assets/replay/sessions/session_20260710_130308/frames/000537.jpg,crops/session_20260710_130308/000537.png,940,36,1620,100,abb7750aeb7523f1ccdc2102df3be83b001809b360245f0d9df84fc2a0727733
session_20260710_130308,538,WAITING_IN_PROGRESS,assets/replay/sessions/session_20260710_130308/frames/000538.jpg,crops/session_20260710_130308/000538.png,940,36,1620,100,0a463b0ff5ffe0768ef4fb7adce87eb165df51b5be54aee5e8841fc1b704573c
session_20260710_130308,539,WAITING_IN_PROGRESS,assets/replay/sessions/session_20260710_130308/frames/000539.jpg,crops/session_20260710_130308/000539.png,940,36,1620,100,fee1f5fa6f5a250d1d24d1f8cacb183604ff164ef95765477b83324be978b371
session_20260710_130308,540,WAITING_IN_PROGRESS,assets/replay/sessions/session_20260710_130308/frames/000540.jpg,crops/session_20260710_130308/000540.png,940,36,1620,100,48aa1e1926cc8062ca6de0d216187c5565b9a5041c678df689f62c92038023d4
session_20260710_130308,541,WAITING_IN_PROGRESS,assets/replay/sessions/session_20260710_130308/frames/000541.jpg,crops/session_20260710_130308/000541.png,940,36,1620,100,0aaea3f49d92e9acbce6c179c8317ea009211a28b341c4e602be36fa9fac8b5e
session_20260710_130308,542,WAITING_IN_PROGRESS,assets/replay/sessions/session_20260710_130308/frames/000542.jpg,crops/session_20260710_130308/000542.png,940,36,1620,100,be125455a822dbcb85e695f1863f776bfd876b2fb39562da4ebdd409c6ae8353
session_20260710_130308,543,WAITING_IN_PROGRESS,assets/replay/sessions/session_20260710_130308/frames/000543.jpg,crops/session_20260710_130308/000543.png,940,36,1620,100,f499c45c61cadb1ea69fba84a08814fa58fccc5a75eee458b46a221720e13cd7
session_20260710_130308,544,WAITING_IN_PROGRESS,assets/replay/sessions/session_20260710_130308/frames/000544.jpg,crops/session_20260710_130308/000544.png,940,36,1620,100,d3c77ff93038c1d6188898148696abd9030aa48182548a8487cf5d786810eeff
session_20260710_130308,545,WAITING_IN_PROGRESS,assets/replay/sessions/session_20260710_130308/frames/000545.jpg,crops/session_20260710_130308/000545.png,940,36,1620,100,3c218e233b627cad6f34e46f94bbee9c624f5e29196600426346b585338fa13f
session_20260710_130308,546,WAITING_IN_PROGRESS,assets/replay/sessions/session_20260710_130308/frames/000546.jpg,crops/session_20260710_130308/000546.png,940,36,1620,100,2be98f2d56e735c3c6104a41a3ac24107a11858685b5ac75e533cf5910cc31da
session_20260710_130308,547,WAITING_IN_PROGRESS,assets/replay/sessions/session_20260710_130308/frames/000547.jpg,crops/session_20260710_130308/000547.png,940,36,1620,100,73a6c5ebc7ff0214414fcebe5bc1aafd5e3134a7f7efb348f6fa7dfe5d4b6a0d
session_20260710_130308,548,WAITING_IN_PROGRESS,assets/replay/sessions/session_20260710_130308/frames/000548.jpg,crops/session_20260710_130308/000548.png,940,36,1620,100,a73dfb57862472d79a55b0fca02da8ee268f65084bf493eb13c3a4db6915f2db
session_20260710_130308,549,WAITING_IN_PROGRESS,assets/replay/sessions/session_20260710_130308/frames/000549.jpg,crops/session_20260710_130308/000549.png,940,36,1620,100,f49c9bc6a324055b4679e72770dffa56155b72697b4575be3c3a9f7fc4f5669f
session_20260710_130308,550,WAITING_IN_PROGRESS,assets/replay/sessions/session_20260710_130308/frames/000550.jpg,crops/session_20260710_130308/000550.png,940,36,1620,100,591bcaf6825e18fb75ec5bd3c2366f09f2427d6e30349e9afbbcac78aa3a6ad3
session_20260710_130308,551,WAITING_IN_PROGRESS,assets/replay/sessions/session_20260710_130308/frames/000551.jpg,crops/session_20260710_130308/000551.png,940,36,1620,100,a5645cc5a6803539c999a93fcd51dc1bac7b26babd4b8ab0d177fd3cc1f18cad
session_20260710_130308,552,WAITING_IN_PROGRESS,assets/replay/sessions/session_20260710_130308/frames/000552.jpg,crops/session_20260710_130308/000552.png,940,36,1620,100,05aa170ce3d0aefbcdcf890af0c19064cf6ae4548fe7121a4bda75bd575a8dee
session_20260710_130308,553,WAITING_IN_PROGRESS,assets/replay/sessions/session_20260710_130308/frames/000553.jpg,crops/session_20260710_130308/000553.png,940,36,1620,100,894d3f0ba4c220cea3d72502b13e1ecb9a8c97b7e224a21b6b956a39908a440e
session_20260710_130308,554,WAITING_IN_PROGRESS,assets/replay/sessions/session_20260710_130308/frames/000554.jpg,crops/session_20260710_130308/000554.png,940,36,1620,100,e5bdacec6623957174271add66327e4fe161f9cb986242217df0e4c744e2abb0
session_20260710_130308,555,WAITING_IN_PROGRESS,assets/replay/sessions/session_20260710_130308/frames/000555.jpg,crops/session_20260710_130308/000555.png,940,36,1620,100,998c295c3a01d15a36c04f74fe3feae58ba80c75eded838b5cdd0a62dcbb8c6e
session_20260710_130308,556,WAITING_IN_PROGRESS,assets/replay/sessions/session_20260710_130308/frames/000556.jpg,crops/session_20260710_130308/000556.png,940,36,1620,100,5c0b992f3e08deb82888b97bbb1e9d1c5b9742c97dde1e42f9e00d810d279182
session_20260710_130308,557,WAITING_IN_PROGRESS,assets/replay/sessions/session_20260710_130308/frames/000557.jpg,crops/session_20260710_130308/000557.png,940,36,1620,100,9909c7700272c086d286e2f4c4c3071879d529bbdf69083821434d1f92dcf8e6
session_20260710_130308,558,WAITING_IN_PROGRESS,assets/replay/sessions/session_20260710_130308/frames/000558.jpg,crops/session_20260710_130308/000558.png,940,36,1620,100,943e4c012f955de807c59d510406fa31a75d4575f7fab3f800b2296de0046808
session_20260710_130308,559,WAITING_IN_PROGRESS,assets/replay/sessions/session_20260710_130308/frames/000559.jpg,crops/session_20260710_130308/000559.png,940,36,1620,100,6a3a02637c940b707c5e59bc1e2bdb2468a2c5d72d050ec031bb77495f799ac0
session_20260710_130308,560,WAITING_IN_PROGRESS,assets/replay/sessions/session_20260710_130308/frames/000560.jpg,crops/session_20260710_130308/000560.png,940,36,1620,100,0679f368fc9e13371e246ae25778efd9ab1ee188dabf0677312f642a6127744f
session_20260710_130308,561,WAITING_IN_PROGRESS,assets/replay/sessions/session_20260710_130308/frames/000561.jpg,crops/session_20260710_130308/000561.png,940,36,1620,100,2477b2d3785008a88387d05f4f54c61f8a4195fa2dc61ca1da05b5abdc075a09
session_20260710_130308,562,WAITING_IN_PROGRESS,assets/replay/sessions/session_20260710_130308/frames/000562.jpg,crops/session_20260710_130308/000562.png,940,36,1620,100,af54bbe51fcea302bbc0d62dcafc0b66e872c5c7978b6aa95edad75eaca83442
session_20260710_130308,563,WAITING_IN_PROGRESS,assets/replay/sessions/session_20260710_130308/frames/000563.jpg,crops/session_20260710_130308/000563.png,940,36,1620,100,114627ab426257eb90a8bd0dc31b335746c4b021329574c6c65a5cb491971943
session_20260710_130308,564,WAITING_IN_PROGRESS,assets/replay/sessions/session_20260710_130308/frames/000564.jpg,crops/session_20260710_130308/000564.png,940,36,1620,100,7390ca75204897cd173084b4cb18a2a85df30efcd764609daf57bacfc69213ae
session_20260710_130308,565,WAITING_IN_PROGRESS,assets/replay/sessions/session_20260710_130308/frames/000565.jpg,crops/session_20260710_130308/000565.png,940,36,1620,100,abb372a2176b0008468a3070be109427466d34e200bf4f5f9771b97901b0459c
session_20260710_130308,566,WAITING_IN_PROGRESS,assets/replay/sessions/session_20260710_130308/frames/000566.jpg,crops/session_20260710_130308/000566.png,940,36,1620,100,59ba64cf010e30ba7315aa6f406d17d582db4f1d68a44e7aca1273194075580a
session_20260710_130308,567,WAITING_IN_PROGRESS,assets/replay/sessions/session_20260710_130308/frames/000567.jpg,crops/session_20260710_130308/000567.png,940,36,1620,100,3c560f61ae4ad315e0e14b58c5d193eef7de5dececedc7baf8292f582fd50936
session_20260710_130308,568,WAITING_IN_PROGRESS,assets/replay/sessions/session_20260710_130308/frames/000568.jpg,crops/session_20260710_130308/000568.png,940,36,1620,100,e17b5a38764bb3c4516bca76639dddb22b43db2c5e7583f5fdef91dffb0ba3e3
session_20260710_130308,569,WAITING_IN_PROGRESS,assets/replay/sessions/session_20260710_130308/frames/000569.jpg,crops/session_20260710_130308/000569.png,940,36,1620,100,58e5466fabc0aa2847848babeb8a3e56e7ca2c1e8f6be5ff114a4ce367b0ae7f
session_20260710_130308,570,WAITING_IN_PROGRESS,assets/replay/sessions/session_20260710_130308/frames/000570.jpg,crops/session_20260710_130308/000570.png,940,36,1620,100,86eae3c64f954c28d81ac586c2a2cccf4d76b23754891b7469a6322ebbfe3986
session_20260710_130308,571,WAITING_IN_PROGRESS,assets/replay/sessions/session_20260710_130308/frames/000571.jpg,crops/session_20260710_130308/000571.png,940,36,1620,100,a5a36557d3ca6090acffdb8039ff87ae047e588a20e4ec826ac1d82bba195fb3
session_20260710_130308,572,WAITING_IN_PROGRESS,assets/replay/sessions/session_20260710_130308/frames/000572.jpg,crops/session_20260710_130308/000572.png,940,36,1620,100,d1fbc4dbe84d2a542c467300583358b27dde7e5a8b3fc267b4162050e74c242c
session_20260710_130308,573,WAITING_IN_PROGRESS,assets/replay/sessions/session_20260710_130308/frames/000573.jpg,crops/session_20260710_130308/000573.png,940,36,1620,100,ff971e95f9ec906734f0a24250f7fba641abae6e9363a24f0f099d836fefb188
session_20260710_130308,574,WAITING_IN_PROGRESS,assets/replay/sessions/session_20260710_130308/frames/000574.jpg,crops/session_20260710_130308/000574.png,940,36,1620,100,98849bce4c6d87091ee2826da97db53118961783528ec2bb6d8117d55704eccd
session_20260710_130308,575,WAITING_IN_PROGRESS,assets/replay/sessions/session_20260710_130308/frames/000575.jpg,crops/session_20260710_130308/000575.png,940,36,1620,100,64240a6ba2f833855fb2330b332b25d6106a99a8ff83915ce3a9fcd002f2d731
session_20260710_130308,576,WAITING_IN_PROGRESS,assets/replay/sessions/session_20260710_130308/frames/000576.jpg,crops/session_20260710_130308/000576.png,940,36,1620,100,c5bded6ae8453ebe9025552c1a2d73c0b4b2d8d85d1793e5c7c89906a298a1eb
session_20260710_130308,577,WAITING_IN_PROGRESS,assets/replay/sessions/session_20260710_130308/frames/000577.jpg,crops/session_20260710_130308/000577.png,940,36,1620,100,420ae3763cc93bec9071ea11e80bee07213588ae39077009478680a82ad42142
session_20260710_130308,578,WAITING_IN_PROGRESS,assets/replay/sessions/session_20260710_130308/frames/000578.jpg,crops/session_20260710_130308/000578.png,940,36,1620,100,57e869e41687af4c2d8c900495e847d1989daff889a3c507b10f354184ca1f61
session_20260710_130308,579,WAITING_IN_PROGRESS,assets/replay/sessions/session_20260710_130308/frames/000579.jpg,crops/session_20260710_130308/000579.png,940,36,1620,100,531a789e4f22df49158757be3d8655c7c4eac66f7107da3effe90b5eb15f3a99
session_20260710_130308,580,WAITING_IN_PROGRESS,assets/replay/sessions/session_20260710_130308/frames/000580.jpg,crops/session_20260710_130308/000580.png,940,36,1620,100,9e48cee8dafe1e3fb3654f6a2bf975095fd826f46caa9f9ca19de075707e6a30
session_20260710_130308,581,WAITING_IN_PROGRESS,assets/replay/sessions/session_20260710_130308/frames/000581.jpg,crops/session_20260710_130308/000581.png,940,36,1620,100,53d132246a59ec5d33c40a543b95cbcfcb9ad82a069140ae12d6558144137874
session_20260710_130308,582,WAITING_IN_PROGRESS,assets/replay/sessions/session_20260710_130308/frames/000582.jpg,crops/session_20260710_130308/000582.png,940,36,1620,100,593b200d537a9b00e76cd6672c6c2f1e2c5d63134543aa2f8bc665ae0f2bd738
session_20260710_130308,583,WAITING_IN_PROGRESS,assets/replay/sessions/session_20260710_130308/frames/000583.jpg,crops/session_20260710_130308/000583.png,940,36,1620,100,3605f4a1f8075712fec0e701ba416bb9cf97d5c68598b3032628e85ae03e1546
session_20260710_130308,584,WAITING_IN_PROGRESS,assets/replay/sessions/session_20260710_130308/frames/000584.jpg,crops/session_20260710_130308/000584.png,940,36,1620,100,d359fc6e3c6e37a69798b8eb9e404208049b5161c58a5c6a383b03f38ce05452
session_20260710_130308,585,WAITING_IN_PROGRESS,assets/replay/sessions/session_20260710_130308/frames/000585.jpg,crops/session_20260710_130308/000585.png,940,36,1620,100,1b11325cedc913293c8fc4cbcfc8dbbf143681cd8687c5b3d57594e2edf8f09b
session_20260710_130308,586,WAITING_IN_PROGRESS,assets/replay/sessions/session_20260710_130308/frames/000586.jpg,crops/session_20260710_130308/000586.png,940,36,1620,100,7111b915d18c343a77b2cd2fffc2540a53659ecb9952cd9eb34984fecb3f0cd2
session_20260710_130308,587,WAITING_IN_PROGRESS,assets/replay/sessions/session_20260710_130308/frames/000587.jpg,crops/session_20260710_130308/000587.png,940,36,1620,100,4f8281e471d6be8af8ada628e042de8b74eae625bdcf0675222a697f246bed52
session_20260710_130308,588,WAITING_IN_PROGRESS,assets/replay/sessions/session_20260710_130308/frames/000588.jpg,crops/session_20260710_130308/000588.png,940,36,1620,100,74c15dda6930444bc4e62a2c63c6727e5efef1e9f14a150ae5d9797ad953a470
session_20260710_130308,589,WAITING_IN_PROGRESS,assets/replay/sessions/session_20260710_130308/frames/000589.jpg,crops/session_20260710_130308/000589.png,940,36,1620,100,0ef772960a079343a0dc52231aa110c8c96045c7e72b9ee101f4ad9926922455
session_20260710_130308,590,WAITING_IN_PROGRESS,assets/replay/sessions/session_20260710_130308/frames/000590.jpg,crops/session_20260710_130308/000590.png,940,36,1620,100,15f0a5fafc28dfbbd079dc5cf32c3e7ece99a18eb91488ad0991f5deb7398607
session_20260710_130308,591,WAITING_IN_PROGRESS,assets/replay/sessions/session_20260710_130308/frames/000591.jpg,crops/session_20260710_130308/000591.png,940,36,1620,100,ef7563d2492cb92010699c2e6589cf04be1a025e83d660dd032c85426878ef31
session_20260710_130308,592,WAITING_IN_PROGRESS,assets/replay/sessions/session_20260710_130308/frames/000592.jpg,crops/session_20260710_130308/000592.png,940,36,1620,100,e67a2313e690cf6fe5e134bd5e69b4046e3ad28d8a51c214277ca662148855fb
session_20260710_130308,593,WAITING_IN_PROGRESS,assets/replay/sessions/session_20260710_130308/frames/000593.jpg,crops/session_20260710_130308/000593.png,940,36,1620,100,68028059963bfa766e66c405e1c93391d5ab89bd13701c554078a3c35e5c3053
session_20260710_130308,594,WAITING_IN_PROGRESS,assets/replay/sessions/session_20260710_130308/frames/000594.jpg,crops/session_20260710_130308/000594.png,940,36,1620,100,adee1248940113d574406af10affc410ded2b148a7d00ef1adfab6b107eda734
session_20260710_130308,595,WAITING_IN_PROGRESS,assets/replay/sessions/session_20260710_130308/frames/000595.jpg,crops/session_20260710_130308/000595.png,940,36,1620,100,d4e94199b7caf1301e1f2cb08fecfa1e4774310e36a79a6ef8979554046ffba7
session_20260710_130308,596,WAITING_IN_PROGRESS,assets/replay/sessions/session_20260710_130308/frames/000596.jpg,crops/session_20260710_130308/000596.png,940,36,1620,100,ada0ea26aefa41cf44a93658eeb2e835c8ff42c5aedf0747add0eec3d92fd4e4
session_20260710_130308,597,WAITING_IN_PROGRESS,assets/replay/sessions/session_20260710_130308/frames/000597.jpg,crops/session_20260710_130308/000597.png,940,36,1620,100,a42ab4f3fdc537f138b17e12a1c8d53dc4e07139d0a1e1d56d3c996b5c1911fb
session_20260710_130308,598,WAITING_IN_PROGRESS,assets/replay/sessions/session_20260710_130308/frames/000598.jpg,crops/session_20260710_130308/000598.png,940,36,1620,100,cd4187b9dc3e5379b52706cbe25b40f0c426def2ea1aebdd24cbd86fe4a1c06d
session_20260710_130308,599,WAITING_IN_PROGRESS,assets/replay/sessions/session_20260710_130308/frames/000599.jpg,crops/session_20260710_130308/000599.png,940,36,1620,100,a8699182a2fb72368093b8d40b30f7f3a0129f37bda615dee37cc74df22bc52c
session_20260710_130308,600,WAITING_IN_PROGRESS,assets/replay/sessions/session_20260710_130308/frames/000600.jpg,crops/session_20260710_130308/000600.png,940,36,1620,100,b1a7c960854e07f9da7c395b9ffa5b743a6bed5686420ee70a22e36e9ea685c3
session_20260710_131254,1,WAITING_IN_PROGRESS,assets/replay/sessions/session_20260710_131254/frames/000001.jpg,crops/session_20260710_131254/000001.png,940,36,1620,100,9d419db09c75c654e83bbae0178ee7208aeb9879ec0ef325daf235add8dc95c5
session_20260710_131254,2,WAITING_IN_PROGRESS,assets/replay/sessions/session_20260710_131254/frames/000002.jpg,crops/session_20260710_131254/000002.png,940,36,1620,100,265d8a364aaaffae6fdc685ad5cea2037d2d889228f796578a66f09173296cba
session_20260710_131254,3,WAITING_IN_PROGRESS,assets/replay/sessions/session_20260710_131254/frames/000003.jpg,crops/session_20260710_131254/000003.png,940,36,1620,100,88058ee4ac1a15bba56951911d88d2a41076e702443193663cfaeafef7b817a5
session_20260710_131254,4,WAITING_IN_PROGRESS,assets/replay/sessions/session_20260710_131254/frames/000004.jpg,crops/session_20260710_131254/000004.png,940,36,1620,100,5c8f1fe788daf0b229a21cf40a46dc77ab23e29a41bc8e59af26e36e4fd76849
session_20260710_131254,5,WAITING_IN_PROGRESS,assets/replay/sessions/session_20260710_131254/frames/000005.jpg,crops/session_20260710_131254/000005.png,940,36,1620,100,36f586096f8e9bee754d80f5ad1caf2f921dcc3a801c2846571183be1ed6282a
session_20260710_131254,6,WAITING_IN_PROGRESS,assets/replay/sessions/session_20260710_131254/frames/000006.jpg,crops/session_20260710_131254/000006.png,940,36,1620,100,f3354cc0f279e3374bf8927d2021f7530bfc06e743edd45f1b815ee5f8fbd7a2
session_20260710_131254,7,WAITING_IN_PROGRESS,assets/replay/sessions/session_20260710_131254/frames/000007.jpg,crops/session_20260710_131254/000007.png,940,36,1620,100,b93c0447800d58c364f7008c7c40667ad4c0f3f98afd11ade32e5486bfef0772
session_20260710_131254,8,WAITING_IN_PROGRESS,assets/replay/sessions/session_20260710_131254/frames/000008.jpg,crops/session_20260710_131254/000008.png,940,36,1620,100,3d6d7aebb43336ac7a7e29b7cd4f918c5aeb4c91ec46b6302e47d092e4a2ba04
session_20260710_131254,9,WAITING_IN_PROGRESS,assets/replay/sessions/session_20260710_131254/frames/000009.jpg,crops/session_20260710_131254/000009.png,940,36,1620,100,6ab8e89d0e7d7c7645f796627aae2f7290feb3fb10b0aaad13c6c1f78eb823a3
session_20260710_131254,10,WAITING_IN_PROGRESS,assets/replay/sessions/session_20260710_131254/frames/000010.jpg,crops/session_20260710_131254/000010.png,940,36,1620,100,0fa4863637e5e88ac14f4e91342aaa32a01944f47d3d399a2f21af49f84aa996
session_20260710_131254,11,WAITING_IN_PROGRESS,assets/replay/sessions/session_20260710_131254/frames/000011.jpg,crops/session_20260710_131254/000011.png,940,36,1620,100,b27abab34a18c04bbe46ddaf4bab0afc18b8a95f0a84c40304ae3bfdb930b2a4
session_20260710_131254,12,WAITING_IN_PROGRESS,assets/replay/sessions/session_20260710_131254/frames/000012.jpg,crops/session_20260710_131254/000012.png,940,36,1620,100,75528dca1b226e41f9fd43321c3d5026d9426a68f2df1eb8414b3c0faac768de
session_20260710_131254,13,WAITING_IN_PROGRESS,assets/replay/sessions/session_20260710_131254/frames/000013.jpg,crops/session_20260710_131254/000013.png,940,36,1620,100,14c317464c4ed4c38b596be30489e79ee03c3c70bd64093f8b9e3c5b2e5d96bf
session_20260710_131254,14,WAITING_IN_PROGRESS,assets/replay/sessions/session_20260710_131254/frames/000014.jpg,crops/session_20260710_131254/000014.png,940,36,1620,100,5e68bf0071166f7c7f3907306f893564d7952329eb5ed3d59f5c0a301701208e
session_20260710_131254,15,WAITING_IN_PROGRESS,assets/replay/sessions/session_20260710_131254/frames/000015.jpg,crops/session_20260710_131254/000015.png,940,36,1620,100,2b7545a5f2f0a7f2b9172b0dffd379b297a41396e02c57f2e888523b1ea2c748
session_20260710_131254,16,WAITING_IN_PROGRESS,assets/replay/sessions/session_20260710_131254/frames/000016.jpg,crops/session_20260710_131254/000016.png,940,36,1620,100,977fdbd02d83f28a5cd1cc85f719e0cc52e840e594174f59f4a2a183aa478d74
session_20260710_131254,17,WAITING_IN_PROGRESS,assets/replay/sessions/session_20260710_131254/frames/000017.jpg,crops/session_20260710_131254/000017.png,940,36,1620,100,1bfbcf453b0aff8405aedffb8a32b6367461bb8a87bc902c4f7ba9cf45005303
session_20260710_131254,18,WAITING_IN_PROGRESS,assets/replay/sessions/session_20260710_131254/frames/000018.jpg,crops/session_20260710_131254/000018.png,940,36,1620,100,40eafb16007f2786d64e4152b7e49b1496e3a320dd25685fdd193163c43838e0
session_20260710_131254,19,WAITING_IN_PROGRESS,assets/replay/sessions/session_20260710_131254/frames/000019.jpg,crops/session_20260710_131254/000019.png,940,36,1620,100,6ae78d9a5ae23cdb55c514a249c7b85cbc9151cec59496c722adff91643d5a90
session_20260710_131254,20,WAITING_IN_PROGRESS,assets/replay/sessions/session_20260710_131254/frames/000020.jpg,crops/session_20260710_131254/000020.png,940,36,1620,100,16bd4a14f1fe190b3e3a941583ef53667533124652875392be8ea4589fe06130
session_20260710_131254,21,WAITING_IN_PROGRESS,assets/replay/sessions/session_20260710_131254/frames/000021.jpg,crops/session_20260710_131254/000021.png,940,36,1620,100,f9c7109a2e8b0b728df4515d92533e3c664a19e82610a67bea5e1e0688c110d7
session_20260710_131254,22,WAITING_IN_PROGRESS,assets/replay/sessions/session_20260710_131254/frames/000022.jpg,crops/session_20260710_131254/000022.png,940,36,1620,100,6977698e3eac33a081a396873616b902ac820c4f43a140a27e67af2f89e2c8bf
session_20260710_131254,23,WAITING_IN_PROGRESS,assets/replay/sessions/session_20260710_131254/frames/000023.jpg,crops/session_20260710_131254/000023.png,940,36,1620,100,9065ad98bd447bcd25ef462271c045323b284438544f00925e8ed3a86ae13dc3
session_20260710_131254,24,WAITING_IN_PROGRESS,assets/replay/sessions/session_20260710_131254/frames/000024.jpg,crops/session_20260710_131254/000024.png,940,36,1620,100,80d86a7d5ca810dd14738e630b885e0cd325a3ed06c0f6e1f5619e56006cc184
session_20260710_131254,25,WAITING_IN_PROGRESS,assets/replay/sessions/session_20260710_131254/frames/000025.jpg,crops/session_20260710_131254/000025.png,940,36,1620,100,d930e2f1cc21006ff4db6e426a6fc8c752db877463ee64cc11c6d3e668a86530
session_20260710_131254,26,WAITING_IN_PROGRESS,assets/replay/sessions/session_20260710_131254/frames/000026.jpg,crops/session_20260710_131254/000026.png,940,36,1620,100,08c949a3f3d208c06e880ccf9ce0a971dad75586e72c0205af24e94b84118aac
session_20260710_131254,27,WAITING_IN_PROGRESS,assets/replay/sessions/session_20260710_131254/frames/000027.jpg,crops/session_20260710_131254/000027.png,940,36,1620,100,5aecd2e6be04991addb216e592631d5571fc47240c4c622ff97250ca6725fbab
session_20260710_131254,28,WAITING_IN_PROGRESS,assets/replay/sessions/session_20260710_131254/frames/000028.jpg,crops/session_20260710_131254/000028.png,940,36,1620,100,6149b05369afc2ce3962a3f20d223e5ab171358758d2d66d4d766e0b638ac609
session_20260710_131254,29,WAITING_IN_PROGRESS,assets/replay/sessions/session_20260710_131254/frames/000029.jpg,crops/session_20260710_131254/000029.png,940,36,1620,100,c2e5ab0d3a0da1e562fbc5dc0e8960e1e7524adf7d42648f756f5b3f91ae44f7
session_20260710_131254,30,WAITING_IN_PROGRESS,assets/replay/sessions/session_20260710_131254/frames/000030.jpg,crops/session_20260710_131254/000030.png,940,36,1620,100,fa2f50d588d9af1dc24b03a351c12ab0bc2144aa0689c17b89eeaca996219ba8
session_20260710_131254,31,WAITING_IN_PROGRESS,assets/replay/sessions/session_20260710_131254/frames/000031.jpg,crops/session_20260710_131254/000031.png,940,36,1620,100,80bb2369c54d4b5d1be88af5841458cbefe6aff704befa020eefbe8d25742221
session_20260710_131254,32,WAITING_IN_PROGRESS,assets/replay/sessions/session_20260710_131254/frames/000032.jpg,crops/session_20260710_131254/000032.png,940,36,1620,100,d641dccb252d11b8d664b60baa99332d7d9a0ac0c7fb76d0da9da304d87f297f
session_20260710_131254,33,WAITING_IN_PROGRESS,assets/replay/sessions/session_20260710_131254/frames/000033.jpg,crops/session_20260710_131254/000033.png,940,36,1620,100,92f2272fb689280b14a3f622e2059be4eac0cc37b7d2fc9e87d0c8acb21f2bc4
session_20260710_131254,34,WAITING_IN_PROGRESS,assets/replay/sessions/session_20260710_131254/frames/000034.jpg,crops/session_20260710_131254/000034.png,940,36,1620,100,3548e937faa6c3411112fc90d312116b86ffb31b3ae57d6565df2822971f867f
session_20260710_131254,35,WAITING_IN_PROGRESS,assets/replay/sessions/session_20260710_131254/frames/000035.jpg,crops/session_20260710_131254/000035.png,940,36,1620,100,40c34c2ffcc7fe25ef743fbdc4c7e28c53133ee34466a81e2b1a770ce78cb359
session_20260710_131254,36,WAITING_IN_PROGRESS,assets/replay/sessions/session_20260710_131254/frames/000036.jpg,crops/session_20260710_131254/000036.png,940,36,1620,100,6dc62b31507d1d8670d9ffb9f9c55ce81d71a4f38c3c44ea978f287c9568ed07
session_20260710_131254,37,WAITING_IN_PROGRESS,assets/replay/sessions/session_20260710_131254/frames/000037.jpg,crops/session_20260710_131254/000037.png,940,36,1620,100,d50efdf5d005c67878c8fdd1c1409be71bd071ac910bbd76e4cc7fe60c02e538
session_20260710_131254,38,WAITING_IN_PROGRESS,assets/replay/sessions/session_20260710_131254/frames/000038.jpg,crops/session_20260710_131254/000038.png,940,36,1620,100,08f17b62588d94898450e8bb08175ce7f8ff0306f7fac3b14fdfb42229811426
session_20260710_131254,39,WAITING_IN_PROGRESS,assets/replay/sessions/session_20260710_131254/frames/000039.jpg,crops/session_20260710_131254/000039.png,940,36,1620,100,989569712a974956d402d77dc901c1f60eb5884221ea41f58440252e7354335d
session_20260710_131254,40,WAITING_IN_PROGRESS,assets/replay/sessions/session_20260710_131254/frames/000040.jpg,crops/session_20260710_131254/000040.png,940,36,1620,100,b818d861db3b92cd88e0968bfdcc08120ef0c23b74cafcad58ce28a259dd0580
session_20260710_131254,41,WAITING_IN_PROGRESS,assets/replay/sessions/session_20260710_131254/frames/000041.jpg,crops/session_20260710_131254/000041.png,940,36,1620,100,b818d861db3b92cd88e0968bfdcc08120ef0c23b74cafcad58ce28a259dd0580
session_20260710_131254,42,WAITING_IN_PROGRESS,assets/replay/sessions/session_20260710_131254/frames/000042.jpg,crops/session_20260710_131254/000042.png,940,36,1620,100,0c7c031c2f4569d9142addc1e3e3032a852d611204d66dbd8711b1320fd0ba6c
session_20260710_131254,43,WAITING_IN_PROGRESS,assets/replay/sessions/session_20260710_131254/frames/000043.jpg,crops/session_20260710_131254/000043.png,940,36,1620,100,9df25faee2ff2d8897a722a66fa109d5c61d6c80bed7802510b8a1b922ca39f5
session_20260710_131254,44,WAITING_IN_PROGRESS,assets/replay/sessions/session_20260710_131254/frames/000044.jpg,crops/session_20260710_131254/000044.png,940,36,1620,100,def290796c902f71724b781c5a87dad60331f8774919f18b2f36289101edd00c
session_20260710_131254,45,WAITING_IN_PROGRESS,assets/replay/sessions/session_20260710_131254/frames/000045.jpg,crops/session_20260710_131254/000045.png,940,36,1620,100,10fe16892c546ee8be7edba0ec5b44c809113cf2225343f0301e8f5953a680b5
session_20260710_131254,46,WAITING_IN_PROGRESS,assets/replay/sessions/session_20260710_131254/frames/000046.jpg,crops/session_20260710_131254/000046.png,940,36,1620,100,c5d6cbba4a589b4acde1f9f409e82d43eee35d044e8bfc1afa40f4e77366c19b
session_20260710_131254,47,WAITING_IN_PROGRESS,assets/replay/sessions/session_20260710_131254/frames/000047.jpg,crops/session_20260710_131254/000047.png,940,36,1620,100,c9b41ef824ce318d417088af4e25bf0ac909830a4eaa1d5e6933603fde492a7e
session_20260710_131254,48,WAITING_IN_PROGRESS,assets/replay/sessions/session_20260710_131254/frames/000048.jpg,crops/session_20260710_131254/000048.png,940,36,1620,100,0cf72101eafcf5ece7d757f050f09eb79f463f801d4b918a4fe2e5505d4a6944
session_20260710_131254,49,WAITING_IN_PROGRESS,assets/replay/sessions/session_20260710_131254/frames/000049.jpg,crops/session_20260710_131254/000049.png,940,36,1620,100,48e5d601d4cbe4e1e275b6aadd888736f9409349119508abb24764dd16dd4cb9
session_20260710_131254,50,WAITING_IN_PROGRESS,assets/replay/sessions/session_20260710_131254/frames/000050.jpg,crops/session_20260710_131254/000050.png,940,36,1620,100,ffccab9254851337f6e5a228c28a2121ff79e17d39bdd7041846f2b47de763ad
session_20260710_131254,51,WAITING_IN_PROGRESS,assets/replay/sessions/session_20260710_131254/frames/000051.jpg,crops/session_20260710_131254/000051.png,940,36,1620,100,253d128d97c57553c94b7868e1ad8fa428cf498d1a2e6f41b9f7dcda8fab6264
session_20260710_131254,52,WAITING_IN_PROGRESS,assets/replay/sessions/session_20260710_131254/frames/000052.jpg,crops/session_20260710_131254/000052.png,940,36,1620,100,e1318713277c6c048bf1c3d358ddbdfbe1c0989f8ddf1cf0dd337acdde54f307
session_20260710_131254,53,WAITING_IN_PROGRESS,assets/replay/sessions/session_20260710_131254/frames/000053.jpg,crops/session_20260710_131254/000053.png,940,36,1620,100,4cf971119dc805d2429c8c6e0ca3a61c70f78bf16c82d656af1f6ddfab0fa3fc
session_20260710_131254,54,WAITING_IN_PROGRESS,assets/replay/sessions/session_20260710_131254/frames/000054.jpg,crops/session_20260710_131254/000054.png,940,36,1620,100,6714db5c4e6fab3fbf9868c9d3577c5ea39f118e19352e9e6723252045e7075d
session_20260710_131254,55,WAITING_IN_PROGRESS,assets/replay/sessions/session_20260710_131254/frames/000055.jpg,crops/session_20260710_131254/000055.png,940,36,1620,100,19b35471b004026499cba68db86c4845f350a25568c66d2776c94d0e613ed437
session_20260710_131254,56,WAITING_IN_PROGRESS,assets/replay/sessions/session_20260710_131254/frames/000056.jpg,crops/session_20260710_131254/000056.png,940,36,1620,100,79a74f52f3b890ae72abd392da7b72b6bf6182f74c2b568a00a345d6693baf85
session_20260710_131254,57,WAITING_IN_PROGRESS,assets/replay/sessions/session_20260710_131254/frames/000057.jpg,crops/session_20260710_131254/000057.png,940,36,1620,100,778a20ded57db48d91cf257aa081bbebc436dc2405dac22ceb65358efd37d28d
session_20260710_131254,58,WAITING_IN_PROGRESS,assets/replay/sessions/session_20260710_131254/frames/000058.jpg,crops/session_20260710_131254/000058.png,940,36,1620,100,c0274bffee3b2e31dbcc2a97c63993f88106537dbce32bf7a1eb63c6e53d50a4
session_20260710_131254,59,WAITING_IN_PROGRESS,assets/replay/sessions/session_20260710_131254/frames/000059.jpg,crops/session_20260710_131254/000059.png,940,36,1620,100,280ffd201565e2e6562a64d6563ad8da7924bdd49cea7d6d2e7f481153369f03
session_20260710_131254,60,WAITING_IN_PROGRESS,assets/replay/sessions/session_20260710_131254/frames/000060.jpg,crops/session_20260710_131254/000060.png,940,36,1620,100,280ffd201565e2e6562a64d6563ad8da7924bdd49cea7d6d2e7f481153369f03
session_20260710_131254,61,WAITING_IN_PROGRESS,assets/replay/sessions/session_20260710_131254/frames/000061.jpg,crops/session_20260710_131254/000061.png,940,36,1620,100,fb95a096d2fbab899bead7b00e5be1c1fb8eb2c54ba7af4f4992b90238ceb711
session_20260710_131254,62,WAITING_IN_PROGRESS,assets/replay/sessions/session_20260710_131254/frames/000062.jpg,crops/session_20260710_131254/000062.png,940,36,1620,100,1c28cbf6a70a78767db4c3892b9d9ae39dfc04bc9559ffa7d7d3da25a76dc0ce
session_20260710_131254,63,WAITING_IN_PROGRESS,assets/replay/sessions/session_20260710_131254/frames/000063.jpg,crops/session_20260710_131254/000063.png,940,36,1620,100,5f9a5bcefd28b63a53d55baf59de9c6aa29c31ae79328cf49f8f1f8dc20eacce
session_20260710_131254,64,WAITING_IN_PROGRESS,assets/replay/sessions/session_20260710_131254/frames/000064.jpg,crops/session_20260710_131254/000064.png,940,36,1620,100,a672671b9f75e26b5b6ef56bcb460f9a9d723b9487ac77af9f431ccf1356215e
session_20260710_131254,65,WAITING_IN_PROGRESS,assets/replay/sessions/session_20260710_131254/frames/000065.jpg,crops/session_20260710_131254/000065.png,940,36,1620,100,7352a955ad393d92fb7e176aeb5d123aa45b96b63f7d21c25c09b982a7ddcd66
session_20260710_131254,66,WAITING_IN_PROGRESS,assets/replay/sessions/session_20260710_131254/frames/000066.jpg,crops/session_20260710_131254/000066.png,940,36,1620,100,1f0721371ad6f7a92b38d7b2ac56b6bddc6ecb445282fddc43efc3956f2f3dc7
session_20260710_131254,67,WAITING_IN_PROGRESS,assets/replay/sessions/session_20260710_131254/frames/000067.jpg,crops/session_20260710_131254/000067.png,940,36,1620,100,e280cd5d5181dbab70e0a0de4843c16fd77aecc6c1aea6295c8d365d0f110ea0
session_20260710_131254,68,WAITING_IN_PROGRESS,assets/replay/sessions/session_20260710_131254/frames/000068.jpg,crops/session_20260710_131254/000068.png,940,36,1620,100,9da1187c22edeaa6b0b19c743840b08de4b90563ea62f715ef4dc30e7be03964
session_20260710_131254,69,WAITING_IN_PROGRESS,assets/replay/sessions/session_20260710_131254/frames/000069.jpg,crops/session_20260710_131254/000069.png,940,36,1620,100,8cd4e6593a76e75b2cbb03f1e1ef1b9fe9eee909ab87ef0c67001e907c316df4
session_20260710_131254,70,WAITING_IN_PROGRESS,assets/replay/sessions/session_20260710_131254/frames/000070.jpg,crops/session_20260710_131254/000070.png,940,36,1620,100,14bc0596acc2f93161847c209c6c435efeebef43481f99429e149ae20de8818b
session_20260710_131254,71,WAITING_IN_PROGRESS,assets/replay/sessions/session_20260710_131254/frames/000071.jpg,crops/session_20260710_131254/000071.png,940,36,1620,100,75a8c32c1c67692c150edd06ed9f0583a825f60a6efa25b8c17efa65bcb13b43
session_20260710_131254,72,WAITING_IN_PROGRESS,assets/replay/sessions/session_20260710_131254/frames/000072.jpg,crops/session_20260710_131254/000072.png,940,36,1620,100,55efcce9b4e1fff301d938fab6042ad65d56878d38985948fdcb586eaab416c0
session_20260710_131254,73,WAITING_IN_PROGRESS,assets/replay/sessions/session_20260710_131254/frames/000073.jpg,crops/session_20260710_131254/000073.png,940,36,1620,100,a7ce91314040b63f66d114ac7d141e217ecf19f180c42f9489c46158873b5ae6
session_20260710_131254,74,WAITING_IN_PROGRESS,assets/replay/sessions/session_20260710_131254/frames/000074.jpg,crops/session_20260710_131254/000074.png,940,36,1620,100,a8791d2ecb79e174130684d5d9ce75e979bd9e724fa151ea4ffed82a6c76c6b3
session_20260710_131254,75,WAITING_IN_PROGRESS,assets/replay/sessions/session_20260710_131254/frames/000075.jpg,crops/session_20260710_131254/000075.png,940,36,1620,100,6f47aa3e776f19a39830e1398e66c5e5d2b9934357b00b41c816c52689e407e7
session_20260710_131254,76,WAITING_IN_PROGRESS,assets/replay/sessions/session_20260710_131254/frames/000076.jpg,crops/session_20260710_131254/000076.png,940,36,1620,100,d0a8205a52c3b0772485c89d5f3e875c133361d3d68e996d0c8392b4eafd3f91
session_20260710_131254,77,WAITING_IN_PROGRESS,assets/replay/sessions/session_20260710_131254/frames/000077.jpg,crops/session_20260710_131254/000077.png,940,36,1620,100,fb0d787613133b6e860ba4be4cc99ffffaa205ce6aedb68d1b1640525c8c4657
session_20260710_131254,78,WAITING_IN_PROGRESS,assets/replay/sessions/session_20260710_131254/frames/000078.jpg,crops/session_20260710_131254/000078.png,940,36,1620,100,a5a77550a0c72818f51ceead4edf76e7e5371ee70379cd3d5ba26570a6d49160
session_20260710_131254,79,WAITING_IN_PROGRESS,assets/replay/sessions/session_20260710_131254/frames/000079.jpg,crops/session_20260710_131254/000079.png,940,36,1620,100,d52f676c0a8f22937ef390d1c0afb6b0477260fd81bbf31dd07da2d53b0c866f
session_20260710_131254,80,WAITING_IN_PROGRESS,assets/replay/sessions/session_20260710_131254/frames/000080.jpg,crops/session_20260710_131254/000080.png,940,36,1620,100,5408a702b1d0ff466f82ea3fadebf281125c2b92efe9cbf25e597ddea42917c7
session_20260710_131254,81,WAITING_IN_PROGRESS,assets/replay/sessions/session_20260710_131254/frames/000081.jpg,crops/session_20260710_131254/000081.png,940,36,1620,100,e491938049b239a3e78eadc16cdf1aa1ede7b981fa222d2a7e8905b024538590
session_20260710_131254,82,WAITING_IN_PROGRESS,assets/replay/sessions/session_20260710_131254/frames/000082.jpg,crops/session_20260710_131254/000082.png,940,36,1620,100,a6a9e6b40860b7ca8d46041ffe1073bba084000a86a6112c33b76e7d1b1dd004
session_20260710_131254,83,WAITING_IN_PROGRESS,assets/replay/sessions/session_20260710_131254/frames/000083.jpg,crops/session_20260710_131254/000083.png,940,36,1620,100,b01ea8934658658307fab631d06953d038728767ae17b8e3f4c6bf3ecd94c407
session_20260710_131254,84,WAITING_IN_PROGRESS,assets/replay/sessions/session_20260710_131254/frames/000084.jpg,crops/session_20260710_131254/000084.png,940,36,1620,100,0ba54b3c4bed1e76978d289e82b625087739c59759f4a1f47c431ca09592818a
session_20260710_131254,85,WAITING_IN_PROGRESS,assets/replay/sessions/session_20260710_131254/frames/000085.jpg,crops/session_20260710_131254/000085.png,940,36,1620,100,046ddddc7a007d3e170a300d698fbd162e83f7674730266a07db4b2c5b39a2e4
session_20260710_131254,86,WAITING_IN_PROGRESS,assets/replay/sessions/session_20260710_131254/frames/000086.jpg,crops/session_20260710_131254/000086.png,940,36,1620,100,de914eed9480bd3380ad56c5523ffa4bbbb2bc35ac82a5284a6f4e37ca07ca1d
session_20260710_131254,87,WAITING_IN_PROGRESS,assets/replay/sessions/session_20260710_131254/frames/000087.jpg,crops/session_20260710_131254/000087.png,940,36,1620,100,a6a033f8c500af5588bf832dfb378baf8f38cb68bec2bd0f4cb36bbf2b1be2ea
session_20260710_131254,88,WAITING_IN_PROGRESS,assets/replay/sessions/session_20260710_131254/frames/000088.jpg,crops/session_20260710_131254/000088.png,940,36,1620,100,7c20d8a9a3272a28388c2affe6a0e376e12bd4db273a309ce1a7b26763f6469d
session_20260710_131254,89,WAITING_IN_PROGRESS,assets/replay/sessions/session_20260710_131254/frames/000089.jpg,crops/session_20260710_131254/000089.png,940,36,1620,100,d6581320990ee6bc8006d7c30a156b751c961b3e7c3758084b62943e3ef46ee8
session_20260710_131254,90,WAITING_IN_PROGRESS,assets/replay/sessions/session_20260710_131254/frames/000090.jpg,crops/session_20260710_131254/000090.png,940,36,1620,100,d6581320990ee6bc8006d7c30a156b751c961b3e7c3758084b62943e3ef46ee8
session_20260710_131254,91,WAITING_IN_PROGRESS,assets/replay/sessions/session_20260710_131254/frames/000091.jpg,crops/session_20260710_131254/000091.png,940,36,1620,100,346bf3690887301601763692d4c8cd1acf8c6e78001e34d24c325e5ef431755e
session_20260710_131254,92,WAITING_IN_PROGRESS,assets/replay/sessions/session_20260710_131254/frames/000092.jpg,crops/session_20260710_131254/000092.png,940,36,1620,100,95907b0730eecfbe5bc7ec0a007b746fad8458948818dbb2c0091401e38c8cb0
session_20260710_131254,93,WAITING_IN_PROGRESS,assets/replay/sessions/session_20260710_131254/frames/000093.jpg,crops/session_20260710_131254/000093.png,940,36,1620,100,a8b0c700bd1343d8c0f1ae00c142301fe9234368060890e1a4d585e2d62990f9
session_20260710_131254,94,WAITING_IN_PROGRESS,assets/replay/sessions/session_20260710_131254/frames/000094.jpg,crops/session_20260710_131254/000094.png,940,36,1620,100,78647f71e4e21cfda2b4741872d3edcf3e6bc3d271f74edce25339aa06a37055
session_20260710_131254,95,WAITING_IN_PROGRESS,assets/replay/sessions/session_20260710_131254/frames/000095.jpg,crops/session_20260710_131254/000095.png,940,36,1620,100,6efa35ef760accfb0fc1df714167020a316a9f215c0d3736eb7d58a256215644
session_20260710_131254,96,WAITING_IN_PROGRESS,assets/replay/sessions/session_20260710_131254/frames/000096.jpg,crops/session_20260710_131254/000096.png,940,36,1620,100,fdd11b4dc2c7431831597893991aeb537fc41ce1d620d0083ca5a3da83da7c83
session_20260710_131254,97,WAITING_IN_PROGRESS,assets/replay/sessions/session_20260710_131254/frames/000097.jpg,crops/session_20260710_131254/000097.png,940,36,1620,100,e37bd48b061a409345f608660548158876136af48e53b6194a217868b7151fbe
session_20260710_131254,98,WAITING_IN_PROGRESS,assets/replay/sessions/session_20260710_131254/frames/000098.jpg,crops/session_20260710_131254/000098.png,940,36,1620,100,427c8a36df8e2b0d6b51cf0db6fa1e61106c98c0b2762b93ee81da806bdd4193
session_20260710_131254,99,WAITING_IN_PROGRESS,assets/replay/sessions/session_20260710_131254/frames/000099.jpg,crops/session_20260710_131254/000099.png,940,36,1620,100,316c6a179846ebce6d37146ce944077af4ccb284a8677f8aecb2aca9a79fb78c
session_20260710_131254,100,WAITING_IN_PROGRESS,assets/replay/sessions/session_20260710_131254/frames/000100.jpg,crops/session_20260710_131254/000100.png,940,36,1620,100,522d65dc7410bc97830b8fe6bacdf09fc9da33ede0a4ae2d79094908541d25da
session_20260710_131254,101,WAITING_IN_PROGRESS,assets/replay/sessions/session_20260710_131254/frames/000101.jpg,crops/session_20260710_131254/000101.png,940,36,1620,100,2bb492bccb09cbd668da02cf224543899dd3e66119e699e05efbb9c21b141d8d
session_20260710_131254,102,WAITING_IN_PROGRESS,assets/replay/sessions/session_20260710_131254/frames/000102.jpg,crops/session_20260710_131254/000102.png,940,36,1620,100,a7ee55940d47fc812f3f1838d8ab9c8a30db47078fd350089589344a885c0879
session_20260710_131254,103,WAITING_IN_PROGRESS,assets/replay/sessions/session_20260710_131254/frames/000103.jpg,crops/session_20260710_131254/000103.png,940,36,1620,100,76f0e7e51f96239fa33424f4b847154b7b788d8e3ab3ff108ef61dc476da242c
session_20260710_131254,104,WAITING_IN_PROGRESS,assets/replay/sessions/session_20260710_131254/frames/000104.jpg,crops/session_20260710_131254/000104.png,940,36,1620,100,da6f39a710888569abe3e805247a28c0bb52b0a375b4a05bf8ac346a15e68dab
session_20260710_131254,105,WAITING_IN_PROGRESS,assets/replay/sessions/session_20260710_131254/frames/000105.jpg,crops/session_20260710_131254/000105.png,940,36,1620,100,d346872e3eece7115ea585e27172e1952cf2c8758861b811e622c7962d9d42d7
session_20260710_131254,106,WAITING_IN_PROGRESS,assets/replay/sessions/session_20260710_131254/frames/000106.jpg,crops/session_20260710_131254/000106.png,940,36,1620,100,f91cfb4b7eb6e79c816221784fd4148965157df18a8202285c661b69acfab0d9
session_20260710_131254,107,WAITING_IN_PROGRESS,assets/replay/sessions/session_20260710_131254/frames/000107.jpg,crops/session_20260710_131254/000107.png,940,36,1620,100,8842121dffb9516f985c23ffdd92df33f074059295cf7ba63912319c9ecfbc72
session_20260710_131254,108,WAITING_IN_PROGRESS,assets/replay/sessions/session_20260710_131254/frames/000108.jpg,crops/session_20260710_131254/000108.png,940,36,1620,100,448bfc80def63c2898e4d8e51e56eb7624dd96dd64955f11449098fa6627e5a5
session_20260710_131254,109,WAITING_IN_PROGRESS,assets/replay/sessions/session_20260710_131254/frames/000109.jpg,crops/session_20260710_131254/000109.png,940,36,1620,100,ec6b553da168b66cffaa13205babdcf6f0504c15dfdf5dae9f39a95aaca0cd42
session_20260710_131254,110,WAITING_IN_PROGRESS,assets/replay/sessions/session_20260710_131254/frames/000110.jpg,crops/session_20260710_131254/000110.png,940,36,1620,100,04bc0bb54301dfcea1e0ac7a7cb8a81553677010fd3216187127ca6f9f3b2c71
session_20260710_131254,111,WAITING_IN_PROGRESS,assets/replay/sessions/session_20260710_131254/frames/000111.jpg,crops/session_20260710_131254/000111.png,940,36,1620,100,77b71fc3ffa79e8648f274df00fea7853e41438ec85f139ccdb1d4758669c995
session_20260710_131254,112,WAITING_IN_PROGRESS,assets/replay/sessions/session_20260710_131254/frames/000112.jpg,crops/session_20260710_131254/000112.png,940,36,1620,100,5e733bc9068aa28c3b247e57fff79838c454664d2a14f2f2b3080c60e6eb8ac6
session_20260710_131254,113,WAITING_IN_PROGRESS,assets/replay/sessions/session_20260710_131254/frames/000113.jpg,crops/session_20260710_131254/000113.png,940,36,1620,100,491eba6660977fb2c049635a4dc885dee1cbc80e34e8fa4386c6eb817868d641
session_20260710_131254,114,WAITING_IN_PROGRESS,assets/replay/sessions/session_20260710_131254/frames/000114.jpg,crops/session_20260710_131254/000114.png,940,36,1620,100,36f5f46911046fc435780b12b714299b237214bfb22ac9ede4db224e6f2dca5f
session_20260710_131254,115,WAITING_IN_PROGRESS,assets/replay/sessions/session_20260710_131254/frames/000115.jpg,crops/session_20260710_131254/000115.png,940,36,1620,100,e07e950d65a202502c483005d939117ea1f20be85758def176ffbb7ccc6a1ecd
session_20260710_131254,116,WAITING_IN_PROGRESS,assets/replay/sessions/session_20260710_131254/frames/000116.jpg,crops/session_20260710_131254/000116.png,940,36,1620,100,e8d3f6938b18244696b21640460ae9b511e2d1e3e1311a07e4e32beffa831083
session_20260710_131254,117,WAITING_IN_PROGRESS,assets/replay/sessions/session_20260710_131254/frames/000117.jpg,crops/session_20260710_131254/000117.png,940,36,1620,100,7e711ff0b5f595850142b6170fceebc270ec3689c23b31e6778b1f4e7ea03b89
session_20260710_131254,118,WAITING_IN_PROGRESS,assets/replay/sessions/session_20260710_131254/frames/000118.jpg,crops/session_20260710_131254/000118.png,940,36,1620,100,43514704816473052424ebffda02a7e05074568673ba43c1272e7f03e5060daf
session_20260710_131254,119,WAITING_IN_PROGRESS,assets/replay/sessions/session_20260710_131254/frames/000119.jpg,crops/session_20260710_131254/000119.png,940,36,1620,100,342a01dadac7a4742f12aa2c85dd50897bf763c7b9fdfbf0769ac15ad95ae988
session_20260710_131254,120,WAITING_IN_PROGRESS,assets/replay/sessions/session_20260710_131254/frames/000120.jpg,crops/session_20260710_131254/000120.png,940,36,1620,100,789c3436936b7165023e8c78a8a076cb46549bef1efcb85794530662868dac12
session_20260710_131254,121,READY_BITE,assets/replay/sessions/session_20260710_131254/frames/000121.jpg,crops/session_20260710_131254/000121.png,940,36,1620,100,633123ddfad67db099d9f2f7c1572c278700b44a04bd82666301fe66067a45c2
session_20260710_131254,122,READY_BITE,assets/replay/sessions/session_20260710_131254/frames/000122.jpg,crops/session_20260710_131254/000122.png,940,36,1620,100,fad02fb0c2b5f8f59f3d24307ff59218bfcb79d903fc082a98ed481d579bbf7d
session_20260710_131254,123,READY_BITE,assets/replay/sessions/session_20260710_131254/frames/000123.jpg,crops/session_20260710_131254/000123.png,940,36,1620,100,42707f97ef38c0ce99baff25a51cba716262d6d9785e3dd8e9ade967c8b9b33e
session_20260710_131254,124,READY_BITE,assets/replay/sessions/session_20260710_131254/frames/000124.jpg,crops/session_20260710_131254/000124.png,940,36,1620,100,783a2e8a9ad71829d0f5dbb9bed36d210d0dace22d3ac74546781fd9ec1499ce
session_20260710_131254,125,READY_BITE,assets/replay/sessions/session_20260710_131254/frames/000125.jpg,crops/session_20260710_131254/000125.png,940,36,1620,100,018d96db96e09cfb2cc03814d574b0cbe6900e3414f5dc3db6c1f902f1cccfcd
session_20260710_131254,126,READY_BITE,assets/replay/sessions/session_20260710_131254/frames/000126.jpg,crops/session_20260710_131254/000126.png,940,36,1620,100,e0487db0bbe3422e4be64bf83f0642c552204aff8ab4bb3e8a48c4b4712d65d0
session_20260710_131254,127,READY_BITE,assets/replay/sessions/session_20260710_131254/frames/000127.jpg,crops/session_20260710_131254/000127.png,940,36,1620,100,c0b80119f1f4a3436182ebbf62875c7fd90589409faf8fb0eb8e7af73be5c530
session_20260710_131254,128,READY_BITE,assets/replay/sessions/session_20260710_131254/frames/000128.jpg,crops/session_20260710_131254/000128.png,940,36,1620,100,383565f450ea9fa8fbcb88da55fedbfb143703da17faa9219149d3d3594069c4
session_20260710_131254,129,READY_BITE,assets/replay/sessions/session_20260710_131254/frames/000129.jpg,crops/session_20260710_131254/000129.png,940,36,1620,100,0e867f143f3ed7cacd5bddd6d32149dd6b9e51b4f71e2a13ae96000367746b51
session_20260710_131254,130,READY_BITE,assets/replay/sessions/session_20260710_131254/frames/000130.jpg,crops/session_20260710_131254/000130.png,940,36,1620,100,2fac6c0922aacdbaa5e83d0fb81c302e5a5eb5426f2c4f97959a3c700a747554
session_20260710_131254,131,READY_BITE,assets/replay/sessions/session_20260710_131254/frames/000131.jpg,crops/session_20260710_131254/000131.png,940,36,1620,100,5fe478363b966e234394f7308447a432688d113ed9053497eb407c50404db602
session_20260710_131254,132,READY_BITE,assets/replay/sessions/session_20260710_131254/frames/000132.jpg,crops/session_20260710_131254/000132.png,940,36,1620,100,aed9d85a337912f4dac76c924f1dd024348d673f89a11765c605a7cdbf5fa4f4
session_20260710_131254,133,READY_BITE,assets/replay/sessions/session_20260710_131254/frames/000133.jpg,crops/session_20260710_131254/000133.png,940,36,1620,100,7f4f30c5ad56790cd479e42914521dec4c9f383e681113b0d02e5e2c89840390
session_20260710_131254,134,READY_BITE,assets/replay/sessions/session_20260710_131254/frames/000134.jpg,crops/session_20260710_131254/000134.png,940,36,1620,100,35cc7747a2f98a44fe518545150f15631e985636a28fde383cf1ad27a66a82b5
session_20260710_131254,135,READY_BITE,assets/replay/sessions/session_20260710_131254/frames/000135.jpg,crops/session_20260710_131254/000135.png,940,36,1620,100,7f7ddee79170ff2e466796438a61ac0232952305fe9a8516f3c2f2fdc8e3a15b
session_20260710_131254,136,READY_BITE,assets/replay/sessions/session_20260710_131254/frames/000136.jpg,crops/session_20260710_131254/000136.png,940,36,1620,100,c4decde25a7bdec6d2206c9cbcfb49f9ed495a80116e595fa5e53b8f02b71b47
session_20260710_131254,137,READY_BITE,assets/replay/sessions/session_20260710_131254/frames/000137.jpg,crops/session_20260710_131254/000137.png,940,36,1620,100,eba5ab2848b9cf2d162e3c2444d97c72cb48973733c06fe3669d3a6eb209bda6
session_20260710_131254,138,READY_BITE,assets/replay/sessions/session_20260710_131254/frames/000138.jpg,crops/session_20260710_131254/000138.png,940,36,1620,100,be2f6f1bc7cfe6e0a51975da34ba9138cac7918df5570853e0273252d3ec1d93
session_20260710_131254,139,READY_BITE,assets/replay/sessions/session_20260710_131254/frames/000139.jpg,crops/session_20260710_131254/000139.png,940,36,1620,100,be2f6f1bc7cfe6e0a51975da34ba9138cac7918df5570853e0273252d3ec1d93
session_20260710_131254,140,READY_BITE,assets/replay/sessions/session_20260710_131254/frames/000140.jpg,crops/session_20260710_131254/000140.png,940,36,1620,100,8c026e6a8b93d5f316fdaf1f77040036f0ee650e56bdc79ab28d6e5adc0bf640
session_20260710_131254,141,READY_BITE,assets/replay/sessions/session_20260710_131254/frames/000141.jpg,crops/session_20260710_131254/000141.png,940,36,1620,100,ff304321b8a0d130b9db98bee6df9ecc7929649bbd32284376f723b98c923473
session_20260710_131254,142,READY_BITE,assets/replay/sessions/session_20260710_131254/frames/000142.jpg,crops/session_20260710_131254/000142.png,940,36,1620,100,506eeea6dd81285d1585b67e3a0e1b5d9512d8828246b5e056b5d75d479ec8dd
session_20260710_131254,143,READY_BITE,assets/replay/sessions/session_20260710_131254/frames/000143.jpg,crops/session_20260710_131254/000143.png,940,36,1620,100,bbee79890abd9e7bb3717c1ba6d051e81599f7d32263809fe8a804d8f5ccec38
session_20260710_131254,144,READY_BITE,assets/replay/sessions/session_20260710_131254/frames/000144.jpg,crops/session_20260710_131254/000144.png,940,36,1620,100,dd7c981665d0c36a6b139da8e854e633e57742ccf8304dd550788994dfadd7ac
session_20260710_131254,145,READY_BITE,assets/replay/sessions/session_20260710_131254/frames/000145.jpg,crops/session_20260710_131254/000145.png,940,36,1620,100,a6b3b3ca4e40c2924ee27c33f4b147e902b60b7e22dc2a4a3c1b2c5f855d092a
session_20260710_131254,146,READY_BITE,assets/replay/sessions/session_20260710_131254/frames/000146.jpg,crops/session_20260710_131254/000146.png,940,36,1620,100,b3a7a18768ccb7d72e71cdb5b2cf9e61b570677e4c38d3fa46ae30282e313b56
session_20260710_131254,147,READY_BITE,assets/replay/sessions/session_20260710_131254/frames/000147.jpg,crops/session_20260710_131254/000147.png,940,36,1620,100,9bfa73177aa70d9ace487ceb6dd3c023df5617a9da620cc2266e439d25a8c52f
session_20260710_131254,148,READY_BITE,assets/replay/sessions/session_20260710_131254/frames/000148.jpg,crops/session_20260710_131254/000148.png,940,36,1620,100,bd95ca81dc3c2d67a4fa4dbb70dfa3f2f419a5f0ee7b33b498ef7306d250f303
session_20260710_131254,149,READY_BITE,assets/replay/sessions/session_20260710_131254/frames/000149.jpg,crops/session_20260710_131254/000149.png,940,36,1620,100,84dbd141718fd88e36f8e9d2c417c795721d97ff394a3bbebf52576c33f4fd96
session_20260710_131254,150,READY_BITE,assets/replay/sessions/session_20260710_131254/frames/000150.jpg,crops/session_20260710_131254/000150.png,940,36,1620,100,0d320f3caa79657f1a2b3fc551e4146cf9b63241ffeb9050f18c3f8a1f0b2ff8
session_20260710_131254,151,READY_BITE,assets/replay/sessions/session_20260710_131254/frames/000151.jpg,crops/session_20260710_131254/000151.png,940,36,1620,100,5076ac5cdd14b3504912f697d12e02d667b12a954064c4c706593444c3fc14bf
session_20260710_131254,152,READY_BITE,assets/replay/sessions/session_20260710_131254/frames/000152.jpg,crops/session_20260710_131254/000152.png,940,36,1620,100,d20e2cea49a1e9b25dfc8777406a691b482651ce590d32bd61acc77304e69f5c
session_20260710_131254,153,READY_BITE,assets/replay/sessions/session_20260710_131254/frames/000153.jpg,crops/session_20260710_131254/000153.png,940,36,1620,100,75f19789590d2c4d519d95c60a80be2d648de56407e03d9e253d3210bb0f87f3
session_20260710_131254,154,READY_BITE,assets/replay/sessions/session_20260710_131254/frames/000154.jpg,crops/session_20260710_131254/000154.png,940,36,1620,100,22625f295749f8efe22c374b4049bf4a8fa621627633d2417f7d735b395b508c
session_20260710_131254,155,READY_BITE,assets/replay/sessions/session_20260710_131254/frames/000155.jpg,crops/session_20260710_131254/000155.png,940,36,1620,100,38580108544a9fd61afb37bd07fd31be7b27c21e79a3722905d7ac30e247f4fc
session_20260710_131254,156,READY_BITE,assets/replay/sessions/session_20260710_131254/frames/000156.jpg,crops/session_20260710_131254/000156.png,940,36,1620,100,6c338181e7351d5ce4c5cb887df2054374bc0b815dbb337d9d4f1b2bf75ecd0e
session_20260710_131254,157,READY_BITE,assets/replay/sessions/session_20260710_131254/frames/000157.jpg,crops/session_20260710_131254/000157.png,940,36,1620,100,f9a80657837f569f8295ce6b5b837a2772550410284d42ed6c47ee24df611032
session_20260710_131254,158,READY_BITE,assets/replay/sessions/session_20260710_131254/frames/000158.jpg,crops/session_20260710_131254/000158.png,940,36,1620,100,3075098c338244875015514b51e13d833d6da4fc944c00947466de2ddaf4a157
session_20260710_131254,159,READY_BITE,assets/replay/sessions/session_20260710_131254/frames/000159.jpg,crops/session_20260710_131254/000159.png,940,36,1620,100,aaf1dea3f190345e5a6da24d6323d91a7f822a98fbc524bad03fa82b68731800
session_20260710_131254,160,READY_BITE,assets/replay/sessions/session_20260710_131254/frames/000160.jpg,crops/session_20260710_131254/000160.png,940,36,1620,100,371afd565fa2f90e1bc9715c774dd71762da75a3edb23745d43757a8a6986569
session_20260710_131254,161,READY_BITE,assets/replay/sessions/session_20260710_131254/frames/000161.jpg,crops/session_20260710_131254/000161.png,940,36,1620,100,7b03553aa564af317ed0aed394b06aeaf181f7d64fdf33dd14bf21fb9a42e18b
session_20260710_131254,162,READY_BITE,assets/replay/sessions/session_20260710_131254/frames/000162.jpg,crops/session_20260710_131254/000162.png,940,36,1620,100,e31cc9f286ab83b12d8979480e83d021dd7799c109c265eea3dbf3e4636bbb8b
session_20260710_131254,163,READY_BITE,assets/replay/sessions/session_20260710_131254/frames/000163.jpg,crops/session_20260710_131254/000163.png,940,36,1620,100,9c328899b83854841aea844d5ec59feb717b9fd1df498a53faec109f2401dd5d
session_20260710_131254,164,READY_BITE,assets/replay/sessions/session_20260710_131254/frames/000164.jpg,crops/session_20260710_131254/000164.png,940,36,1620,100,54f192915138ad14b94bd9472bd61573e6346249f29f5874465f48f3951fd8d7
session_20260710_131254,165,READY_BITE,assets/replay/sessions/session_20260710_131254/frames/000165.jpg,crops/session_20260710_131254/000165.png,940,36,1620,100,ce989030abb9aa748b53ccaffa2ada57d5b0cb4b482b123c89230f760c182946
session_20260710_131254,166,READY_BITE,assets/replay/sessions/session_20260710_131254/frames/000166.jpg,crops/session_20260710_131254/000166.png,940,36,1620,100,9235fce3c7d085b343b07aa64df6bcaefa93f91812e4d11df484288dffbc56c7
session_20260710_131254,167,READY_BITE,assets/replay/sessions/session_20260710_131254/frames/000167.jpg,crops/session_20260710_131254/000167.png,940,36,1620,100,202d198edb0b3b551efc9a085da620131ebb7a68d620a41d30d81ab7ade6c339
session_20260710_131254,168,READY_BITE,assets/replay/sessions/session_20260710_131254/frames/000168.jpg,crops/session_20260710_131254/000168.png,940,36,1620,100,7f7dbc4d5e9ea699e4c51aa89c4a4775575a2cc7d0b05751aa57437a8b6bb3f1
session_20260710_131254,169,READY_BITE,assets/replay/sessions/session_20260710_131254/frames/000169.jpg,crops/session_20260710_131254/000169.png,940,36,1620,100,7edd2c016758e61c225df32c19bc9f9043fa682796d4be924e55fbf5f0a01a59
session_20260710_131254,170,READY_BITE,assets/replay/sessions/session_20260710_131254/frames/000170.jpg,crops/session_20260710_131254/000170.png,940,36,1620,100,95ae7b1834852b2454a7ae4e0661891b37a3e9a0b7d29889eb720542d65154d0
session_20260710_131254,171,READY_BITE,assets/replay/sessions/session_20260710_131254/frames/000171.jpg,crops/session_20260710_131254/000171.png,940,36,1620,100,92795656d2dc9ee411b2f244b171be00fa6e77ea78d66a83d3879588332c686d
session_20260710_131254,172,READY_BITE,assets/replay/sessions/session_20260710_131254/frames/000172.jpg,crops/session_20260710_131254/000172.png,940,36,1620,100,df1e916c7c44923b61bb20d86040f58ab9778cbe27059d4bb3ffdc1b0e02fbdd
session_20260710_131254,173,READY_BITE,assets/replay/sessions/session_20260710_131254/frames/000173.jpg,crops/session_20260710_131254/000173.png,940,36,1620,100,adece13d1e31fef2cf6efb59ce81b46267ddce499c03010cc0d1147c4a804f4b
session_20260710_131254,174,READY_BITE,assets/replay/sessions/session_20260710_131254/frames/000174.jpg,crops/session_20260710_131254/000174.png,940,36,1620,100,adfae7b2307dd3a6787b6f4edcf01d528e83598493f1b72f18e4a25c08c61f3a
session_20260710_131254,175,READY_BITE,assets/replay/sessions/session_20260710_131254/frames/000175.jpg,crops/session_20260710_131254/000175.png,940,36,1620,100,883bc0eeee5bb190a07abf54a7cd1d97966137e3793f6641b25e3468134ae388
session_20260710_131254,176,READY_BITE,assets/replay/sessions/session_20260710_131254/frames/000176.jpg,crops/session_20260710_131254/000176.png,940,36,1620,100,486fc91e2bb52cf45046f2e2a8cb3fd383b2b5c6eb57cdc409641cabcd7c6ca5
session_20260710_131254,177,READY_BITE,assets/replay/sessions/session_20260710_131254/frames/000177.jpg,crops/session_20260710_131254/000177.png,940,36,1620,100,570d1a6f8b7e227e2c2f6813ecf501baeb184f9e7f19c292d8a2de0215aba47e
session_20260710_131254,178,READY_BITE,assets/replay/sessions/session_20260710_131254/frames/000178.jpg,crops/session_20260710_131254/000178.png,940,36,1620,100,151128fc421752f79d22567a5ec67079d1644fa1b9dc273ea94cebe159dd5bce
session_20260710_131254,179,READY_BITE,assets/replay/sessions/session_20260710_131254/frames/000179.jpg,crops/session_20260710_131254/000179.png,940,36,1620,100,79619ff89cd646366fc3c9307803382aab09950727dedeb6f2102b2d3ec467e4
session_20260710_131254,180,READY_BITE,assets/replay/sessions/session_20260710_131254/frames/000180.jpg,crops/session_20260710_131254/000180.png,940,36,1620,100,93d1c6c02cb927b41247d148c68e26e34c7c8e0aac4474ed3c4e76b466292922
session_20260710_131254,181,READY_BITE,assets/replay/sessions/session_20260710_131254/frames/000181.jpg,crops/session_20260710_131254/000181.png,940,36,1620,100,b61660bf428d5f259987ed062d5131827c46cec1d93d559f7328550c74d04cf0
session_20260710_131254,182,READY_BITE,assets/replay/sessions/session_20260710_131254/frames/000182.jpg,crops/session_20260710_131254/000182.png,940,36,1620,100,20e11f4afd1ba25ac086835ccd38703e13448d3fae3a64efbb33d4dafd1f7bf9
session_20260710_131254,183,READY_BITE,assets/replay/sessions/session_20260710_131254/frames/000183.jpg,crops/session_20260710_131254/000183.png,940,36,1620,100,cf52d7ccde2cede7fa6e6112ec1329f7bd47f477f33429b5a12ba55c41847de5
session_20260710_131254,184,READY_BITE,assets/replay/sessions/session_20260710_131254/frames/000184.jpg,crops/session_20260710_131254/000184.png,940,36,1620,100,75492706941c5246ceabdecd3ef0af3607b074105abf91823375142ac9ddd951
session_20260710_131254,185,READY_BITE,assets/replay/sessions/session_20260710_131254/frames/000185.jpg,crops/session_20260710_131254/000185.png,940,36,1620,100,e9f7136c53eb354bb83986c112ee7607cf720b3c1eab67c557094b03f798d1d4
session_20260710_131254,186,READY_BITE,assets/replay/sessions/session_20260710_131254/frames/000186.jpg,crops/session_20260710_131254/000186.png,940,36,1620,100,fb8b64f1f0ebe78839834aaa9164319cc6e673f4807f836e6205c690a6f11bee
session_20260710_131254,187,READY_BITE,assets/replay/sessions/session_20260710_131254/frames/000187.jpg,crops/session_20260710_131254/000187.png,940,36,1620,100,d6a3bb8343f1f6baed1d3aa838f983e8b3eb95ea542955527a8a0325a99b8277
session_20260710_131254,188,READY_BITE,assets/replay/sessions/session_20260710_131254/frames/000188.jpg,crops/session_20260710_131254/000188.png,940,36,1620,100,8dbe73f11b104f614b9459184156f12322b2d2910f5ce781b1b6796aef7d8a9a
session_20260710_131254,189,READY_BITE,assets/replay/sessions/session_20260710_131254/frames/000189.jpg,crops/session_20260710_131254/000189.png,940,36,1620,100,e04663ade7548a009ed28f5e5af82a9cc50b90f0af117c930ae2e26fb1225ce3
session_20260710_131254,190,HOOK_INSTRUCTION,assets/replay/sessions/session_20260710_131254/frames/000190.jpg,crops/session_20260710_131254/000190.png,940,36,1620,100,f86795da830e72d9aecddc1dc2f5cf18573ab9b084163ab00816c2a7ac48cd17
session_20260710_131254,191,HOOK_INSTRUCTION,assets/replay/sessions/session_20260710_131254/frames/000191.jpg,crops/session_20260710_131254/000191.png,940,36,1620,100,ef10bc4623737ebfefe6b60310b9b319dc238f175d1f8b6bdb61da196d32cdd0
session_20260710_131254,192,HOOK_INSTRUCTION,assets/replay/sessions/session_20260710_131254/frames/000192.jpg,crops/session_20260710_131254/000192.png,940,36,1620,100,9d67bfd9dc09c1425ccfc62a587240fd1cdf184fdc1dbe740879eb5576dc467c
session_20260710_131254,193,HOOK_INSTRUCTION,assets/replay/sessions/session_20260710_131254/frames/000193.jpg,crops/session_20260710_131254/000193.png,940,36,1620,100,7ddb311eeb8c3179ff399de10b816004582ff0afbc01a79954aab57ce4ed1dfa
session_20260710_131254,194,HOOK_INSTRUCTION,assets/replay/sessions/session_20260710_131254/frames/000194.jpg,crops/session_20260710_131254/000194.png,940,36,1620,100,a73182ec0ef64dd7b1875aa25e861561120b51e67fd588513a0b59bd776676f6
session_20260710_131254,195,HOOK_INSTRUCTION,assets/replay/sessions/session_20260710_131254/frames/000195.jpg,crops/session_20260710_131254/000195.png,940,36,1620,100,25c8a0ca3479edbe95e2c2a7ee8b373fbc53e260d74074ae1e4b079d26d8958e
session_20260710_131254,196,HOOK_INSTRUCTION,assets/replay/sessions/session_20260710_131254/frames/000196.jpg,crops/session_20260710_131254/000196.png,940,36,1620,100,15dcdd2a18c58d3126f31370d68e1fb7ce8817b4ea8d4fb38e24ffb4075cd360
session_20260710_131254,197,HOOK_INSTRUCTION,assets/replay/sessions/session_20260710_131254/frames/000197.jpg,crops/session_20260710_131254/000197.png,940,36,1620,100,6fe96ea099192bb5b601f53343699f6e90eeb7001db3dedf91bc30a8d61412eb
session_20260710_131254,198,HOOK_INSTRUCTION,assets/replay/sessions/session_20260710_131254/frames/000198.jpg,crops/session_20260710_131254/000198.png,940,36,1620,100,22e680926895490b57246e44a2161cc66c9db937d1debddf71bd66c80fee6cac
session_20260710_131254,199,HOOK_INSTRUCTION,assets/replay/sessions/session_20260710_131254/frames/000199.jpg,crops/session_20260710_131254/000199.png,940,36,1620,100,e0e390b26f60baae855d6c2d0c37d79f6af017f0f4a6979a02674766febe826e
session_20260710_131254,200,HOOK_INSTRUCTION,assets/replay/sessions/session_20260710_131254/frames/000200.jpg,crops/session_20260710_131254/000200.png,940,36,1620,100,a88b0b9955d2a3f977949c677cd9e208e2de7495d2abea8db2803fe8c6013c25
session_20260710_131254,201,HOOK_INSTRUCTION,assets/replay/sessions/session_20260710_131254/frames/000201.jpg,crops/session_20260710_131254/000201.png,940,36,1620,100,a224a7ea6b8ef9c3cb904b7bb656fe78cc74ec00221819626b6143f5beff7676
session_20260710_131254,202,HOOK_INSTRUCTION,assets/replay/sessions/session_20260710_131254/frames/000202.jpg,crops/session_20260710_131254/000202.png,940,36,1620,100,458fa8f459ac40c71dd754b38f01d960d5089082000ebada57382dc6ed1037f0
session_20260710_131254,203,HOOK_INSTRUCTION,assets/replay/sessions/session_20260710_131254/frames/000203.jpg,crops/session_20260710_131254/000203.png,940,36,1620,100,3a0ee1185dbd2713b6115ba9665000c5a5385b2c57f1d74f5cd6698f170b166f
session_20260710_131254,204,HOOK_INSTRUCTION,assets/replay/sessions/session_20260710_131254/frames/000204.jpg,crops/session_20260710_131254/000204.png,940,36,1620,100,ba32043fade8491580bf26226e98fb4f1bc6098d7cf1d79dc36695daf9e16453
session_20260710_131254,205,HOOK_INSTRUCTION,assets/replay/sessions/session_20260710_131254/frames/000205.jpg,crops/session_20260710_131254/000205.png,940,36,1620,100,aa589e3d95d8a5eea1b518a2278fa163cae35c0efd5c213077df450f0ba9cbf6
session_20260710_131254,206,HOOK_INSTRUCTION,assets/replay/sessions/session_20260710_131254/frames/000206.jpg,crops/session_20260710_131254/000206.png,940,36,1620,100,c57a7ef735eb832cef695a215c2acd1bcc3be3ab5af96fa786709b8233a99412
session_20260710_131254,207,HOOK_INSTRUCTION,assets/replay/sessions/session_20260710_131254/frames/000207.jpg,crops/session_20260710_131254/000207.png,940,36,1620,100,2e02c63f31c504143d0942e4037780a2482e7611de57e5dc250bfde047d6ba80
session_20260710_131254,208,HOOK_INSTRUCTION,assets/replay/sessions/session_20260710_131254/frames/000208.jpg,crops/session_20260710_131254/000208.png,940,36,1620,100,7d53ce491270d36470259ff861816febb8825a84f0bb6c9dd28717a48a8d5f67
session_20260710_131254,209,HOOK_INSTRUCTION,assets/replay/sessions/session_20260710_131254/frames/000209.jpg,crops/session_20260710_131254/000209.png,940,36,1620,100,33c1df14dcf9aff01e4c6cbdc0c756dfc6e772bf4ef83a89224dc13775c4bf48
session_20260710_131254,210,HOOK_INSTRUCTION,assets/replay/sessions/session_20260710_131254/frames/000210.jpg,crops/session_20260710_131254/000210.png,940,36,1620,100,f97edddee69eb98babb711f970743e60c2d1a02f3b0c3fdbfd0b0812335dd2e4
session_20260710_131254,211,HOOK_INSTRUCTION,assets/replay/sessions/session_20260710_131254/frames/000211.jpg,crops/session_20260710_131254/000211.png,940,36,1620,100,054a4aa078c8aae0749d04d5fe03a572b4fcb1e7cf041cfcf202844c63abc648
session_20260710_131254,212,HOOK_INSTRUCTION,assets/replay/sessions/session_20260710_131254/frames/000212.jpg,crops/session_20260710_131254/000212.png,940,36,1620,100,319a500c82e83f4e272a37ce35b2c4be803a1091b2733f84ebfe4dafb90dbe5e
session_20260710_131254,213,HOOK_INSTRUCTION,assets/replay/sessions/session_20260710_131254/frames/000213.jpg,crops/session_20260710_131254/000213.png,940,36,1620,100,ff114f1e2d1b61f8dbf6ebac2090f08298858fb548bfd936f6b361040af8896f
session_20260710_131254,214,HOOK_INSTRUCTION,assets/replay/sessions/session_20260710_131254/frames/000214.jpg,crops/session_20260710_131254/000214.png,940,36,1620,100,f59a09a864339d8116579ecf2aec2cc18834d0fec3e195427e5a0eb857a798ba
session_20260710_131254,215,HOOK_INSTRUCTION,assets/replay/sessions/session_20260710_131254/frames/000215.jpg,crops/session_20260710_131254/000215.png,940,36,1620,100,8113b7a5dbcbea0f669dbd31e52f4f3d96320a593fef77f2164ec77f41891e7c
session_20260710_131254,216,HOOK_INSTRUCTION,assets/replay/sessions/session_20260710_131254/frames/000216.jpg,crops/session_20260710_131254/000216.png,940,36,1620,100,3c02c48938547198cb7b64802d7f6850cb6f83ccf0849da39b8f6c11810c4456
session_20260710_131254,217,HOOK_INSTRUCTION,assets/replay/sessions/session_20260710_131254/frames/000217.jpg,crops/session_20260710_131254/000217.png,940,36,1620,100,3ebeeb1b1a2612b7692821379133d6c108fa2a4db6c59152d98472ae4ba7ac4b
session_20260710_131254,218,HOOK_INSTRUCTION,assets/replay/sessions/session_20260710_131254/frames/000218.jpg,crops/session_20260710_131254/000218.png,940,36,1620,100,1a618c96a29727eb8a267c0457e87a45a4083167e84231ef30408e3b1d51b100
session_20260710_131254,219,HOOK_INSTRUCTION,assets/replay/sessions/session_20260710_131254/frames/000219.jpg,crops/session_20260710_131254/000219.png,940,36,1620,100,152fee49eb4d682cb64e6403c11dc61bba6f3022709de90fc863ca69157d8005
session_20260710_131254,220,HOOK_INSTRUCTION,assets/replay/sessions/session_20260710_131254/frames/000220.jpg,crops/session_20260710_131254/000220.png,940,36,1620,100,3b30302a7c968cdc56b49647df8d8fe1e9787aeb1c96eb39d35bd6a85014ea82
session_20260710_131254,221,HOOK_INSTRUCTION,assets/replay/sessions/session_20260710_131254/frames/000221.jpg,crops/session_20260710_131254/000221.png,940,36,1620,100,75545add72d477642111b7e9aed9d785aedb674aab151bd9d21a3d9c13c85717
session_20260710_131254,222,HOOK_INSTRUCTION,assets/replay/sessions/session_20260710_131254/frames/000222.jpg,crops/session_20260710_131254/000222.png,940,36,1620,100,a8fb677e28cff247ae76438a655bf6a4f91abc7a9eb950a0a0afd4cbb898d376
session_20260710_131254,223,HOOK_INSTRUCTION,assets/replay/sessions/session_20260710_131254/frames/000223.jpg,crops/session_20260710_131254/000223.png,940,36,1620,100,7dfbd7108dc9fd4cc195ff37cd273d058b67cd1db8dfc33984f5d55e825517b9
session_20260710_131254,224,HOOK_INSTRUCTION,assets/replay/sessions/session_20260710_131254/frames/000224.jpg,crops/session_20260710_131254/000224.png,940,36,1620,100,e02009958bb1d2af5b876b83aec465f33c80cda6a696ee08f43803d2b98af2ac
session_20260710_131254,225,PRESS_INSTRUCTION,assets/replay/sessions/session_20260710_131254/frames/000225.jpg,crops/session_20260710_131254/000225.png,940,36,1620,100,158a6c66637a9a48420620b49e814c1e5c7f4e92c7dec96ce92709f55245fda2
session_20260710_131254,226,PRESS_INSTRUCTION,assets/replay/sessions/session_20260710_131254/frames/000226.jpg,crops/session_20260710_131254/000226.png,940,36,1620,100,3261fa462c93750966333ae5773f066e6c0d32e30e70aca2e390a20bad10f89e
session_20260710_131254,227,PRESS_INSTRUCTION,assets/replay/sessions/session_20260710_131254/frames/000227.jpg,crops/session_20260710_131254/000227.png,940,36,1620,100,c3f8332c36b8e31c748b947c9d6c5ca1178d76cd758dcb01ebb3f9123db29d8d
session_20260710_131254,228,PRESS_INSTRUCTION,assets/replay/sessions/session_20260710_131254/frames/000228.jpg,crops/session_20260710_131254/000228.png,940,36,1620,100,ce894718a9ab45d98d4320623bdfd7b8aad291036de1017e4353a04f8a95717a
session_20260710_131254,229,PRESS_INSTRUCTION,assets/replay/sessions/session_20260710_131254/frames/000229.jpg,crops/session_20260710_131254/000229.png,940,36,1620,100,bb3fefd19e4cfad5a69a8b8af50460a103a69e3e6128bc58a3d150610d80b35a
session_20260710_131254,230,PRESS_INSTRUCTION,assets/replay/sessions/session_20260710_131254/frames/000230.jpg,crops/session_20260710_131254/000230.png,940,36,1620,100,5d6a157517f661fa120b2a5c59eb5346cbd8e5801ed3c73d2c98fc6885de9913
session_20260710_131254,231,PRESS_INSTRUCTION,assets/replay/sessions/session_20260710_131254/frames/000231.jpg,crops/session_20260710_131254/000231.png,940,36,1620,100,e594d02837d763819edc7645585f0f5feee6dad20aca30ae39f4f5d8a83aa7b9
session_20260710_131254,232,PRESS_INSTRUCTION,assets/replay/sessions/session_20260710_131254/frames/000232.jpg,crops/session_20260710_131254/000232.png,940,36,1620,100,ce1f5fad606fe87fd791a2248d506191d5e951ee4e2e96fecc398cf18965ad8d
session_20260710_131254,233,PRESS_INSTRUCTION,assets/replay/sessions/session_20260710_131254/frames/000233.jpg,crops/session_20260710_131254/000233.png,940,36,1620,100,05cec9a58972bf60cb62e246a5e0f771428cb1f4bbc008a700b4a5f0d5e9bcfb
session_20260710_131254,234,PRESS_INSTRUCTION,assets/replay/sessions/session_20260710_131254/frames/000234.jpg,crops/session_20260710_131254/000234.png,940,36,1620,100,60d6dacd90b78345659f1d39472a202241caa75e58b44a3463e2d1588dcbd3e0
session_20260710_131254,235,PRESS_INSTRUCTION,assets/replay/sessions/session_20260710_131254/frames/000235.jpg,crops/session_20260710_131254/000235.png,940,36,1620,100,83fab1de9671f6b021dea67529ba62157370ce8f338c8d081f277633473b52a1
session_20260710_131254,236,PRESS_INSTRUCTION,assets/replay/sessions/session_20260710_131254/frames/000236.jpg,crops/session_20260710_131254/000236.png,940,36,1620,100,e4e6675a790485d9e6668f9800892a01c332987407c8711b4a0298ac4630add9
session_20260710_131254,237,PRESS_INSTRUCTION,assets/replay/sessions/session_20260710_131254/frames/000237.jpg,crops/session_20260710_131254/000237.png,940,36,1620,100,bd89c1e6a76b6522bcf2e1ccc9edaa617b3a18ad0e540bfa3a3f6c13454e71fe
session_20260710_131254,238,PRESS_INSTRUCTION,assets/replay/sessions/session_20260710_131254/frames/000238.jpg,crops/session_20260710_131254/000238.png,940,36,1620,100,7329d320b8210c62e7066834bb83bb6af462627dc49831471bed717bb79f42b2
session_20260710_131254,239,PRESS_INSTRUCTION,assets/replay/sessions/session_20260710_131254/frames/000239.jpg,crops/session_20260710_131254/000239.png,940,36,1620,100,20322bfcddc5274e6c83c735ea4810a81f8065f2b8daaa6891fea37c79474db5
session_20260710_131254,240,PRESS_INSTRUCTION,assets/replay/sessions/session_20260710_131254/frames/000240.jpg,crops/session_20260710_131254/000240.png,940,36,1620,100,900ab77231d0c361dd4ea63fe81a1cd35a302195b6b4aeb9e3edf952c9043df1
session_20260710_131254,241,PRESS_INSTRUCTION,assets/replay/sessions/session_20260710_131254/frames/000241.jpg,crops/session_20260710_131254/000241.png,940,36,1620,100,5d041fa12e004d07ab344e1b9067a119ce03f9c78abe3e85cbeef829674a238d
session_20260710_131254,242,PRESS_INSTRUCTION,assets/replay/sessions/session_20260710_131254/frames/000242.jpg,crops/session_20260710_131254/000242.png,940,36,1620,100,77285e884c3f2f19c1241373c0332a79f9c98f2628ccba79b07f07b03f0aafd0
session_20260710_131254,243,PRESS_INSTRUCTION,assets/replay/sessions/session_20260710_131254/frames/000243.jpg,crops/session_20260710_131254/000243.png,940,36,1620,100,a87539f933c9d4859c0aa187c729b60bf45c31c6fac8a43d30d415c61237ff6a
session_20260710_131254,244,PRESS_INSTRUCTION,assets/replay/sessions/session_20260710_131254/frames/000244.jpg,crops/session_20260710_131254/000244.png,940,36,1620,100,0ff9ef7d5eaa22b4d4748fcc30e2b45aad87f67dd605e6ded4c1451a5e27821f
session_20260710_131254,245,PRESS_INSTRUCTION,assets/replay/sessions/session_20260710_131254/frames/000245.jpg,crops/session_20260710_131254/000245.png,940,36,1620,100,a32b7a36ee4f5497d56923f25a0d25bc7579fc92f6d718965813fab58060dc2c
session_20260710_131254,246,PRESS_INSTRUCTION,assets/replay/sessions/session_20260710_131254/frames/000246.jpg,crops/session_20260710_131254/000246.png,940,36,1620,100,916563c0a48799655e4cb9a37a630feee83030a0a90ee3ca11a322eae414189b
session_20260710_131254,247,PRESS_INSTRUCTION,assets/replay/sessions/session_20260710_131254/frames/000247.jpg,crops/session_20260710_131254/000247.png,940,36,1620,100,7c8ccf57da81c44c17bcae87d40b0bb67bcb9438268e2a8a4a3acb23c2ec66fc
session_20260710_131254,248,PRESS_INSTRUCTION,assets/replay/sessions/session_20260710_131254/frames/000248.jpg,crops/session_20260710_131254/000248.png,940,36,1620,100,7f999df64467c7f9f4ba5e0a76dd1da1fb52efdcfc2fcc80b0ce8aacaab88a16
session_20260710_131254,249,PRESS_INSTRUCTION,assets/replay/sessions/session_20260710_131254/frames/000249.jpg,crops/session_20260710_131254/000249.png,940,36,1620,100,243894813509f064fed32e945f29351b8ec13ea1298ad4206a141609e4693895
session_20260710_131254,250,IGNORE,assets/replay/sessions/session_20260710_131254/frames/000250.jpg,crops/session_20260710_131254/000250.png,940,36,1620,100,4b50f6b525fed89a9b61db327ac1644b23b98adc4aedc77d2de26b0d6bbc1229
session_20260710_131254,251,IGNORE,assets/replay/sessions/session_20260710_131254/frames/000251.jpg,crops/session_20260710_131254/000251.png,940,36,1620,100,0178f60e6c86b572f93469efc8d89a7b1ba2f98ca70dda204799e5e80c0f5993
session_20260710_131254,252,IGNORE,assets/replay/sessions/session_20260710_131254/frames/000252.jpg,crops/session_20260710_131254/000252.png,940,36,1620,100,060102d3542d1f2f18c5c1b18c1073145a92c5a960f94c15194159b076eb086a
session_20260710_131254,253,IGNORE,assets/replay/sessions/session_20260710_131254/frames/000253.jpg,crops/session_20260710_131254/000253.png,940,36,1620,100,140a727cfab43251782ffe433cabc38d28c3b88cd2a7d9d2fbff245a0a28ee07
session_20260710_131254,254,IGNORE,assets/replay/sessions/session_20260710_131254/frames/000254.jpg,crops/session_20260710_131254/000254.png,940,36,1620,100,baf5259a88b7bdb1a4c7cbbb316bb9c7dee3739a0327a21ba71295804575a9a7
session_20260710_131254,255,IGNORE,assets/replay/sessions/session_20260710_131254/frames/000255.jpg,crops/session_20260710_131254/000255.png,940,36,1620,100,517c70272596ce84a6cb35a33d934499f4a700278259cb24953e8d5b1b87ba5c
session_20260710_131254,256,IGNORE,assets/replay/sessions/session_20260710_131254/frames/000256.jpg,crops/session_20260710_131254/000256.png,940,36,1620,100,99f4c729d9b7c9e43c8f20836363234452a731db48a7444616b87cda0824bf0b
session_20260710_131254,257,IGNORE,assets/replay/sessions/session_20260710_131254/frames/000257.jpg,crops/session_20260710_131254/000257.png,940,36,1620,100,4af7563c9cc1fafb6f4f32b5ee2a3fc3054068a660fe819a441199b23c200c1d
session_20260710_131254,258,IGNORE,assets/replay/sessions/session_20260710_131254/frames/000258.jpg,crops/session_20260710_131254/000258.png,940,36,1620,100,174723e52457e8f899983be341df9d69b1a73cd2aeae50b1b3436df47e9402ba
session_20260710_131254,259,IGNORE,assets/replay/sessions/session_20260710_131254/frames/000259.jpg,crops/session_20260710_131254/000259.png,940,36,1620,100,3e7348fb533358cd712a0a72809fca5a3f4c9f049b6938dc79a9fe1f1d238bc1
session_20260710_131254,260,IGNORE,assets/replay/sessions/session_20260710_131254/frames/000260.jpg,crops/session_20260710_131254/000260.png,940,36,1620,100,1b43b7f0dd133b0e01ada9c830d01465c84ebdb2dfbe83e2bcbb4a59aeb624cb
session_20260710_131254,261,IGNORE,assets/replay/sessions/session_20260710_131254/frames/000261.jpg,crops/session_20260710_131254/000261.png,940,36,1620,100,55b03f55de03733688ba35d24f3002a96e8c74d6efa04374a690b4e3664263ca
session_20260710_131254,262,IGNORE,assets/replay/sessions/session_20260710_131254/frames/000262.jpg,crops/session_20260710_131254/000262.png,940,36,1620,100,edc599500485438a30beabb1c02ad6f48a4116f09a36a9c94d11c2a40fe701cf
session_20260710_131254,263,IGNORE,assets/replay/sessions/session_20260710_131254/frames/000263.jpg,crops/session_20260710_131254/000263.png,940,36,1620,100,007a4b062283ae5eb037ef16e3edabe8fd1db02e73660778a80a600564bab278
session_20260710_131254,264,IGNORE,assets/replay/sessions/session_20260710_131254/frames/000264.jpg,crops/session_20260710_131254/000264.png,940,36,1620,100,f5446b90fbcbf52e1500aa77c615ba3745043e5683d5f7028518598fdbb87683
session_20260710_131254,265,IGNORE,assets/replay/sessions/session_20260710_131254/frames/000265.jpg,crops/session_20260710_131254/000265.png,940,36,1620,100,bf4d8e486526bc607ddb72a63bb2167d9256de7633aeaf24e118f14f92a2d577
session_20260710_131254,266,IDLE_CAST,assets/replay/sessions/session_20260710_131254/frames/000266.jpg,crops/session_20260710_131254/000266.png,940,36,1620,100,af7655be72fdb959802595328d6c86c1b905d88c1a31ffb8e5e9ea1d454c014e
session_20260710_131254,267,IDLE_CAST,assets/replay/sessions/session_20260710_131254/frames/000267.jpg,crops/session_20260710_131254/000267.png,940,36,1620,100,4b565443f5cf2e158c98cc586a34cdc35d63fe645db38372c8cb1e3baf8c39da
session_20260710_131254,268,IDLE_CAST,assets/replay/sessions/session_20260710_131254/frames/000268.jpg,crops/session_20260710_131254/000268.png,940,36,1620,100,1ec88ddc75ea6c10ae83fc6790962cc4e6e10825af2e0f387871b26421a040d6
session_20260710_131254,269,IDLE_CAST,assets/replay/sessions/session_20260710_131254/frames/000269.jpg,crops/session_20260710_131254/000269.png,940,36,1620,100,57af22f22c1d704acbf98ad248410edbfda220b373d8374bdbe7b6885cc1b44f
session_20260710_131254,270,IDLE_CAST,assets/replay/sessions/session_20260710_131254/frames/000270.jpg,crops/session_20260710_131254/000270.png,940,36,1620,100,380fbaeac7ade5a0af6f8c729bd66ba5a2f89fd6a82d1fc3fe08901c4bb16c83
session_20260710_131254,271,IDLE_CAST,assets/replay/sessions/session_20260710_131254/frames/000271.jpg,crops/session_20260710_131254/000271.png,940,36,1620,100,d109c49cf1809bae448c3af80aa6f7d02ce57d9eaf6e56239fb3499e37782d3a
session_20260710_131254,272,IDLE_CAST,assets/replay/sessions/session_20260710_131254/frames/000272.jpg,crops/session_20260710_131254/000272.png,940,36,1620,100,741221794db60cd601704d5af7a3bf3ef34ea8c8af0130b630f09c76a1b9b55c
session_20260710_131254,273,IDLE_CAST,assets/replay/sessions/session_20260710_131254/frames/000273.jpg,crops/session_20260710_131254/000273.png,940,36,1620,100,88acf8541a5f4e47df1527a19294137cd40f8fad6530daa3ce14fecf64f6b6ef
session_20260710_131254,274,IDLE_CAST,assets/replay/sessions/session_20260710_131254/frames/000274.jpg,crops/session_20260710_131254/000274.png,940,36,1620,100,b4f7f24d4223a88d954470cb4aaa3694be3608bb0852a2960d85f6f6536aadd9
session_20260710_131254,275,IDLE_CAST,assets/replay/sessions/session_20260710_131254/frames/000275.jpg,crops/session_20260710_131254/000275.png,940,36,1620,100,599cecb4392ba8cb184b481b0ffd37146947005521fdbf141e5ae1d81538a09a
session_20260710_131254,276,IDLE_CAST,assets/replay/sessions/session_20260710_131254/frames/000276.jpg,crops/session_20260710_131254/000276.png,940,36,1620,100,c42554f280ceb6cf09a961d4cf6dce989a0421818b233d9bed9db78c757a9075
session_20260710_131254,277,IDLE_CAST,assets/replay/sessions/session_20260710_131254/frames/000277.jpg,crops/session_20260710_131254/000277.png,940,36,1620,100,afb992a8d659c5f8ee52567abb14ed203a959419322c44b930392eb57a543d91
session_20260710_131254,278,IDLE_CAST,assets/replay/sessions/session_20260710_131254/frames/000278.jpg,crops/session_20260710_131254/000278.png,940,36,1620,100,9c8096d37893cf0dcad5cdf71d146f2ec498a22bb7f8e128be305091a2c39d2b
session_20260710_131254,279,IDLE_CAST,assets/replay/sessions/session_20260710_131254/frames/000279.jpg,crops/session_20260710_131254/000279.png,940,36,1620,100,3ebf3ec3b0c5e884a6a97dfd267fc93dfc21c25b0bd48a190d693b498f6d4765
session_20260710_131254,280,IDLE_CAST,assets/replay/sessions/session_20260710_131254/frames/000280.jpg,crops/session_20260710_131254/000280.png,940,36,1620,100,c460cbefe66e927168ca94256b0833252f51b333ee96c40328cc271212fa6e5e
session_20260710_131254,281,IDLE_CAST,assets/replay/sessions/session_20260710_131254/frames/000281.jpg,crops/session_20260710_131254/000281.png,940,36,1620,100,422242418cdac019621003bd97ef084fa3f6452529a82485f68ed24120b7d8a6
session_20260710_131254,282,IDLE_CAST,assets/replay/sessions/session_20260710_131254/frames/000282.jpg,crops/session_20260710_131254/000282.png,940,36,1620,100,a131ccc197e0b0f5082eaaf25cd79733e5f1472947ddfd8fdb2721952ae7561a
session_20260710_131254,283,IDLE_CAST,assets/replay/sessions/session_20260710_131254/frames/000283.jpg,crops/session_20260710_131254/000283.png,940,36,1620,100,4702fe72d4a6ca39763923f53e1c88ec11ee5f58a4493a54a35fb6f1dad0398a
session_20260710_131254,284,IDLE_CAST,assets/replay/sessions/session_20260710_131254/frames/000284.jpg,crops/session_20260710_131254/000284.png,940,36,1620,100,2fa1307869a7b329988a90e9987ef9cfe691555e615e04c901b10f8100df292b
session_20260710_131254,285,IDLE_CAST,assets/replay/sessions/session_20260710_131254/frames/000285.jpg,crops/session_20260710_131254/000285.png,940,36,1620,100,e0b22562faf52d55ee91d1ac1494c24ef9ad3faa9075d38923c7d7c7bdf0de3b
session_20260710_131254,286,IDLE_CAST,assets/replay/sessions/session_20260710_131254/frames/000286.jpg,crops/session_20260710_131254/000286.png,940,36,1620,100,f2be04b8ec8ebe63e19effc79e78681639a189fa79b407dade1eba05e6231066
session_20260710_131254,287,IDLE_CAST,assets/replay/sessions/session_20260710_131254/frames/000287.jpg,crops/session_20260710_131254/000287.png,940,36,1620,100,9541c82035e58eda2f9a0a565cde670088c74e929093aebc70832135c52929e9
session_20260710_131254,288,IDLE_CAST,assets/replay/sessions/session_20260710_131254/frames/000288.jpg,crops/session_20260710_131254/000288.png,940,36,1620,100,c8826d7bf384a5594d2b6890124b08355f1544e2fb048b8beb4becd719143ec3
session_20260710_131254,289,IDLE_CAST,assets/replay/sessions/session_20260710_131254/frames/000289.jpg,crops/session_20260710_131254/000289.png,940,36,1620,100,2d58f31c787d0d1ba1405672d89353391a5ee389c670a16791939713ca625b7e
session_20260710_131254,290,IDLE_CAST,assets/replay/sessions/session_20260710_131254/frames/000290.jpg,crops/session_20260710_131254/000290.png,940,36,1620,100,33bee7a2ef3cabc7dc8c4af2ae3bfa94d32764209b9b067f8c2ae27ea2caf8e5
session_20260710_131254,291,IDLE_CAST,assets/replay/sessions/session_20260710_131254/frames/000291.jpg,crops/session_20260710_131254/000291.png,940,36,1620,100,fa781264824c777184d75dbdadc6ca3e22412fa3ff4fcefc03eb1edd8cbf046f
session_20260710_131254,292,IDLE_CAST,assets/replay/sessions/session_20260710_131254/frames/000292.jpg,crops/session_20260710_131254/000292.png,940,36,1620,100,9f78a10d7fecc6f0c5ef62ba765253fb99dad9916b7add58f1d982d227013108
session_20260710_131254,293,IDLE_CAST,assets/replay/sessions/session_20260710_131254/frames/000293.jpg,crops/session_20260710_131254/000293.png,940,36,1620,100,bd61cdf199d1d30335ac086990c3e0feeae2e92f2beb9e28007d0683ef0b36ec
session_20260710_131254,294,IDLE_CAST,assets/replay/sessions/session_20260710_131254/frames/000294.jpg,crops/session_20260710_131254/000294.png,940,36,1620,100,535a27f12466d2d991ad9a0cb20201ac9fe1d5d3065ae7741f440b3f8702a130
session_20260710_131254,295,IDLE_CAST,assets/replay/sessions/session_20260710_131254/frames/000295.jpg,crops/session_20260710_131254/000295.png,940,36,1620,100,f64a7097bae164e177b23fa1d57be5ab611a5367440610428e897abe3056401e
session_20260710_131254,296,IDLE_CAST,assets/replay/sessions/session_20260710_131254/frames/000296.jpg,crops/session_20260710_131254/000296.png,940,36,1620,100,3094d722f23594f06686591a26a48ae4ae2b6131b7528953f21d949e380934ca
session_20260710_131254,297,IDLE_CAST,assets/replay/sessions/session_20260710_131254/frames/000297.jpg,crops/session_20260710_131254/000297.png,940,36,1620,100,0a73a783cb6e5346f89ef33df58462602d5d8ebf75b6e32df900c2fd84a59a36
session_20260710_131254,298,IDLE_CAST,assets/replay/sessions/session_20260710_131254/frames/000298.jpg,crops/session_20260710_131254/000298.png,940,36,1620,100,59efd16a290dec5a21404ec1c08170e5faf1e0a389dc4d8cea9c6c9cdc67ae15
session_20260710_131254,299,IDLE_CAST,assets/replay/sessions/session_20260710_131254/frames/000299.jpg,crops/session_20260710_131254/000299.png,940,36,1620,100,6a73e2542710f715c2cc541eb7bfa17da651f1c9256caa6938fa73e8fd37b4b7
session_20260710_131254,300,IDLE_CAST,assets/replay/sessions/session_20260710_131254/frames/000300.jpg,crops/session_20260710_131254/000300.png,940,36,1620,100,929bf59413a5e821e390b517e4236bafaa6bede0e2bbb0055f50fe618e9c6f4c
session_20260710_131254,301,IDLE_CAST,assets/replay/sessions/session_20260710_131254/frames/000301.jpg,crops/session_20260710_131254/000301.png,940,36,1620,100,44403e98aff91488a90d505966dbc29d192fbbf87fcabcec6bb52c08d4dd29f5
session_20260710_131254,302,IDLE_CAST,assets/replay/sessions/session_20260710_131254/frames/000302.jpg,crops/session_20260710_131254/000302.png,940,36,1620,100,9e749a09efb67d41918ade4ef0f1325a489562b0daf85db5248a0c2078de2a85
session_20260710_131254,303,IDLE_CAST,assets/replay/sessions/session_20260710_131254/frames/000303.jpg,crops/session_20260710_131254/000303.png,940,36,1620,100,02ebd55e82d6efcb15fcb18ef0caa8c43bf80063c0029ff41e98c5afa93bbf46
session_20260710_131254,304,IDLE_CAST,assets/replay/sessions/session_20260710_131254/frames/000304.jpg,crops/session_20260710_131254/000304.png,940,36,1620,100,90a0f6cc296ce514ff3a39d9fd22123414c6c814dc3e7a08311f41918392b480
session_20260710_131254,305,IDLE_CAST,assets/replay/sessions/session_20260710_131254/frames/000305.jpg,crops/session_20260710_131254/000305.png,940,36,1620,100,32116ef63ffc7c488ce9576477ec13d536fe682bf632379da2ac5f2661f200bf
session_20260710_131254,306,IDLE_CAST,assets/replay/sessions/session_20260710_131254/frames/000306.jpg,crops/session_20260710_131254/000306.png,940,36,1620,100,4e1b0dff3df7dad515419ede452ac19d9a94f2c26c06b8546ee423812e5bc8b7
session_20260710_131254,307,IDLE_CAST,assets/replay/sessions/session_20260710_131254/frames/000307.jpg,crops/session_20260710_131254/000307.png,940,36,1620,100,bea12f04b3fc8cedfbdfafad3d86e5c686ff5de449c71312b1e5c876c0f3c455
session_20260710_131254,308,IDLE_CAST,assets/replay/sessions/session_20260710_131254/frames/000308.jpg,crops/session_20260710_131254/000308.png,940,36,1620,100,59f2025593dcc4e1ab7ada20159240c975d070a494367148b6d7bfe5f5ac92cd
session_20260710_131254,309,IDLE_CAST,assets/replay/sessions/session_20260710_131254/frames/000309.jpg,crops/session_20260710_131254/000309.png,940,36,1620,100,73cee7a50fb2ff6f7a3c03e757e5e04b6cc0c3df247b7a8f2205f5afabf8004e
session_20260710_131254,310,IDLE_CAST,assets/replay/sessions/session_20260710_131254/frames/000310.jpg,crops/session_20260710_131254/000310.png,940,36,1620,100,5c7009a64338f0d67d149289ae2344fbbe4fc73cca861d0693d9aa07df5398a7
session_20260710_131254,311,IDLE_CAST,assets/replay/sessions/session_20260710_131254/frames/000311.jpg,crops/session_20260710_131254/000311.png,940,36,1620,100,934b594d1ed3885cd4c236f85441c23f9501303310f7670515c7fab668814aa2
session_20260710_131254,312,IDLE_CAST,assets/replay/sessions/session_20260710_131254/frames/000312.jpg,crops/session_20260710_131254/000312.png,940,36,1620,100,2ad08be8ab3814743abc5c040c144602e701e4c9d7188a50e1df1c0497d604f2
session_20260710_131254,313,IDLE_CAST,assets/replay/sessions/session_20260710_131254/frames/000313.jpg,crops/session_20260710_131254/000313.png,940,36,1620,100,8966d93374d268ad7d605e44e49cebb76a1767de64ea9c20bf7e9379487810de
session_20260710_131254,314,IDLE_CAST,assets/replay/sessions/session_20260710_131254/frames/000314.jpg,crops/session_20260710_131254/000314.png,940,36,1620,100,353fd6ace90ece45b543de69f216440950881a3bd4808851d6bf7e2425ead156
session_20260710_131254,315,IDLE_CAST,assets/replay/sessions/session_20260710_131254/frames/000315.jpg,crops/session_20260710_131254/000315.png,940,36,1620,100,f1ec1d24a90e003dc490be4fad4a4e3c5066be310599b1eb4c63f3dc1ea9de8f
session_20260710_131254,316,IDLE_CAST,assets/replay/sessions/session_20260710_131254/frames/000316.jpg,crops/session_20260710_131254/000316.png,940,36,1620,100,c0c0c5019f54d1789d180f60e45ab28fc732e3485c047de72b29b0fd939dd482
session_20260710_131254,317,IDLE_CAST,assets/replay/sessions/session_20260710_131254/frames/000317.jpg,crops/session_20260710_131254/000317.png,940,36,1620,100,126c47ea3ceb21d848ec2aebe6ca2f572caed96ed853445dd48cfa79c55c7348
session_20260710_131254,318,IDLE_CAST,assets/replay/sessions/session_20260710_131254/frames/000318.jpg,crops/session_20260710_131254/000318.png,940,36,1620,100,369f80bfce4e7b94658a5c8657d202e00d289118ec723a3601ed439be9f868d9
session_20260710_131254,319,IDLE_CAST,assets/replay/sessions/session_20260710_131254/frames/000319.jpg,crops/session_20260710_131254/000319.png,940,36,1620,100,7b9c35e178b7b51713278da3ce18011b6f359fef6790adc8811aa7a6884b2bca
session_20260710_131254,320,IDLE_CAST,assets/replay/sessions/session_20260710_131254/frames/000320.jpg,crops/session_20260710_131254/000320.png,940,36,1620,100,fb575d4acc600b4558ae336a50524e789355b4e9f239c63c0c55e9ea1742dba2
session_20260710_131254,321,IDLE_CAST,assets/replay/sessions/session_20260710_131254/frames/000321.jpg,crops/session_20260710_131254/000321.png,940,36,1620,100,d0c28a34d6e28b7aeb3f29752aa447760edb61a15e117465e94fbac90e45da94
session_20260710_131254,322,IDLE_CAST,assets/replay/sessions/session_20260710_131254/frames/000322.jpg,crops/session_20260710_131254/000322.png,940,36,1620,100,32c378f8f0ce2fccb6087068dbe3d3af50ab8799debbce64c1542d134a9e8ddb
session_20260710_131254,323,IDLE_CAST,assets/replay/sessions/session_20260710_131254/frames/000323.jpg,crops/session_20260710_131254/000323.png,940,36,1620,100,6d7ac618017760b293cad9d7b0f0549f196422ec27357caa6f4a1805eebda8ff
session_20260710_131254,324,IDLE_CAST,assets/replay/sessions/session_20260710_131254/frames/000324.jpg,crops/session_20260710_131254/000324.png,940,36,1620,100,63c294fe36c9033757bef16df75e8a36e93f6f4c5ebd4b4b85ea2194a331fc4e
session_20260710_131254,325,IDLE_CAST,assets/replay/sessions/session_20260710_131254/frames/000325.jpg,crops/session_20260710_131254/000325.png,940,36,1620,100,845681b6796bafc1614630bf292fc246aaa634fbacb102cc794bf15dc5fd459e
session_20260710_131254,326,IDLE_CAST,assets/replay/sessions/session_20260710_131254/frames/000326.jpg,crops/session_20260710_131254/000326.png,940,36,1620,100,ecab3e7fe710c28797a0eed0da5210b2a5363846b49b97c8c1b77bea5392db88
session_20260710_131254,327,IDLE_CAST,assets/replay/sessions/session_20260710_131254/frames/000327.jpg,crops/session_20260710_131254/000327.png,940,36,1620,100,e10d913f5f1aef2bca0ef806ca046317ca2833bd63e6902e90d7cb422f2b7a25
session_20260710_131254,328,IDLE_CAST,assets/replay/sessions/session_20260710_131254/frames/000328.jpg,crops/session_20260710_131254/000328.png,940,36,1620,100,c98b18e77315998e344370bb822ee1bdc019c748ef0bcab2069536c62b0fe5df
session_20260710_131254,329,IDLE_CAST,assets/replay/sessions/session_20260710_131254/frames/000329.jpg,crops/session_20260710_131254/000329.png,940,36,1620,100,ce7fa3518140e5c668f5f11c92808d37403859e775212d1266c31db5cba0d5d9
session_20260710_131254,330,WAITING_IN_PROGRESS,assets/replay/sessions/session_20260710_131254/frames/000330.jpg,crops/session_20260710_131254/000330.png,940,36,1620,100,317d524205a97460160f9d6973ff28a53c9c704cddc15e1d405766290e9a1221
session_20260710_131254,331,WAITING_IN_PROGRESS,assets/replay/sessions/session_20260710_131254/frames/000331.jpg,crops/session_20260710_131254/000331.png,940,36,1620,100,44a9a8a45c64e5d1a8d7356cfb94aaf68d6cee47a3688747f8f61d81d8cc77b5
session_20260710_131254,332,WAITING_IN_PROGRESS,assets/replay/sessions/session_20260710_131254/frames/000332.jpg,crops/session_20260710_131254/000332.png,940,36,1620,100,5f8e21346f32394b452a03716f3964f479a5ce4c8120c7aeb29f891c54201eff
session_20260710_131254,333,WAITING_IN_PROGRESS,assets/replay/sessions/session_20260710_131254/frames/000333.jpg,crops/session_20260710_131254/000333.png,940,36,1620,100,540eeab10fd10daf2b780f39d46b3f3c62ac530b23d3975fb3f0097251bdf577
session_20260710_131254,334,WAITING_IN_PROGRESS,assets/replay/sessions/session_20260710_131254/frames/000334.jpg,crops/session_20260710_131254/000334.png,940,36,1620,100,d647f13b511c5830af9c01f1c94a975783ad94735a54e38eb7645804dba1f634
session_20260710_131254,335,WAITING_IN_PROGRESS,assets/replay/sessions/session_20260710_131254/frames/000335.jpg,crops/session_20260710_131254/000335.png,940,36,1620,100,fafc08e4f88c177f346bf9579dfca4573c4750d69e1d45868638e1a91b129679
session_20260710_131254,336,WAITING_IN_PROGRESS,assets/replay/sessions/session_20260710_131254/frames/000336.jpg,crops/session_20260710_131254/000336.png,940,36,1620,100,7740981fd385f33b48c19d4922194e9753a2b47d469f4e82326bef93976866ed
session_20260710_131254,337,WAITING_IN_PROGRESS,assets/replay/sessions/session_20260710_131254/frames/000337.jpg,crops/session_20260710_131254/000337.png,940,36,1620,100,7314c3ae1c2cb0be06d95a6129a6dbe5fbd612aa194c138e0db057540dc0349a
session_20260710_131254,338,WAITING_IN_PROGRESS,assets/replay/sessions/session_20260710_131254/frames/000338.jpg,crops/session_20260710_131254/000338.png,940,36,1620,100,45acea65c5e2f16b99a87e10b178e4df922de20c07a2f3d5f374c99e36c13efe
session_20260710_131254,339,WAITING_IN_PROGRESS,assets/replay/sessions/session_20260710_131254/frames/000339.jpg,crops/session_20260710_131254/000339.png,940,36,1620,100,33de158a3e701378a1b5af526ee0ce7563ec58b4efda647a35e6a19c45a85146
session_20260710_131254,340,WAITING_IN_PROGRESS,assets/replay/sessions/session_20260710_131254/frames/000340.jpg,crops/session_20260710_131254/000340.png,940,36,1620,100,de69e4cd52e2a703e47e98d824f0e3ca2b70260913111c72fceb99ca94f36d5b
session_20260710_131254,341,WAITING_IN_PROGRESS,assets/replay/sessions/session_20260710_131254/frames/000341.jpg,crops/session_20260710_131254/000341.png,940,36,1620,100,eb8e196e86ef9a98b723e546dd118011978be942e99934c16bff9455c789c3f0
session_20260710_131254,342,WAITING_IN_PROGRESS,assets/replay/sessions/session_20260710_131254/frames/000342.jpg,crops/session_20260710_131254/000342.png,940,36,1620,100,7e9a4b87b6aa64e1c1c8a0dd2a5d91a9a18decfb605c66da882034210b87aa49
session_20260710_131254,343,WAITING_IN_PROGRESS,assets/replay/sessions/session_20260710_131254/frames/000343.jpg,crops/session_20260710_131254/000343.png,940,36,1620,100,27f10c4830f538ccac6396fea2f772ac44d4ed387cf192c525c708a93796bce9
session_20260710_131254,344,WAITING_IN_PROGRESS,assets/replay/sessions/session_20260710_131254/frames/000344.jpg,crops/session_20260710_131254/000344.png,940,36,1620,100,2987c03fcb2dff2181711b728686852ff38408fb3572e51f4d90540a5ebc421f
session_20260710_131254,345,WAITING_IN_PROGRESS,assets/replay/sessions/session_20260710_131254/frames/000345.jpg,crops/session_20260710_131254/000345.png,940,36,1620,100,6a8da8eb645fe681432e9ff02a83aadd8323041997be4ed4f4d20cbd74238c9c
session_20260710_131254,346,WAITING_IN_PROGRESS,assets/replay/sessions/session_20260710_131254/frames/000346.jpg,crops/session_20260710_131254/000346.png,940,36,1620,100,94b3092814764b2141c3fbcd2c7f8d238b6f24c93bb03523b65a1ae5360d4ee0
session_20260710_131254,347,WAITING_IN_PROGRESS,assets/replay/sessions/session_20260710_131254/frames/000347.jpg,crops/session_20260710_131254/000347.png,940,36,1620,100,e0ef73e42d97f0bf22178b0caf3373b46e59490bd2730375117adc3f60385b45
session_20260710_131254,348,WAITING_IN_PROGRESS,assets/replay/sessions/session_20260710_131254/frames/000348.jpg,crops/session_20260710_131254/000348.png,940,36,1620,100,a363180d26b38a30eb71383c2d9aa4fc4c7fcbcf4456bddf7cfd02daab1a9500
session_20260710_131254,349,WAITING_IN_PROGRESS,assets/replay/sessions/session_20260710_131254/frames/000349.jpg,crops/session_20260710_131254/000349.png,940,36,1620,100,93d09e64978c05cd52a2d015b431ace30beb5e63d5cb9de483679cd9349a2798
session_20260710_131254,350,WAITING_IN_PROGRESS,assets/replay/sessions/session_20260710_131254/frames/000350.jpg,crops/session_20260710_131254/000350.png,940,36,1620,100,7abe400fab081e79c885a5ecfd9ef3600fb03789acfd7baac0add6cb72458862
session_20260710_131254,351,WAITING_IN_PROGRESS,assets/replay/sessions/session_20260710_131254/frames/000351.jpg,crops/session_20260710_131254/000351.png,940,36,1620,100,d0d7c99a42012a59ec503a6fc61348bd311eb43c2abd7dee2ebb5342a94c5386
session_20260710_131254,352,WAITING_IN_PROGRESS,assets/replay/sessions/session_20260710_131254/frames/000352.jpg,crops/session_20260710_131254/000352.png,940,36,1620,100,5b936369de80e05e70d70b0c1b2fc1148c5433105f9291a8845e35a587c5a926
session_20260710_131254,353,WAITING_IN_PROGRESS,assets/replay/sessions/session_20260710_131254/frames/000353.jpg,crops/session_20260710_131254/000353.png,940,36,1620,100,855e5eacce8fdbc9f877dec3d613c7171bdcb1a9ef1404f36f7943fd177e7506
session_20260710_131254,354,WAITING_IN_PROGRESS,assets/replay/sessions/session_20260710_131254/frames/000354.jpg,crops/session_20260710_131254/000354.png,940,36,1620,100,c208d0645305eb8e853f3967e55758b48aa8b329a152f44a5a6485a1f32099b9
session_20260710_131254,355,WAITING_IN_PROGRESS,assets/replay/sessions/session_20260710_131254/frames/000355.jpg,crops/session_20260710_131254/000355.png,940,36,1620,100,95e50a996608daa334e2024362f53bf2fe340145123332ab306889206c2a3efc
session_20260710_131254,356,WAITING_IN_PROGRESS,assets/replay/sessions/session_20260710_131254/frames/000356.jpg,crops/session_20260710_131254/000356.png,940,36,1620,100,0ec6e01df17fbf0b4a22227c528bebd03226e41482d148d4bef43f1a5e24a05e
session_20260710_131254,357,WAITING_IN_PROGRESS,assets/replay/sessions/session_20260710_131254/frames/000357.jpg,crops/session_20260710_131254/000357.png,940,36,1620,100,379caca1b8cedca3631cb42143685cbaa87407940dd7a121c50e922aaa2a42f4
session_20260710_131254,358,WAITING_IN_PROGRESS,assets/replay/sessions/session_20260710_131254/frames/000358.jpg,crops/session_20260710_131254/000358.png,940,36,1620,100,367e9be69e46f201eefcaf3fbc1df2acad7a219c6fc7328998b708600cad9180
session_20260710_131254,359,WAITING_IN_PROGRESS,assets/replay/sessions/session_20260710_131254/frames/000359.jpg,crops/session_20260710_131254/000359.png,940,36,1620,100,082ec491816bb0f2b826b511bf21a6d17284ddadc82a5d69b3f1415ed5e6c940
session_20260710_131254,360,WAITING_IN_PROGRESS,assets/replay/sessions/session_20260710_131254/frames/000360.jpg,crops/session_20260710_131254/000360.png,940,36,1620,100,7a75cd54c0dafb4e643c4272264eeea4296920650d5a06f88544b9181e52eeaa
session_20260710_131254,361,WAITING_IN_PROGRESS,assets/replay/sessions/session_20260710_131254/frames/000361.jpg,crops/session_20260710_131254/000361.png,940,36,1620,100,ca953987a709ffa847ad09b1a7bca06fa2aba3bc8c792f28fd8e87890e0829e2
session_20260710_131254,362,WAITING_IN_PROGRESS,assets/replay/sessions/session_20260710_131254/frames/000362.jpg,crops/session_20260710_131254/000362.png,940,36,1620,100,dfec23ae1a51ebfa09dcb72373cb3e2f3103a4e3bacf9927af8ac66c2a51f51e
session_20260710_131254,363,WAITING_IN_PROGRESS,assets/replay/sessions/session_20260710_131254/frames/000363.jpg,crops/session_20260710_131254/000363.png,940,36,1620,100,10f8d298ec68bdddd2acf90c35adc989268f5ef326715226de286e0f79d8715d
session_20260710_131254,364,WAITING_IN_PROGRESS,assets/replay/sessions/session_20260710_131254/frames/000364.jpg,crops/session_20260710_131254/000364.png,940,36,1620,100,547c180124104ab7fd780480e1f946e5ba7c8d4641aaa3435505f3951c31e5ec
session_20260710_131254,365,WAITING_IN_PROGRESS,assets/replay/sessions/session_20260710_131254/frames/000365.jpg,crops/session_20260710_131254/000365.png,940,36,1620,100,0ecd357b1156d17d5dc61a005b873deb2825e2f301217468f3427bddd9e1c71d
session_20260710_131254,366,WAITING_IN_PROGRESS,assets/replay/sessions/session_20260710_131254/frames/000366.jpg,crops/session_20260710_131254/000366.png,940,36,1620,100,528e70d526d942be4b1a71489447c7854b2ff1c10573e1217c2be8935b25286d
session_20260710_131254,367,WAITING_IN_PROGRESS,assets/replay/sessions/session_20260710_131254/frames/000367.jpg,crops/session_20260710_131254/000367.png,940,36,1620,100,c61eda7bf30d4e96936aa499311f55ff96a0b1e41aacc6412f882c35ce3ae43b
session_20260710_131254,368,WAITING_IN_PROGRESS,assets/replay/sessions/session_20260710_131254/frames/000368.jpg,crops/session_20260710_131254/000368.png,940,36,1620,100,891a4f54426b06f5ae14cc87a967b4cdb40a6f32eda232df50ec6e9a9ce6392f
session_20260710_131254,369,WAITING_IN_PROGRESS,assets/replay/sessions/session_20260710_131254/frames/000369.jpg,crops/session_20260710_131254/000369.png,940,36,1620,100,f33e6f5a1b023509846875889a602d9d3d6c11eae54cccbc3907d91029f20cfb
session_20260710_131254,370,WAITING_IN_PROGRESS,assets/replay/sessions/session_20260710_131254/frames/000370.jpg,crops/session_20260710_131254/000370.png,940,36,1620,100,1029cd64b8c490c7093178e281442c8e3f7ac8473d9d1be07c6e87ce6553e3ad
session_20260710_131254,371,WAITING_IN_PROGRESS,assets/replay/sessions/session_20260710_131254/frames/000371.jpg,crops/session_20260710_131254/000371.png,940,36,1620,100,a7fdd7dd35224fa954058a135e1d9c235c1afdf8ec784e2b93eb3e6ac80567b8
session_20260710_131254,372,WAITING_IN_PROGRESS,assets/replay/sessions/session_20260710_131254/frames/000372.jpg,crops/session_20260710_131254/000372.png,940,36,1620,100,739709778df4f512dabbecff05d6693e75967f3995a0d92cb369ce4c30cced1d
session_20260710_131254,373,WAITING_IN_PROGRESS,assets/replay/sessions/session_20260710_131254/frames/000373.jpg,crops/session_20260710_131254/000373.png,940,36,1620,100,f0128cb562b8e04dfc3b49e0aad978de5aab6954a76c112475d2ce09fd363ae0
session_20260710_131254,374,WAITING_IN_PROGRESS,assets/replay/sessions/session_20260710_131254/frames/000374.jpg,crops/session_20260710_131254/000374.png,940,36,1620,100,1564bee302aeecf6c4858a31f34e2f0c8968caab74164c1781611b0e528e8729
session_20260710_131254,375,WAITING_IN_PROGRESS,assets/replay/sessions/session_20260710_131254/frames/000375.jpg,crops/session_20260710_131254/000375.png,940,36,1620,100,0a5360b2ca29adec8ff06fc8677da419c148e7ea1a912ed236bf541e94778ffe
session_20260710_131254,376,WAITING_IN_PROGRESS,assets/replay/sessions/session_20260710_131254/frames/000376.jpg,crops/session_20260710_131254/000376.png,940,36,1620,100,a8079577bcf97b9049b00f543a372eb96d8c1cb41dc6b000a5beee0d6592816e
session_20260710_131254,377,WAITING_IN_PROGRESS,assets/replay/sessions/session_20260710_131254/frames/000377.jpg,crops/session_20260710_131254/000377.png,940,36,1620,100,4031c965aab95e9d1f15cd989787b279725d79eaf4c2165bae12acbe0da8af93
session_20260710_131254,378,WAITING_IN_PROGRESS,assets/replay/sessions/session_20260710_131254/frames/000378.jpg,crops/session_20260710_131254/000378.png,940,36,1620,100,0bf176e78816c4832153ee4f6b28fddff925554a3fc72e06998ebf3e9436ae48
session_20260710_131254,379,WAITING_IN_PROGRESS,assets/replay/sessions/session_20260710_131254/frames/000379.jpg,crops/session_20260710_131254/000379.png,940,36,1620,100,fd1bc1e76579f9247c00d078902f8e1655c588af400ef18f18fe63cc227d43e4
session_20260710_131254,380,WAITING_IN_PROGRESS,assets/replay/sessions/session_20260710_131254/frames/000380.jpg,crops/session_20260710_131254/000380.png,940,36,1620,100,6487b2c03eac3f0925518066137f9f7adf9d58ea1fa35962cb2e633d484c9c47
session_20260710_131254,381,WAITING_IN_PROGRESS,assets/replay/sessions/session_20260710_131254/frames/000381.jpg,crops/session_20260710_131254/000381.png,940,36,1620,100,444dba637dfefaa2183fc092adbc0bef81b110b3be2552f12beb9648a31972e7
session_20260710_131254,382,WAITING_IN_PROGRESS,assets/replay/sessions/session_20260710_131254/frames/000382.jpg,crops/session_20260710_131254/000382.png,940,36,1620,100,4c859d58e889a3bf4d765bde8776d5137fe7f1b48b1ea37efb6a4644b23ec9d3
session_20260710_131254,383,WAITING_IN_PROGRESS,assets/replay/sessions/session_20260710_131254/frames/000383.jpg,crops/session_20260710_131254/000383.png,940,36,1620,100,4c859d58e889a3bf4d765bde8776d5137fe7f1b48b1ea37efb6a4644b23ec9d3
session_20260710_131254,384,WAITING_IN_PROGRESS,assets/replay/sessions/session_20260710_131254/frames/000384.jpg,crops/session_20260710_131254/000384.png,940,36,1620,100,5b6fec77d35433505a194e8a33ea66f859d773bb619fcefcb899cb3b0b967d42
session_20260710_131254,385,WAITING_IN_PROGRESS,assets/replay/sessions/session_20260710_131254/frames/000385.jpg,crops/session_20260710_131254/000385.png,940,36,1620,100,34e600450551aa1e1899efa0f96d132940736822c51c3b4d3e01c8d6cdf84bd5
session_20260710_131254,386,WAITING_IN_PROGRESS,assets/replay/sessions/session_20260710_131254/frames/000386.jpg,crops/session_20260710_131254/000386.png,940,36,1620,100,470a6fb657538bcf2ed9015a2896309cb87fd12812e913293cea005a8e4f8ee6
session_20260710_131254,387,WAITING_IN_PROGRESS,assets/replay/sessions/session_20260710_131254/frames/000387.jpg,crops/session_20260710_131254/000387.png,940,36,1620,100,33b3d78547de61a838b220ad7162328c1a84d4fb4c2bcbd0530a3e14aa1a4e58
session_20260710_131254,388,WAITING_IN_PROGRESS,assets/replay/sessions/session_20260710_131254/frames/000388.jpg,crops/session_20260710_131254/000388.png,940,36,1620,100,dc46c216557251d2e794e5cbf7c0e1edaa9866788509ce90f051c72125f5d6ac
session_20260710_131254,389,WAITING_IN_PROGRESS,assets/replay/sessions/session_20260710_131254/frames/000389.jpg,crops/session_20260710_131254/000389.png,940,36,1620,100,f2d753bffd64cc7c57da5f1c58deddc96dfe1a8b813530821c0b683ac9dd73a6
session_20260710_131254,390,WAITING_IN_PROGRESS,assets/replay/sessions/session_20260710_131254/frames/000390.jpg,crops/session_20260710_131254/000390.png,940,36,1620,100,46e6bb98f56edcda35381809457d5b49e3358a4d9f6237947cbfcd690e5bf555
session_20260710_131254,391,WAITING_IN_PROGRESS,assets/replay/sessions/session_20260710_131254/frames/000391.jpg,crops/session_20260710_131254/000391.png,940,36,1620,100,a597b701494019ed4a699f00f7c75a812c704c01b4138829a3a9c5447bc71d5a
session_20260710_131254,392,WAITING_IN_PROGRESS,assets/replay/sessions/session_20260710_131254/frames/000392.jpg,crops/session_20260710_131254/000392.png,940,36,1620,100,3e65a088d276c2295027a53660f755d486ea0632892a78492f671a69ef767ad8
session_20260710_131254,393,WAITING_IN_PROGRESS,assets/replay/sessions/session_20260710_131254/frames/000393.jpg,crops/session_20260710_131254/000393.png,940,36,1620,100,418df4aed14ce239f10a2a710b8f58ec0dc469c89b22cf7cb3c30c6976a2c86c
session_20260710_131254,394,WAITING_IN_PROGRESS,assets/replay/sessions/session_20260710_131254/frames/000394.jpg,crops/session_20260710_131254/000394.png,940,36,1620,100,dabd0a00a25531a141f09f5db0be678274722d814eb8c6a90d74c9664fb95c68
session_20260710_131254,395,WAITING_IN_PROGRESS,assets/replay/sessions/session_20260710_131254/frames/000395.jpg,crops/session_20260710_131254/000395.png,940,36,1620,100,1655f381154ee0a50d73cec992b0f72f55f85a488e68795de90f84c1ba12fcc4
session_20260710_131254,396,WAITING_IN_PROGRESS,assets/replay/sessions/session_20260710_131254/frames/000396.jpg,crops/session_20260710_131254/000396.png,940,36,1620,100,2fd2ddd86c152e488fc5e01b38443a29248ff3c9f43fd6786c8d25b43d73a15b
session_20260710_131254,397,WAITING_IN_PROGRESS,assets/replay/sessions/session_20260710_131254/frames/000397.jpg,crops/session_20260710_131254/000397.png,940,36,1620,100,4b48dbf71f5e4df336a6fc56fc261dd198958c4aba1036411429cc951f7ddd58
session_20260710_131254,398,WAITING_IN_PROGRESS,assets/replay/sessions/session_20260710_131254/frames/000398.jpg,crops/session_20260710_131254/000398.png,940,36,1620,100,621b3fd6b4925242f5054f2b92e2bc1dfafd176b9b2d4715f3ddd2f1aa1e2b14
session_20260710_131254,399,WAITING_IN_PROGRESS,assets/replay/sessions/session_20260710_131254/frames/000399.jpg,crops/session_20260710_131254/000399.png,940,36,1620,100,c8395e16a1fb40686ec65c41447e09f762570cc1603e8a30bebb22affffa0b37
session_20260710_131254,400,WAITING_IN_PROGRESS,assets/replay/sessions/session_20260710_131254/frames/000400.jpg,crops/session_20260710_131254/000400.png,940,36,1620,100,d605846483dc3b8b71801aa2f5e92b876b6ca2a028490706ac052a7e1c6506b0
session_20260710_131254,401,WAITING_IN_PROGRESS,assets/replay/sessions/session_20260710_131254/frames/000401.jpg,crops/session_20260710_131254/000401.png,940,36,1620,100,8ec136e8948e7ef6e2035fc6525863e9da74cd3042f40cad2da957e1f1df9cfc
session_20260710_131254,402,WAITING_IN_PROGRESS,assets/replay/sessions/session_20260710_131254/frames/000402.jpg,crops/session_20260710_131254/000402.png,940,36,1620,100,bc92bb28a59e3b3b9836defefef1a1109e7e98aa4a4a25732972bebc37492dee
session_20260710_131254,403,WAITING_IN_PROGRESS,assets/replay/sessions/session_20260710_131254/frames/000403.jpg,crops/session_20260710_131254/000403.png,940,36,1620,100,1ad9fea2bbf8bfae4cead8db32b372d9a3326804bba0ae74f4c3f05017d5ba47
session_20260710_131254,404,WAITING_IN_PROGRESS,assets/replay/sessions/session_20260710_131254/frames/000404.jpg,crops/session_20260710_131254/000404.png,940,36,1620,100,e82b84906593a07c51b1f621ba41ac5bf928ffe16572f8b52cbce2ca8987ac58
session_20260710_131254,405,WAITING_IN_PROGRESS,assets/replay/sessions/session_20260710_131254/frames/000405.jpg,crops/session_20260710_131254/000405.png,940,36,1620,100,715ad4a29a5686c17a93435e80d83e7238a48626ea168190e2d10ac143042db9
session_20260710_131254,406,WAITING_IN_PROGRESS,assets/replay/sessions/session_20260710_131254/frames/000406.jpg,crops/session_20260710_131254/000406.png,940,36,1620,100,d12af26923001cf148c252fec1d31aebdadab399ac8003fa065ad04d09366ce9
session_20260710_131254,407,WAITING_IN_PROGRESS,assets/replay/sessions/session_20260710_131254/frames/000407.jpg,crops/session_20260710_131254/000407.png,940,36,1620,100,95ccc55c2b1d574843febb92e56ec6a7223c14626a175d24ae48ef89c8c2304e
session_20260710_131254,408,WAITING_IN_PROGRESS,assets/replay/sessions/session_20260710_131254/frames/000408.jpg,crops/session_20260710_131254/000408.png,940,36,1620,100,dc5a6d38488fe255dd112958f0f4dc08e3fa3fbabe2b9506dd6cb2dc8aa0d707
session_20260710_131254,409,WAITING_IN_PROGRESS,assets/replay/sessions/session_20260710_131254/frames/000409.jpg,crops/session_20260710_131254/000409.png,940,36,1620,100,3dffa5e83e1dc99f488ba0ddc53d08af4b5f2f419ec8d46fd73bd0c83c3398d6
session_20260710_131254,410,WAITING_IN_PROGRESS,assets/replay/sessions/session_20260710_131254/frames/000410.jpg,crops/session_20260710_131254/000410.png,940,36,1620,100,42a1fe90ce01eba256d475727793c0bbf78c6aa715c8c44c52c7160c05920c0a
session_20260710_131254,411,WAITING_IN_PROGRESS,assets/replay/sessions/session_20260710_131254/frames/000411.jpg,crops/session_20260710_131254/000411.png,940,36,1620,100,091a4621004ff2a4e4ace5052a67d475a4cddad4160d707c196dcc6f86b16e65
session_20260710_131254,412,WAITING_IN_PROGRESS,assets/replay/sessions/session_20260710_131254/frames/000412.jpg,crops/session_20260710_131254/000412.png,940,36,1620,100,2f5ed8b7deb3deb8fc421484f7bf3fdafddae5935a2ca4b728befdd64feee5ee
session_20260710_131254,413,WAITING_IN_PROGRESS,assets/replay/sessions/session_20260710_131254/frames/000413.jpg,crops/session_20260710_131254/000413.png,940,36,1620,100,150884ce6595c4ec36a8062e5d0bbfe15554647fd7c08e37b82bd65e132e3b33
session_20260710_131254,414,WAITING_IN_PROGRESS,assets/replay/sessions/session_20260710_131254/frames/000414.jpg,crops/session_20260710_131254/000414.png,940,36,1620,100,cdbee1e12a0024ca25bab5a74cc3572bd9374af92283cb38fb0dbc4227740c9d
session_20260710_131254,415,WAITING_IN_PROGRESS,assets/replay/sessions/session_20260710_131254/frames/000415.jpg,crops/session_20260710_131254/000415.png,940,36,1620,100,92b617dfb1fe61957881a36800a4f8303f5c8c97e7bd44fbddd642e3fa2ddb0d
session_20260710_131254,416,WAITING_IN_PROGRESS,assets/replay/sessions/session_20260710_131254/frames/000416.jpg,crops/session_20260710_131254/000416.png,940,36,1620,100,142ab9c27165826bc6ff4dd891f1e695757959ec953742f1c510055c23840ca4
session_20260710_131254,417,WAITING_IN_PROGRESS,assets/replay/sessions/session_20260710_131254/frames/000417.jpg,crops/session_20260710_131254/000417.png,940,36,1620,100,16465a1ec3b1ebf066441e798bf5b20fe4a132e43d98910fc9b25d4be7e17a1e
session_20260710_131254,418,WAITING_IN_PROGRESS,assets/replay/sessions/session_20260710_131254/frames/000418.jpg,crops/session_20260710_131254/000418.png,940,36,1620,100,db70670f461ca28d1603598a0e01eb53d8b9768bea22c9c75695b8a31612e6d7
session_20260710_131254,419,WAITING_IN_PROGRESS,assets/replay/sessions/session_20260710_131254/frames/000419.jpg,crops/session_20260710_131254/000419.png,940,36,1620,100,03f736b95a0112350d78a08f236f7922a7dfbfc0be62eb3b665941c7e234e76a
session_20260710_131254,420,WAITING_IN_PROGRESS,assets/replay/sessions/session_20260710_131254/frames/000420.jpg,crops/session_20260710_131254/000420.png,940,36,1620,100,5f90a11cbeccbd7d23e668a52887a4a9e15750a17893126245bf5db72ae1a73a
session_20260710_131254,421,WAITING_IN_PROGRESS,assets/replay/sessions/session_20260710_131254/frames/000421.jpg,crops/session_20260710_131254/000421.png,940,36,1620,100,4dea4b605a46f3605b01a031deb624c90942e9409439423e331d507e373631d7
session_20260710_131254,422,WAITING_IN_PROGRESS,assets/replay/sessions/session_20260710_131254/frames/000422.jpg,crops/session_20260710_131254/000422.png,940,36,1620,100,bf36e675dd2e0edd8eeb01f6da8ccc15dd048448602f26b2195d2f719ab6193d
session_20260710_131254,423,WAITING_IN_PROGRESS,assets/replay/sessions/session_20260710_131254/frames/000423.jpg,crops/session_20260710_131254/000423.png,940,36,1620,100,173af9383e1dd1f545a8b044910b6d0b57ed50abfeb599ea0d07a2b1a589160b
session_20260710_131254,424,WAITING_IN_PROGRESS,assets/replay/sessions/session_20260710_131254/frames/000424.jpg,crops/session_20260710_131254/000424.png,940,36,1620,100,a4bdaa1a5b95a675ec6a203bd4d98c16b90c36d6beb9b56a42abceeeed3b1278
session_20260710_131254,425,WAITING_IN_PROGRESS,assets/replay/sessions/session_20260710_131254/frames/000425.jpg,crops/session_20260710_131254/000425.png,940,36,1620,100,2ebaae0b179df9a5d720c53c7a42fb9531c334a4175395192793c337c5a10330
session_20260710_131254,426,WAITING_IN_PROGRESS,assets/replay/sessions/session_20260710_131254/frames/000426.jpg,crops/session_20260710_131254/000426.png,940,36,1620,100,dbe50df7fc2a111dbf3c0dfcb352a9f7e8c6ed05b7be62621e6b10adc314da8d
session_20260710_131254,427,WAITING_IN_PROGRESS,assets/replay/sessions/session_20260710_131254/frames/000427.jpg,crops/session_20260710_131254/000427.png,940,36,1620,100,e25b0854eec0921857f7b3474cbff4738081ca80835ceb54260cdcaa72da1e41
session_20260710_131254,428,WAITING_IN_PROGRESS,assets/replay/sessions/session_20260710_131254/frames/000428.jpg,crops/session_20260710_131254/000428.png,940,36,1620,100,1c8b837ed6d9f5e84975422f1eee2b7418596c48647aef5e7ac2ac754fb4c403
session_20260710_131254,429,WAITING_IN_PROGRESS,assets/replay/sessions/session_20260710_131254/frames/000429.jpg,crops/session_20260710_131254/000429.png,940,36,1620,100,add0506829c219b99dee72451fe1a4544ccd8f211e6e73a8fd7ef410219a1e42
session_20260710_131254,430,WAITING_IN_PROGRESS,assets/replay/sessions/session_20260710_131254/frames/000430.jpg,crops/session_20260710_131254/000430.png,940,36,1620,100,a6ce57267e30e3ad00400153baa7ea4d5f204ecb33a0d3ef56e30b2ab75fa72b
session_20260710_131254,431,WAITING_IN_PROGRESS,assets/replay/sessions/session_20260710_131254/frames/000431.jpg,crops/session_20260710_131254/000431.png,940,36,1620,100,e312f399181e0908efdeab7da105284d7ff017189adb3cc7858823bdb2236fbe
session_20260710_131254,432,WAITING_IN_PROGRESS,assets/replay/sessions/session_20260710_131254/frames/000432.jpg,crops/session_20260710_131254/000432.png,940,36,1620,100,1e129ced24b67fcaeb68403616b173bdb6301f8fcff2ad59f969b4e601b94334
session_20260710_131254,433,WAITING_IN_PROGRESS,assets/replay/sessions/session_20260710_131254/frames/000433.jpg,crops/session_20260710_131254/000433.png,940,36,1620,100,798f5348842d953ae0cdd24756aa9fa889bc3d21d5897da60e1beb1669cc5b83
session_20260710_131254,434,WAITING_IN_PROGRESS,assets/replay/sessions/session_20260710_131254/frames/000434.jpg,crops/session_20260710_131254/000434.png,940,36,1620,100,22c5a449a0d8d30d76f5d1b4a8c1e69efa96d33c847eff13bdd72210e7343bbb
session_20260710_131254,435,WAITING_IN_PROGRESS,assets/replay/sessions/session_20260710_131254/frames/000435.jpg,crops/session_20260710_131254/000435.png,940,36,1620,100,4e436b4a996ad49ad62341c869575a7615a210165410465c105ac4979d761379
session_20260710_131254,436,WAITING_IN_PROGRESS,assets/replay/sessions/session_20260710_131254/frames/000436.jpg,crops/session_20260710_131254/000436.png,940,36,1620,100,d9f58de19ea7e1e26e3892ddf6aa515f02fcba36bfccdc3a6f92fe8a1766c6da
session_20260710_131254,437,WAITING_IN_PROGRESS,assets/replay/sessions/session_20260710_131254/frames/000437.jpg,crops/session_20260710_131254/000437.png,940,36,1620,100,988994ec72aa215a7ff922445fcee4c994b9590b7fec08c854d71290c33293b8
session_20260710_131254,438,WAITING_IN_PROGRESS,assets/replay/sessions/session_20260710_131254/frames/000438.jpg,crops/session_20260710_131254/000438.png,940,36,1620,100,cef2525da70efda45578b1be167cf7f3865afe119efd56cd8723ed3dac77ece1
session_20260710_131254,439,WAITING_IN_PROGRESS,assets/replay/sessions/session_20260710_131254/frames/000439.jpg,crops/session_20260710_131254/000439.png,940,36,1620,100,e05e76a8718d2fe1c270c9a70ca6ae367842bb9e8ac9597ffe245f47256d9798
session_20260710_131254,440,WAITING_IN_PROGRESS,assets/replay/sessions/session_20260710_131254/frames/000440.jpg,crops/session_20260710_131254/000440.png,940,36,1620,100,96e0a6a6908418a7fb4de14c8310efdfdc1f2075b56e8ed07f7731f883c79aa3
session_20260710_131254,441,WAITING_IN_PROGRESS,assets/replay/sessions/session_20260710_131254/frames/000441.jpg,crops/session_20260710_131254/000441.png,940,36,1620,100,17f4bf1c940a29ed11d60bb341dd375bacaeae9f44c3a7ae931687135663bc83
session_20260710_131254,442,WAITING_IN_PROGRESS,assets/replay/sessions/session_20260710_131254/frames/000442.jpg,crops/session_20260710_131254/000442.png,940,36,1620,100,bfce56d46b09c84fd4b91237a49913f371b0fb5a3225e37d6f86f980bc74d71c
session_20260710_131254,443,WAITING_IN_PROGRESS,assets/replay/sessions/session_20260710_131254/frames/000443.jpg,crops/session_20260710_131254/000443.png,940,36,1620,100,74677021d2ba4edcb30f0317c57ad7c692b9c3043b6f206c5b1bb2f064280cff
session_20260710_131254,444,WAITING_IN_PROGRESS,assets/replay/sessions/session_20260710_131254/frames/000444.jpg,crops/session_20260710_131254/000444.png,940,36,1620,100,20e3eba64877de5bd1fdd085cd2f1aacb5d2b05dc44408e47dc5bf321f9540a8
session_20260710_131254,445,WAITING_IN_PROGRESS,assets/replay/sessions/session_20260710_131254/frames/000445.jpg,crops/session_20260710_131254/000445.png,940,36,1620,100,68953a12fedbbeab77682a79e8d77f45ac9ff9fdc9a5971822fb2e83c1055022
session_20260710_131254,446,WAITING_IN_PROGRESS,assets/replay/sessions/session_20260710_131254/frames/000446.jpg,crops/session_20260710_131254/000446.png,940,36,1620,100,a0ce32f3b1aa8d55c8b14b3e729db32f7bd6b18ea1ac9fa3e0023fb7e727198e
session_20260710_131254,447,WAITING_IN_PROGRESS,assets/replay/sessions/session_20260710_131254/frames/000447.jpg,crops/session_20260710_131254/000447.png,940,36,1620,100,eb5dfca76a7551f9afc53c4666da7506b921493facc44a00ab11eae7e4fd4023
session_20260710_131254,448,WAITING_IN_PROGRESS,assets/replay/sessions/session_20260710_131254/frames/000448.jpg,crops/session_20260710_131254/000448.png,940,36,1620,100,dced3d008de5b5487fcb407bfb7cdf1bffedb5ab9aee5bb06ce0c9c73cdee83f
session_20260710_131254,449,WAITING_IN_PROGRESS,assets/replay/sessions/session_20260710_131254/frames/000449.jpg,crops/session_20260710_131254/000449.png,940,36,1620,100,0865309b6c7b86193a84b28456c93b9e207ec0e04f5cc6be47d8672a923db56b
session_20260710_131254,450,WAITING_IN_PROGRESS,assets/replay/sessions/session_20260710_131254/frames/000450.jpg,crops/session_20260710_131254/000450.png,940,36,1620,100,b8529ef199dab0802c99fb69d03e1007dd0e57af624e7e8230c17484582aba81
session_20260710_131254,451,WAITING_IN_PROGRESS,assets/replay/sessions/session_20260710_131254/frames/000451.jpg,crops/session_20260710_131254/000451.png,940,36,1620,100,1397a61ed58df721fd8d3be66e71da281d1c6da8618b72a4ea20fa4091dcf0e6
session_20260710_131254,452,WAITING_IN_PROGRESS,assets/replay/sessions/session_20260710_131254/frames/000452.jpg,crops/session_20260710_131254/000452.png,940,36,1620,100,68a2d976abf696e30c35c5f624c4f8a4ecc5ebd1451051b375491e0480e4ac14
session_20260710_131254,453,WAITING_IN_PROGRESS,assets/replay/sessions/session_20260710_131254/frames/000453.jpg,crops/session_20260710_131254/000453.png,940,36,1620,100,691a1e9a0fd2532090aa4a9d948deb973a23c7eeca83fc56aab6071437d2d953
session_20260710_131254,454,WAITING_IN_PROGRESS,assets/replay/sessions/session_20260710_131254/frames/000454.jpg,crops/session_20260710_131254/000454.png,940,36,1620,100,49d45e829c1b051db3e44975bc5a78870a3aaad71d89140f63039862e8edb9c1
session_20260710_131254,455,WAITING_IN_PROGRESS,assets/replay/sessions/session_20260710_131254/frames/000455.jpg,crops/session_20260710_131254/000455.png,940,36,1620,100,8652fd7adbe3185dd95dfed8036c7b1b618244c898fb8d015d57857f60c1adc6
session_20260710_131254,456,WAITING_IN_PROGRESS,assets/replay/sessions/session_20260710_131254/frames/000456.jpg,crops/session_20260710_131254/000456.png,940,36,1620,100,d841ba1790255fa36f4fb941d05ca9c0b58bc60126a13fbffe869ea22e85d81b
session_20260710_131254,457,WAITING_IN_PROGRESS,assets/replay/sessions/session_20260710_131254/frames/000457.jpg,crops/session_20260710_131254/000457.png,940,36,1620,100,95290cfab2641fe0895a5c5eef1debb8a07f5a36575e4bf06b64e7089a70a33c
session_20260710_131254,458,WAITING_IN_PROGRESS,assets/replay/sessions/session_20260710_131254/frames/000458.jpg,crops/session_20260710_131254/000458.png,940,36,1620,100,1615f43d3463d41ce6e72b936101d2c7d10be286418e53064d76d118835bf7c5
session_20260710_131254,459,WAITING_IN_PROGRESS,assets/replay/sessions/session_20260710_131254/frames/000459.jpg,crops/session_20260710_131254/000459.png,940,36,1620,100,11d6b2aa44ea07d6608383755c5b825db5d379146404731b941672650755e9c8
session_20260710_131254,460,WAITING_IN_PROGRESS,assets/replay/sessions/session_20260710_131254/frames/000460.jpg,crops/session_20260710_131254/000460.png,940,36,1620,100,88b733debe9cf65613e8f6193ed2c2b6585c7a516163414987b8b8488505efa8
session_20260710_131254,461,WAITING_IN_PROGRESS,assets/replay/sessions/session_20260710_131254/frames/000461.jpg,crops/session_20260710_131254/000461.png,940,36,1620,100,e1860c51a2dea508e68cc49dc4ce6b58c9689e7b94b568c65a1215293f2843da
session_20260710_131254,462,WAITING_IN_PROGRESS,assets/replay/sessions/session_20260710_131254/frames/000462.jpg,crops/session_20260710_131254/000462.png,940,36,1620,100,7705f2a747bcb441f07c73e34b788f8eb35f6df91a9aef85c648b372d81bf40e
session_20260710_131254,463,WAITING_IN_PROGRESS,assets/replay/sessions/session_20260710_131254/frames/000463.jpg,crops/session_20260710_131254/000463.png,940,36,1620,100,fce9d1339680b3b49aef74847f2c6ef2799e661292d7a2f5faa706ac3cf2ec66
session_20260710_131254,464,WAITING_IN_PROGRESS,assets/replay/sessions/session_20260710_131254/frames/000464.jpg,crops/session_20260710_131254/000464.png,940,36,1620,100,3ab530573acbd88094ed48fc781a671a666a93b2b17524576c89da14c091bd2d
session_20260710_131254,465,WAITING_IN_PROGRESS,assets/replay/sessions/session_20260710_131254/frames/000465.jpg,crops/session_20260710_131254/000465.png,940,36,1620,100,ed5fc23a55cb82f00fd147463fa70612200269a4dfb514f75c21d249e9f90eb2
session_20260710_131254,466,WAITING_IN_PROGRESS,assets/replay/sessions/session_20260710_131254/frames/000466.jpg,crops/session_20260710_131254/000466.png,940,36,1620,100,1db879a59659e850b8caffad32322d72ca20f419f0be89092b3d6eddd0db5d48
session_20260710_131254,467,WAITING_IN_PROGRESS,assets/replay/sessions/session_20260710_131254/frames/000467.jpg,crops/session_20260710_131254/000467.png,940,36,1620,100,887054d065e2fe797cb13a491743eb961bd5824bc226d75be881349acc3e122e
session_20260710_131254,468,WAITING_IN_PROGRESS,assets/replay/sessions/session_20260710_131254/frames/000468.jpg,crops/session_20260710_131254/000468.png,940,36,1620,100,e9b65bbd973b45ce023a716748e1f314f773805b0b08ce19f6cd4d7c3c3e5db9
session_20260710_131254,469,WAITING_IN_PROGRESS,assets/replay/sessions/session_20260710_131254/frames/000469.jpg,crops/session_20260710_131254/000469.png,940,36,1620,100,1c5fda79893dcd16f45536d48c5f7d2846a33c55d9dee3daaa1a453ee48335bd
session_20260710_131254,470,WAITING_IN_PROGRESS,assets/replay/sessions/session_20260710_131254/frames/000470.jpg,crops/session_20260710_131254/000470.png,940,36,1620,100,5fd6aea8e2803903993345d2426441b2ad1b4f6a8cdbf6740125b0757f54dd0d
session_20260710_131254,471,WAITING_IN_PROGRESS,assets/replay/sessions/session_20260710_131254/frames/000471.jpg,crops/session_20260710_131254/000471.png,940,36,1620,100,46666b9cf5ef76b0704206570e470a683112dbfb7a765331f5f948aedb684f82
session_20260710_131254,472,WAITING_IN_PROGRESS,assets/replay/sessions/session_20260710_131254/frames/000472.jpg,crops/session_20260710_131254/000472.png,940,36,1620,100,a81ee9c5a0bca4b63282da35cc7d670d5108cbb0039d13b9666c5abe9e58bcdd
session_20260710_131254,473,WAITING_IN_PROGRESS,assets/replay/sessions/session_20260710_131254/frames/000473.jpg,crops/session_20260710_131254/000473.png,940,36,1620,100,b1e3d114ebbfe94ec7d7b2ed12c5c70797408963f9da05b29c5131d175887a15
session_20260710_131254,474,WAITING_IN_PROGRESS,assets/replay/sessions/session_20260710_131254/frames/000474.jpg,crops/session_20260710_131254/000474.png,940,36,1620,100,e3f5d2a2cbe6618a18660cc4001f5bd07209298e19ecbd354161fba69b3d5a51
session_20260710_131254,475,WAITING_IN_PROGRESS,assets/replay/sessions/session_20260710_131254/frames/000475.jpg,crops/session_20260710_131254/000475.png,940,36,1620,100,255fa0c81c84091da95a4d8f35c855e342029eb1760a8fa1435dd37e9a198836
session_20260710_131254,476,WAITING_IN_PROGRESS,assets/replay/sessions/session_20260710_131254/frames/000476.jpg,crops/session_20260710_131254/000476.png,940,36,1620,100,e5be43861c643db62c633d0b58d9038eebc46c15dcd6e2556cd822aed15f326c
session_20260710_131254,477,WAITING_IN_PROGRESS,assets/replay/sessions/session_20260710_131254/frames/000477.jpg,crops/session_20260710_131254/000477.png,940,36,1620,100,3e6a6ee30365c23f72720fafcb70f25666475ea5dc62e5ec0aa5d960263eacca
session_20260710_131254,478,WAITING_IN_PROGRESS,assets/replay/sessions/session_20260710_131254/frames/000478.jpg,crops/session_20260710_131254/000478.png,940,36,1620,100,de45d364195967c1212592d652d89f4929fe811dce95649b6448a3b7755cc228
session_20260710_131254,479,WAITING_IN_PROGRESS,assets/replay/sessions/session_20260710_131254/frames/000479.jpg,crops/session_20260710_131254/000479.png,940,36,1620,100,ea7840282510fa217d952fc6ba4ff60fc6541effd5a1385e07c508068a65daca
session_20260710_131254,480,WAITING_IN_PROGRESS,assets/replay/sessions/session_20260710_131254/frames/000480.jpg,crops/session_20260710_131254/000480.png,940,36,1620,100,838127064165acce266082024690a67e17a9f36115df613c9b5562b521e4fcfa
session_20260710_131254,481,WAITING_IN_PROGRESS,assets/replay/sessions/session_20260710_131254/frames/000481.jpg,crops/session_20260710_131254/000481.png,940,36,1620,100,e05880c52ee75cb977e807be847b075870bb0b1e9a680ad1a5bbb0ca1f9eefe0
session_20260710_131254,482,WAITING_IN_PROGRESS,assets/replay/sessions/session_20260710_131254/frames/000482.jpg,crops/session_20260710_131254/000482.png,940,36,1620,100,b204e0d55bb5ba1fc628dd43fd8ac56e58acd59548332b0ce61608cb59484a8c
session_20260710_131254,483,WAITING_IN_PROGRESS,assets/replay/sessions/session_20260710_131254/frames/000483.jpg,crops/session_20260710_131254/000483.png,940,36,1620,100,14d3dc3214b357515e4b4eddc214bfc04064fa00d7d003353350fbe722e8022a
session_20260710_131254,484,WAITING_IN_PROGRESS,assets/replay/sessions/session_20260710_131254/frames/000484.jpg,crops/session_20260710_131254/000484.png,940,36,1620,100,13b49be87fa6aa4933687e78728bc99a390e83d457a5e1a493efa8e735313b00
session_20260710_131254,485,WAITING_IN_PROGRESS,assets/replay/sessions/session_20260710_131254/frames/000485.jpg,crops/session_20260710_131254/000485.png,940,36,1620,100,3674d2bdf13870e76809d381cd66eaf581a182cdd1d7efed08373c71610c39e3
session_20260710_131254,486,WAITING_IN_PROGRESS,assets/replay/sessions/session_20260710_131254/frames/000486.jpg,crops/session_20260710_131254/000486.png,940,36,1620,100,45a51cf42798a7e36e953e4c1d76ccf0f6632b8b5f3c3365be9943a62dd58967
session_20260710_131254,487,WAITING_IN_PROGRESS,assets/replay/sessions/session_20260710_131254/frames/000487.jpg,crops/session_20260710_131254/000487.png,940,36,1620,100,8b316b80cc81a36068301106f820771d33af4d7519b6636ee8202de4533c5be1
session_20260710_131254,488,WAITING_IN_PROGRESS,assets/replay/sessions/session_20260710_131254/frames/000488.jpg,crops/session_20260710_131254/000488.png,940,36,1620,100,e39a58c90ec22f8ef75bfd63267b0b021a043838ee03141db930fa005bf3ccbf
session_20260710_131254,489,WAITING_IN_PROGRESS,assets/replay/sessions/session_20260710_131254/frames/000489.jpg,crops/session_20260710_131254/000489.png,940,36,1620,100,38fe443b66533cb94cb5b4a3e90a27464e8b6665d14c5ed0cb38949555643372
session_20260710_131254,490,WAITING_IN_PROGRESS,assets/replay/sessions/session_20260710_131254/frames/000490.jpg,crops/session_20260710_131254/000490.png,940,36,1620,100,9f9a4b02b2a392e779ad691faeec81b8e06f5fbb5eeb7d288ad2c24a55112d24
session_20260710_131254,491,WAITING_IN_PROGRESS,assets/replay/sessions/session_20260710_131254/frames/000491.jpg,crops/session_20260710_131254/000491.png,940,36,1620,100,696cc9bce2e3e8f18d2cd86a87d653156f63789792bc6c5dc1ac98e6cf45ac0f
session_20260710_131254,492,WAITING_IN_PROGRESS,assets/replay/sessions/session_20260710_131254/frames/000492.jpg,crops/session_20260710_131254/000492.png,940,36,1620,100,2b2ce68c9879fbb88b5b263f43d88d8dc46345cf391ff0debeae707528188ef0
session_20260710_131254,493,WAITING_IN_PROGRESS,assets/replay/sessions/session_20260710_131254/frames/000493.jpg,crops/session_20260710_131254/000493.png,940,36,1620,100,32e98a91d178c985f090a184b277209d267723077810e1fca0c63ef6cae81b0f
session_20260710_131254,494,WAITING_IN_PROGRESS,assets/replay/sessions/session_20260710_131254/frames/000494.jpg,crops/session_20260710_131254/000494.png,940,36,1620,100,34088f4ac7fa0ba33557aa1ed37786135f49639ce2f01b7c9a4f5203bc8c7c60
session_20260710_131254,495,WAITING_IN_PROGRESS,assets/replay/sessions/session_20260710_131254/frames/000495.jpg,crops/session_20260710_131254/000495.png,940,36,1620,100,2b0ff9687dfd32606f1d60aeddc0dd63954240d45e181e1109755f028729a75a
session_20260710_131254,496,WAITING_IN_PROGRESS,assets/replay/sessions/session_20260710_131254/frames/000496.jpg,crops/session_20260710_131254/000496.png,940,36,1620,100,eb2b41e0f346ad431e20e3ec3e2eefe3fecba5c7b048f81261f999c866ec777f
session_20260710_131254,497,WAITING_IN_PROGRESS,assets/replay/sessions/session_20260710_131254/frames/000497.jpg,crops/session_20260710_131254/000497.png,940,36,1620,100,7cbe92569aa1f0bb7d8dd29b4d19440fb23df66b1ad3eef53aa7b9f2c45b0a83
session_20260710_131254,498,WAITING_IN_PROGRESS,assets/replay/sessions/session_20260710_131254/frames/000498.jpg,crops/session_20260710_131254/000498.png,940,36,1620,100,3f19ad4be71bc26a06bee6e1fcc32e3d8dde93b118decc6a2713d2d5e8953c8c
session_20260710_131254,499,READY_BITE,assets/replay/sessions/session_20260710_131254/frames/000499.jpg,crops/session_20260710_131254/000499.png,940,36,1620,100,b05024491bfe8cad21c03eeae1255c72c2710c1f9255c3bc13af94a75f15ccd1
session_20260710_131254,500,READY_BITE,assets/replay/sessions/session_20260710_131254/frames/000500.jpg,crops/session_20260710_131254/000500.png,940,36,1620,100,5bf1159eb3cac498794aa55d45a38839c5b533d762bfe05725ca021b22bff184
session_20260710_131254,501,READY_BITE,assets/replay/sessions/session_20260710_131254/frames/000501.jpg,crops/session_20260710_131254/000501.png,940,36,1620,100,157d0a0e872c4720696668b0aaa905a77f6664e0ec59292b6251df9b18c5e845
session_20260710_131254,502,READY_BITE,assets/replay/sessions/session_20260710_131254/frames/000502.jpg,crops/session_20260710_131254/000502.png,940,36,1620,100,303a57d1a5a33747ba35c3db03affbf550e984733e3b158c9cd58b70e3311690
session_20260710_131254,503,READY_BITE,assets/replay/sessions/session_20260710_131254/frames/000503.jpg,crops/session_20260710_131254/000503.png,940,36,1620,100,5d552560320d00aa6e8c4f1336aa59703c416b953bdaac900a6d15befc342c25
session_20260710_131254,504,READY_BITE,assets/replay/sessions/session_20260710_131254/frames/000504.jpg,crops/session_20260710_131254/000504.png,940,36,1620,100,857e1a047c0f42346c9a7973850ca125df3d6d624a4728208f4ab6e13fe06a0b
session_20260710_131254,505,READY_BITE,assets/replay/sessions/session_20260710_131254/frames/000505.jpg,crops/session_20260710_131254/000505.png,940,36,1620,100,ef4e808355478a226f3f21a5f60d495352d82a89ec9c46d2ebe634f32038c0a5
session_20260710_131254,506,READY_BITE,assets/replay/sessions/session_20260710_131254/frames/000506.jpg,crops/session_20260710_131254/000506.png,940,36,1620,100,017a4fdb75794f2ba8e9136f55c2fff7e8cdc41106e508b8795ee669ffcb14b5
session_20260710_131254,507,READY_BITE,assets/replay/sessions/session_20260710_131254/frames/000507.jpg,crops/session_20260710_131254/000507.png,940,36,1620,100,6dbf85769f2035678e2196694a828b25103c1551e7743a61e52eb22f6a8c38f4
session_20260710_131254,508,READY_BITE,assets/replay/sessions/session_20260710_131254/frames/000508.jpg,crops/session_20260710_131254/000508.png,940,36,1620,100,7cbea740c7f42b97cab513f78c1eb797570c2b00666599188faade6355d1ff49
session_20260710_131254,509,READY_BITE,assets/replay/sessions/session_20260710_131254/frames/000509.jpg,crops/session_20260710_131254/000509.png,940,36,1620,100,46ec0ecac3c153d9f3abb6fdb407e16d282dbf7ade1e54dc03af89c618e2e052
session_20260710_131254,510,READY_BITE,assets/replay/sessions/session_20260710_131254/frames/000510.jpg,crops/session_20260710_131254/000510.png,940,36,1620,100,33e98de6dae25d8028ed2157d68cc25221ae2151f588e711b3e59e592bb25e57
session_20260710_131254,511,READY_BITE,assets/replay/sessions/session_20260710_131254/frames/000511.jpg,crops/session_20260710_131254/000511.png,940,36,1620,100,d7b17ef80266aaffda246fc94f8188babe0018a96cd984f8e55d7c43c8207be3
session_20260710_131254,512,READY_BITE,assets/replay/sessions/session_20260710_131254/frames/000512.jpg,crops/session_20260710_131254/000512.png,940,36,1620,100,19e1f233b4a8158dee731ac3ba342f7c83262edfb3ec57ec5c62daef362d3259
session_20260710_131254,513,READY_BITE,assets/replay/sessions/session_20260710_131254/frames/000513.jpg,crops/session_20260710_131254/000513.png,940,36,1620,100,2f84a6dee10420bc8505b78c929929b7ee601ef1be5d0e7bcd203b77770852d0
session_20260710_131254,514,READY_BITE,assets/replay/sessions/session_20260710_131254/frames/000514.jpg,crops/session_20260710_131254/000514.png,940,36,1620,100,03b3b16bfab4b2147b8159909f3e9ef435009cefa67e8bede11fc7970f11f14d
session_20260710_131254,515,READY_BITE,assets/replay/sessions/session_20260710_131254/frames/000515.jpg,crops/session_20260710_131254/000515.png,940,36,1620,100,bc6d6b74dd14cd0459dfdae5609a71f20346d20ea18762fcbdd36fafb21ee8dc
session_20260710_131254,516,READY_BITE,assets/replay/sessions/session_20260710_131254/frames/000516.jpg,crops/session_20260710_131254/000516.png,940,36,1620,100,263918382846612b4f426100e0087500a7c3e0220c163723711311efaa8ad586
session_20260710_131254,517,READY_BITE,assets/replay/sessions/session_20260710_131254/frames/000517.jpg,crops/session_20260710_131254/000517.png,940,36,1620,100,e98dcc53759df2f36b4e4b2aac65f273d29232b649edc0d6e3c73bb4941ea3ee
session_20260710_131254,518,READY_BITE,assets/replay/sessions/session_20260710_131254/frames/000518.jpg,crops/session_20260710_131254/000518.png,940,36,1620,100,a84a025193c19419aecfb97c9376a0cfbeb2c69bfe6c51f902a4737a3caeda8d
session_20260710_131254,519,READY_BITE,assets/replay/sessions/session_20260710_131254/frames/000519.jpg,crops/session_20260710_131254/000519.png,940,36,1620,100,6af80e5190c945abe34b2d93e53f56fc5b79c076739b63d8563052de7aa837c1
session_20260710_131254,520,READY_BITE,assets/replay/sessions/session_20260710_131254/frames/000520.jpg,crops/session_20260710_131254/000520.png,940,36,1620,100,6978a272f29a39d84dbafd07afc52c26ad3ef53d8f190256016293d24d2bf035
session_20260710_131254,521,READY_BITE,assets/replay/sessions/session_20260710_131254/frames/000521.jpg,crops/session_20260710_131254/000521.png,940,36,1620,100,06ca779e628edca58a3d8ba79b1f2327eb414c6c5f92ad44055652ff38d677a8
session_20260710_131254,522,READY_BITE,assets/replay/sessions/session_20260710_131254/frames/000522.jpg,crops/session_20260710_131254/000522.png,940,36,1620,100,2ab6419db3d71b80a271d2989377793e1eee298a01f42d72cacc97e50d763847
session_20260710_131254,523,READY_BITE,assets/replay/sessions/session_20260710_131254/frames/000523.jpg,crops/session_20260710_131254/000523.png,940,36,1620,100,0126be9e7d0f59b72776c68e9e69bd7049e52df4f083772d57b8b7f854b9b302
session_20260710_131254,524,READY_BITE,assets/replay/sessions/session_20260710_131254/frames/000524.jpg,crops/session_20260710_131254/000524.png,940,36,1620,100,0126be9e7d0f59b72776c68e9e69bd7049e52df4f083772d57b8b7f854b9b302
session_20260710_131254,525,READY_BITE,assets/replay/sessions/session_20260710_131254/frames/000525.jpg,crops/session_20260710_131254/000525.png,940,36,1620,100,3f2518d36512fad2b42098e0bb457a18218bab958a95231efbbfe644fcd6be26
session_20260710_131254,526,READY_BITE,assets/replay/sessions/session_20260710_131254/frames/000526.jpg,crops/session_20260710_131254/000526.png,940,36,1620,100,60cfee5bb3fef28a6725683f23360c55d18171e45b439e454913dcb7bd7a07a4
session_20260710_131254,527,HOOK_INSTRUCTION,assets/replay/sessions/session_20260710_131254/frames/000527.jpg,crops/session_20260710_131254/000527.png,940,36,1620,100,88337ea91b1b4bd78655441e5ed749c07610d2444e0f52eb148bcd531738d8d2
session_20260710_131254,528,HOOK_INSTRUCTION,assets/replay/sessions/session_20260710_131254/frames/000528.jpg,crops/session_20260710_131254/000528.png,940,36,1620,100,16b99f75893df179201311268ad7b960d7ecbf7069a25f75e775a41f1e550db6
session_20260710_131254,529,HOOK_INSTRUCTION,assets/replay/sessions/session_20260710_131254/frames/000529.jpg,crops/session_20260710_131254/000529.png,940,36,1620,100,28dbabe1bc129cf81b059bca4bcf340366cccf973c44e967ad153df109105e7a
session_20260710_131254,530,HOOK_INSTRUCTION,assets/replay/sessions/session_20260710_131254/frames/000530.jpg,crops/session_20260710_131254/000530.png,940,36,1620,100,db0518fe63e7a144108887f9d73aa2803460a4ec389da03c9e3962c47e585c4d
session_20260710_131254,531,HOOK_INSTRUCTION,assets/replay/sessions/session_20260710_131254/frames/000531.jpg,crops/session_20260710_131254/000531.png,940,36,1620,100,d58763152dd337017826fbea1c78531482b3872ec30c5da304e8b939123f6099
session_20260710_131254,532,HOOK_INSTRUCTION,assets/replay/sessions/session_20260710_131254/frames/000532.jpg,crops/session_20260710_131254/000532.png,940,36,1620,100,438f55ffcdb79b8a572cd92fa444b8dc18f29253663deb7ee44daeb3da9b17a6
session_20260710_131254,533,HOOK_INSTRUCTION,assets/replay/sessions/session_20260710_131254/frames/000533.jpg,crops/session_20260710_131254/000533.png,940,36,1620,100,12bfab241440869b808e4ad3825fa0febe8aed9e041f9533a8826b4ba3c9eefa
session_20260710_131254,534,HOOK_INSTRUCTION,assets/replay/sessions/session_20260710_131254/frames/000534.jpg,crops/session_20260710_131254/000534.png,940,36,1620,100,8480a433b20ebc090f7e50eea40364f63bafa05ebc9dfdb31d75adcd44a73ed7
session_20260710_131254,535,HOOK_INSTRUCTION,assets/replay/sessions/session_20260710_131254/frames/000535.jpg,crops/session_20260710_131254/000535.png,940,36,1620,100,89a75f4a138ac0b659f0928ba2cba0313609375aa9eab368590decd493bb8bfd
session_20260710_131254,536,HOOK_INSTRUCTION,assets/replay/sessions/session_20260710_131254/frames/000536.jpg,crops/session_20260710_131254/000536.png,940,36,1620,100,c2eccd9c165863fa05a82aec1d419d261d75eb60d084edf6675c35e0fbc77bcb
session_20260710_131254,537,HOOK_INSTRUCTION,assets/replay/sessions/session_20260710_131254/frames/000537.jpg,crops/session_20260710_131254/000537.png,940,36,1620,100,894805cfe01894320c98420190ca76d172025281f4c1c1165d30bc896efafa3c
session_20260710_131254,538,HOOK_INSTRUCTION,assets/replay/sessions/session_20260710_131254/frames/000538.jpg,crops/session_20260710_131254/000538.png,940,36,1620,100,8f763553d1b15df0b4fcb5a9caaefc9b7547b2a0a953d0987715069d8ae17ae0
session_20260710_131254,539,HOOK_INSTRUCTION,assets/replay/sessions/session_20260710_131254/frames/000539.jpg,crops/session_20260710_131254/000539.png,940,36,1620,100,02cee1e94ca571834a344b1be394536aa15f29a1c4034a20f08517951678f2c0
session_20260710_131254,540,HOOK_INSTRUCTION,assets/replay/sessions/session_20260710_131254/frames/000540.jpg,crops/session_20260710_131254/000540.png,940,36,1620,100,22a3835ed707410cd5a99b010dde461fd6773849f62ce82ad9d808fc7d51d054
session_20260710_131254,541,HOOK_INSTRUCTION,assets/replay/sessions/session_20260710_131254/frames/000541.jpg,crops/session_20260710_131254/000541.png,940,36,1620,100,ec4f9ec9a490690dd2c93886415a3e3cc273a135f407fd7caa884f64ef34dd18
session_20260710_131254,542,HOOK_INSTRUCTION,assets/replay/sessions/session_20260710_131254/frames/000542.jpg,crops/session_20260710_131254/000542.png,940,36,1620,100,26f8b0a041376871c864b678a5f8ea1507cadad91eac335fb91454158cff5667
session_20260710_131254,543,HOOK_INSTRUCTION,assets/replay/sessions/session_20260710_131254/frames/000543.jpg,crops/session_20260710_131254/000543.png,940,36,1620,100,9ba2d5d6e35b75bbd9ced49e451712b8c960634cfc1fff7e7ca686cd5328f786
session_20260710_131254,544,HOOK_INSTRUCTION,assets/replay/sessions/session_20260710_131254/frames/000544.jpg,crops/session_20260710_131254/000544.png,940,36,1620,100,64c1025138c02fba302ba813eed46ff090aafd3c332192660a7454a9061c46e1
session_20260710_131254,545,HOOK_INSTRUCTION,assets/replay/sessions/session_20260710_131254/frames/000545.jpg,crops/session_20260710_131254/000545.png,940,36,1620,100,d9e6cb374ad88cdb13c3b6cd3d670084424b5bf317cb0ac11525036ab72cb073
session_20260710_131254,546,HOOK_INSTRUCTION,assets/replay/sessions/session_20260710_131254/frames/000546.jpg,crops/session_20260710_131254/000546.png,940,36,1620,100,3ec89ad2d9b628afb420edf1a54cc34fb4f811c5cae085d7633e0f341cfc6466
session_20260710_131254,547,HOOK_INSTRUCTION,assets/replay/sessions/session_20260710_131254/frames/000547.jpg,crops/session_20260710_131254/000547.png,940,36,1620,100,1062192b19c8aadcc432d91be405e1bfb0696e167757a1c80585623fde69f657
session_20260710_131254,548,HOOK_INSTRUCTION,assets/replay/sessions/session_20260710_131254/frames/000548.jpg,crops/session_20260710_131254/000548.png,940,36,1620,100,3231fe3012b909777374e6c79aa80490240d37b477147b617380cad10743b4e5
session_20260710_131254,549,HOOK_INSTRUCTION,assets/replay/sessions/session_20260710_131254/frames/000549.jpg,crops/session_20260710_131254/000549.png,940,36,1620,100,ae57fffcdf4591c3ea7852c4e472ebd7574ea2aed9a0c1a0e270f190afaf6798
session_20260710_131254,550,HOOK_INSTRUCTION,assets/replay/sessions/session_20260710_131254/frames/000550.jpg,crops/session_20260710_131254/000550.png,940,36,1620,100,ad48615899d9bc85ab28117f3efbca403c583b031af1009fc5e158256ecfe631
session_20260710_131254,551,HOOK_INSTRUCTION,assets/replay/sessions/session_20260710_131254/frames/000551.jpg,crops/session_20260710_131254/000551.png,940,36,1620,100,39a841c4e6cf6ace73b7cd244a0a9f7746e46e6c4b92bf8b3c27631e55621ca5
session_20260710_131254,552,HOOK_INSTRUCTION,assets/replay/sessions/session_20260710_131254/frames/000552.jpg,crops/session_20260710_131254/000552.png,940,36,1620,100,7728ea63fd2284c30bd72a18c87fbe586d9ff6aaa22b845df2ce700b80675724
session_20260710_131254,553,HOOK_INSTRUCTION,assets/replay/sessions/session_20260710_131254/frames/000553.jpg,crops/session_20260710_131254/000553.png,940,36,1620,100,d86d607ae8987e263a9b99e6e0e6f4ce963116d71437b57591a1ec17c42c3fb3
session_20260710_131254,554,PRESS_INSTRUCTION,assets/replay/sessions/session_20260710_131254/frames/000554.jpg,crops/session_20260710_131254/000554.png,940,36,1620,100,3cac577359dc4ba9e9a1bffae61cc21083afd43d7cb0b4ab3bbb8faf639a2433
session_20260710_131254,555,PRESS_INSTRUCTION,assets/replay/sessions/session_20260710_131254/frames/000555.jpg,crops/session_20260710_131254/000555.png,940,36,1620,100,34795c776885f4181edd017bc194ef326325e2940019d93d55f357da699da65c
session_20260710_131254,556,PRESS_INSTRUCTION,assets/replay/sessions/session_20260710_131254/frames/000556.jpg,crops/session_20260710_131254/000556.png,940,36,1620,100,8dcdfcac2f39d5512f3bc80d1126c4aae8779365b90b3cf3b8e5f6fbb9396d05
session_20260710_131254,557,PRESS_INSTRUCTION,assets/replay/sessions/session_20260710_131254/frames/000557.jpg,crops/session_20260710_131254/000557.png,940,36,1620,100,3e9de07145c9792a6184814d47ef1634c2c80beabf9888378a8d3d9404dd6c84
session_20260710_131254,558,PRESS_INSTRUCTION,assets/replay/sessions/session_20260710_131254/frames/000558.jpg,crops/session_20260710_131254/000558.png,940,36,1620,100,91b7e30afb0e8fa690b4ed649f2277976aa5e32d0f395d77727fa37f05979077
session_20260710_131254,559,PRESS_INSTRUCTION,assets/replay/sessions/session_20260710_131254/frames/000559.jpg,crops/session_20260710_131254/000559.png,940,36,1620,100,cc60e35e206727b9701b42b892e84af0c00fe4a057ed3ca893f8935a365742a5
session_20260710_131254,560,PRESS_INSTRUCTION,assets/replay/sessions/session_20260710_131254/frames/000560.jpg,crops/session_20260710_131254/000560.png,940,36,1620,100,2c09026061a0dc78fd753787545f154854b4f95652288daafed57921ced8c4d3
session_20260710_131254,561,PRESS_INSTRUCTION,assets/replay/sessions/session_20260710_131254/frames/000561.jpg,crops/session_20260710_131254/000561.png,940,36,1620,100,09781d0d8edbf7219d6bc69ad3ce64045cde206d7151fe23036aa82e2573d62c
session_20260710_131254,562,PRESS_INSTRUCTION,assets/replay/sessions/session_20260710_131254/frames/000562.jpg,crops/session_20260710_131254/000562.png,940,36,1620,100,efbc3c16dbe47adc7f566012e7c57dbbc470d00b904056e564da5fb24811a445
session_20260710_131254,563,PRESS_INSTRUCTION,assets/replay/sessions/session_20260710_131254/frames/000563.jpg,crops/session_20260710_131254/000563.png,940,36,1620,100,8ff9ae12abed819bb1ba34fe1bfc92db2d499d61df5784e6517d059ba6afb212
session_20260710_131254,564,PRESS_INSTRUCTION,assets/replay/sessions/session_20260710_131254/frames/000564.jpg,crops/session_20260710_131254/000564.png,940,36,1620,100,189de0ad40acd71763d61a1612bec0acd735ab850596feec3b356c3b45319f30
session_20260710_131254,565,PRESS_INSTRUCTION,assets/replay/sessions/session_20260710_131254/frames/000565.jpg,crops/session_20260710_131254/000565.png,940,36,1620,100,4108ced9f53668c952dc18d671e348ebf2786c04aaaa571b9b0865691e028e0f
session_20260710_131254,566,PRESS_INSTRUCTION,assets/replay/sessions/session_20260710_131254/frames/000566.jpg,crops/session_20260710_131254/000566.png,940,36,1620,100,9e2dc5411371da45a3e110622ac0a328f47ff6945e7e4be55dc940f2c69d67fb
session_20260710_131254,567,PRESS_INSTRUCTION,assets/replay/sessions/session_20260710_131254/frames/000567.jpg,crops/session_20260710_131254/000567.png,940,36,1620,100,b123a4ba4278bbca050478e470bb5b528e1e72371f47484ee4e059c79ccb3ff6
session_20260710_131254,568,PRESS_INSTRUCTION,assets/replay/sessions/session_20260710_131254/frames/000568.jpg,crops/session_20260710_131254/000568.png,940,36,1620,100,d31fdb03980e1778a95c63810429046e0a3a06295da10cb15c61f993df9d756c
session_20260710_131254,569,PRESS_INSTRUCTION,assets/replay/sessions/session_20260710_131254/frames/000569.jpg,crops/session_20260710_131254/000569.png,940,36,1620,100,5b2563eed2767bfdcf679a03c492da4a86136da1b61d4f36cb6d2811ecb344fa
session_20260710_131254,570,PRESS_INSTRUCTION,assets/replay/sessions/session_20260710_131254/frames/000570.jpg,crops/session_20260710_131254/000570.png,940,36,1620,100,cfd3691077f674cbac39c459c5a6b7553a0f3f1dad8d711b191c65793d84a2a1
session_20260710_131254,571,PRESS_INSTRUCTION,assets/replay/sessions/session_20260710_131254/frames/000571.jpg,crops/session_20260710_131254/000571.png,940,36,1620,100,5ed27c1b6decee9a1fb8361e8bb9d35296d5cd0a5c974054e4cca51bdce7465a
session_20260710_131254,572,PRESS_INSTRUCTION,assets/replay/sessions/session_20260710_131254/frames/000572.jpg,crops/session_20260710_131254/000572.png,940,36,1620,100,94873d847b5846d71817c3411c627cba59e0b8d4ad0141b55113994a34579fa6
session_20260710_131254,573,PRESS_INSTRUCTION,assets/replay/sessions/session_20260710_131254/frames/000573.jpg,crops/session_20260710_131254/000573.png,940,36,1620,100,9abfff87e4f83232d399e6d6c779ff4adedb4d925d6722463c93aedeea25c60d
session_20260710_131254,574,PRESS_INSTRUCTION,assets/replay/sessions/session_20260710_131254/frames/000574.jpg,crops/session_20260710_131254/000574.png,940,36,1620,100,843d3b4431a1162a94321dc24c8eeedaa3997d413d7401e1748d30e0d5e6f070
session_20260710_131254,575,PRESS_INSTRUCTION,assets/replay/sessions/session_20260710_131254/frames/000575.jpg,crops/session_20260710_131254/000575.png,940,36,1620,100,a21799b8fb6589ec651400233c1f29b38ddac911999b83bcca80d0ee9b60173f
session_20260710_131254,576,PRESS_INSTRUCTION,assets/replay/sessions/session_20260710_131254/frames/000576.jpg,crops/session_20260710_131254/000576.png,940,36,1620,100,6c4a607bbf3aff96aeebf5a30985f42b81a6a8fd412d47898a746d504cdafe89
session_20260710_131254,577,IGNORE,assets/replay/sessions/session_20260710_131254/frames/000577.jpg,crops/session_20260710_131254/000577.png,940,36,1620,100,bea28db93aa55e0b933808ea12d1448c45c1c4e40ee942c4fccfc8ca358d0259
session_20260710_131254,578,IGNORE,assets/replay/sessions/session_20260710_131254/frames/000578.jpg,crops/session_20260710_131254/000578.png,940,36,1620,100,5e79b0d1e581b168665521e5f7ae497127dfbd09e9716cba9663285b64fa414f
session_20260710_131254,579,IGNORE,assets/replay/sessions/session_20260710_131254/frames/000579.jpg,crops/session_20260710_131254/000579.png,940,36,1620,100,86920d4e84aef9e96c3b67db2368cf4f46108f7e7cffc707a4ee1062f455b878
session_20260710_131254,580,IGNORE,assets/replay/sessions/session_20260710_131254/frames/000580.jpg,crops/session_20260710_131254/000580.png,940,36,1620,100,0416299eda1cf5164014689f39f1367813b3c387af3c4a1882ff0abd9013dcfa
session_20260710_131254,581,IGNORE,assets/replay/sessions/session_20260710_131254/frames/000581.jpg,crops/session_20260710_131254/000581.png,940,36,1620,100,b077556fdbd61cc6b3ee428254ae937281c946296837050f8c441bbcde4b12b4
session_20260710_131254,582,IGNORE,assets/replay/sessions/session_20260710_131254/frames/000582.jpg,crops/session_20260710_131254/000582.png,940,36,1620,100,0884c5425329fd1497b66afc094d97839c12a851ae81fd0e70f00b6be4d531c9
session_20260710_131254,583,IGNORE,assets/replay/sessions/session_20260710_131254/frames/000583.jpg,crops/session_20260710_131254/000583.png,940,36,1620,100,baf66c10fc5669c1760ff2082ad6bf4c21756af399c795be73d2b59aee44e7d5
session_20260710_131254,584,IGNORE,assets/replay/sessions/session_20260710_131254/frames/000584.jpg,crops/session_20260710_131254/000584.png,940,36,1620,100,f10e74d6e329d401ac922354f8d207d3d4712abff747d42a6a87d5ed2a6ec0be
session_20260710_131254,585,IGNORE,assets/replay/sessions/session_20260710_131254/frames/000585.jpg,crops/session_20260710_131254/000585.png,940,36,1620,100,973c67595017f7cb2849bfc844791f30e4754bb3ef7e7fca4ab47a5287a93719
session_20260710_131254,586,IGNORE,assets/replay/sessions/session_20260710_131254/frames/000586.jpg,crops/session_20260710_131254/000586.png,940,36,1620,100,b136ca37c44c06f301cf5b1d29e6b962079e60165dcb597e55785f71a1f0f9bc
session_20260710_131254,587,IGNORE,assets/replay/sessions/session_20260710_131254/frames/000587.jpg,crops/session_20260710_131254/000587.png,940,36,1620,100,7cb9e3c97a3574e6b6a13f6f6712fc9f1259dfd056c90d580940e29eb160f384
session_20260710_131254,588,IGNORE,assets/replay/sessions/session_20260710_131254/frames/000588.jpg,crops/session_20260710_131254/000588.png,940,36,1620,100,d2d91fa7dab6ec6ad6c9ca0acc1d7d0ae19729dccd0f51eb4466852db29cb631
session_20260710_131254,589,IGNORE,assets/replay/sessions/session_20260710_131254/frames/000589.jpg,crops/session_20260710_131254/000589.png,940,36,1620,100,4d52de5b00ef9b4dca93c6b9938e96266a65c2559443c941f10d096bafccdf2c
session_20260710_131254,590,IGNORE,assets/replay/sessions/session_20260710_131254/frames/000590.jpg,crops/session_20260710_131254/000590.png,940,36,1620,100,b00b613af065517708ccc961af9e31e97918fa37a18ce9b6782f844a72356738
session_20260710_131254,591,IGNORE,assets/replay/sessions/session_20260710_131254/frames/000591.jpg,crops/session_20260710_131254/000591.png,940,36,1620,100,f6b9a3f3f1b52e50d5d4ad066fd5925a3460a9fe57357bbf7567d22423f36919
session_20260710_131254,592,IGNORE,assets/replay/sessions/session_20260710_131254/frames/000592.jpg,crops/session_20260710_131254/000592.png,940,36,1620,100,2639bf7c787246a628d04ceae4554fce60e9be06d7b33060be30fe22c084e130
session_20260710_131254,593,IDLE_CAST,assets/replay/sessions/session_20260710_131254/frames/000593.jpg,crops/session_20260710_131254/000593.png,940,36,1620,100,ce40f6df4aeed38732ed4bf8b2c2c2deb2626caf3bffb651d99f4fff8e58691d
session_20260710_131254,594,IDLE_CAST,assets/replay/sessions/session_20260710_131254/frames/000594.jpg,crops/session_20260710_131254/000594.png,940,36,1620,100,bc09015966b1d53bee5dca1a3938258eda936d80ce325b533e81ed2db09e8545
session_20260710_131254,595,IDLE_CAST,assets/replay/sessions/session_20260710_131254/frames/000595.jpg,crops/session_20260710_131254/000595.png,940,36,1620,100,c3acb758566aa9b13898397e964d8b622cbb951a2cdca3bcb7b50e8379436f23
session_20260710_131254,596,IDLE_CAST,assets/replay/sessions/session_20260710_131254/frames/000596.jpg,crops/session_20260710_131254/000596.png,940,36,1620,100,bae772af8418a3a8ab9b2ae1a9d66e2f8d2050287a6141cff85687a968369005
session_20260710_131254,597,IDLE_CAST,assets/replay/sessions/session_20260710_131254/frames/000597.jpg,crops/session_20260710_131254/000597.png,940,36,1620,100,d76f52896abdee35e992809f1017c61744ae8b14b48f470c55b2316b2ff26484
session_20260710_131254,598,IDLE_CAST,assets/replay/sessions/session_20260710_131254/frames/000598.jpg,crops/session_20260710_131254/000598.png,940,36,1620,100,7a9e88bb646c0ee039dcdc1b9994fe8900c0f46d5afe76d0f5767463fc6e6fc3
session_20260710_131254,599,IDLE_CAST,assets/replay/sessions/session_20260710_131254/frames/000599.jpg,crops/session_20260710_131254/000599.png,940,36,1620,100,3569c2f0c8b0fa1ba9971066f81eeda9de673dd664a189dd4af00b8f2b6d691f
session_20260710_131254,600,IDLE_CAST,assets/replay/sessions/session_20260710_131254/frames/000600.jpg,crops/session_20260710_131254/000600.png,940,36,1620,100,bce24cffcf591adbc813082a8eb03a70d8a3c90551b81823f9a32bdd861eeaeb
